name	unique reads 32151484_EXO_S11 32151484_EXO_S11	32151484_EXO_S11	32151484_EXO_S11 (mult. map. adj.)	32151484_EXO_S1132151484_EXO_S11(lib)	32151484_EXO_S1132151484_EXO_S11(total)	coordinateString 32151484_EXO_S11 32151484_EXO_S11	32151484_EXO_S11 (lib)	32151484_EXO_S11 (total)
URS00000A5ABE_9606:rRNA:Homo_sapiens	122.0	6629.0	441.9333333333331	247406.13570202285	778.1073527564768	21:hsa;URS00000A5ABE_9606:rRNA:Homo_sapiens,8216738,8216797,+	16493.74238013485	51.87382351709842
URS0000086682_9606:rRNA:Homo_sapiens	122.0	6629.0	441.9333333333331	247406.13570202285	778.1073527564768	21:hsa;URS0000086682_9606:rRNA:Homo_sapiens,8444007,8444066,+	16493.74238013485	51.87382351709842
URS000008D842_9606:rRNA:Homo_sapiens	122.0	6629.0	441.9333333333331	247406.13570202285	778.1073527564768	21:hsa;URS000008D842_9606:rRNA:Homo_sapiens,8399772,8399831,+	16493.74238013485	51.87382351709842
URS00000A5ABE_9606:rRNA:Homo_sapiens	122.0	6629.0	441.9333333333331	247406.13570202285	778.1073527564768	21:hsa;URS00000A5ABE_9606:rRNA:Homo_sapiens,8399772,8399831,+	16493.74238013485	51.87382351709842
URS000008D842_9606:rRNA:Homo_sapiens	122.0	6629.0	441.9333333333331	247406.13570202285	778.1073527564768	21:hsa;URS000008D842_9606:rRNA:Homo_sapiens,8216738,8216797,+	16493.74238013485	51.87382351709842
URS000008D842_9606:rRNA:Homo_sapiens	122.0	6629.0	441.9333333333331	247406.13570202285	778.1073527564768	21:hsa;URS000008D842_9606:rRNA:Homo_sapiens,8444007,8444066,+	16493.74238013485	51.87382351709842
URS000005D9C4_9606:rRNA:Homo_sapiens	122.0	6629.0	441.9333333333331	247406.13570202285	778.1073527564768	21:hsa;URS000005D9C4_9606:rRNA:Homo_sapiens,8444007,8444066,+	16493.74238013485	51.87382351709842
URS000003B35A_9606:rRNA:Homo_sapiens	122.0	6629.0	441.9333333333331	247406.13570202285	778.1073527564768	21:hsa;URS000003B35A_9606:rRNA:Homo_sapiens,8399772,8399831,+	16493.74238013485	51.87382351709842
URS000005D9C4_9606:rRNA:Homo_sapiens	122.0	6629.0	441.9333333333331	247406.13570202285	778.1073527564768	21:hsa;URS000005D9C4_9606:rRNA:Homo_sapiens,8399772,8399831,+	16493.74238013485	51.87382351709842
URS000003B35A_9606:rRNA:Homo_sapiens	122.0	6629.0	441.9333333333331	247406.13570202285	778.1073527564768	21:hsa;URS000003B35A_9606:rRNA:Homo_sapiens,8444007,8444066,+	16493.74238013485	51.87382351709842
URS00000A5ABE_9606:rRNA:Homo_sapiens	122.0	6629.0	441.9333333333331	247406.13570202285	778.1073527564768	21:hsa;URS00000A5ABE_9606:rRNA:Homo_sapiens,8444007,8444066,+	16493.74238013485	51.87382351709842
URS000003B35A_9606:rRNA:Homo_sapiens	122.0	6629.0	441.9333333333331	247406.13570202285	778.1073527564768	21:hsa;URS000003B35A_9606:rRNA:Homo_sapiens,8216738,8216797,+	16493.74238013485	51.87382351709842
URS0000086682_9606:rRNA:Homo_sapiens	122.0	6629.0	441.9333333333331	247406.13570202285	778.1073527564768	21:hsa;URS0000086682_9606:rRNA:Homo_sapiens,8399772,8399831,+	16493.74238013485	51.87382351709842
URS0000086682_9606:rRNA:Homo_sapiens	122.0	6629.0	441.9333333333331	247406.13570202285	778.1073527564768	21:hsa;URS0000086682_9606:rRNA:Homo_sapiens,8216738,8216797,+	16493.74238013485	51.87382351709842
URS000005D9C4_9606:rRNA:Homo_sapiens	122.0	6629.0	441.9333333333331	247406.13570202285	778.1073527564768	21:hsa;URS000005D9C4_9606:rRNA:Homo_sapiens,8216738,8216797,+	16493.74238013485	51.87382351709842
URS0000007D24_9606:otherRNA:Homo_sapiens	49.0	3810.0	3810.0	142196.01403299248	447.21511751428216	7:hsa;URS0000007D24_9606:otherRNA:Homo_sapiens,148963315,148963374,+	142196.01403299248	447.21511751428216
URS00000173B3_9606_piR-34440:piRNA:Homo_sapiens	33.0	3200.0	457.1428571428575	119429.72307232964	375.6137469936228	17:hsa;URS00000173B3_9606_piR-34440:piRNA:Homo_sapiens,8186866,8186896,+	17061.38901033282	53.659106713374726
URS00000173B3_9606_piR-34440:piRNA:Homo_sapiens	33.0	3200.0	457.1428571428575	119429.72307232964	375.6137469936228	6:hsa;URS00000173B3_9606_piR-34440:piRNA:Homo_sapiens,27097306,27097336,+	17061.38901033282	53.659106713374726
URS00000173B3_9606_piR-34440:piRNA:Homo_sapiens	33.0	3200.0	457.1428571428575	119429.72307232964	375.6137469936228	15:hsa;URS00000173B3_9606_piR-34440:piRNA:Homo_sapiens,40593876,40593906,-	17061.38901033282	53.659106713374726
URS00000173B3_9606_piR-34440:piRNA:Homo_sapiens	33.0	3200.0	457.1428571428575	119429.72307232964	375.6137469936228	6:hsa;URS00000173B3_9606_piR-34440:piRNA:Homo_sapiens,28213037,28213067,+	17061.38901033282	53.659106713374726
URS00000173B3_9606_piR-34440:piRNA:Homo_sapiens	33.0	3200.0	457.1428571428575	119429.72307232964	375.6137469936228	6:hsa;URS00000173B3_9606_piR-34440:piRNA:Homo_sapiens,27297996,27298026,+	17061.38901033282	53.659106713374726
URS00000173B3_9606_piR-34440:piRNA:Homo_sapiens	33.0	3200.0	457.1428571428575	119429.72307232964	375.6137469936228	11:hsa;URS00000173B3_9606_piR-34440:piRNA:Homo_sapiens,66348120,66348150,+	17061.38901033282	53.659106713374726
URS00000173B3_9606_piR-34440:piRNA:Homo_sapiens	33.0	3200.0	457.1428571428575	119429.72307232964	375.6137469936228	6:hsa;URS00000173B3_9606_piR-34440:piRNA:Homo_sapiens,28597391,28597421,-	17061.38901033282	53.659106713374726
URS00000AED6F_9606_tRNA-Gly (anticodon TCC) 1-1:tRNA:Homo_sapiens	33.0	3046.0	3046.0	113682.16764947378	357.5373354195547	19:hsa;URS00000AED6F_9606_tRNA-Gly (anticodon TCC) 1-1:tRNA:Homo_sapiens,4724070,4724129,+	113682.16764947378	357.5373354195547
URS000004D273_9606_tRNA-Glu:tRNA:Homo_sapiens	49.0	2388.0	298.5	89124.43084272598	280.301758693991	1:hsa;URS000004D273_9606_tRNA-Glu:tRNA:Homo_sapiens,161469411,161469470,-	11140.553855340748	35.03771983674888
URS000004D273_9606_tRNA-Glu:tRNA:Homo_sapiens	49.0	2388.0	298.5	89124.43084272598	280.301758693991	1:hsa;URS000004D273_9606_tRNA-Glu:tRNA:Homo_sapiens,248874248,248874307,+	11140.553855340748	35.03771983674888
URS000004D273_9606_tRNA-Glu:tRNA:Homo_sapiens	49.0	2388.0	298.5	89124.43084272598	280.301758693991	6:hsa;URS000004D273_9606_tRNA-Glu:tRNA:Homo_sapiens,28982199,28982258,+	11140.553855340748	35.03771983674888
URS000004D273_9606_tRNA-Glu:tRNA:Homo_sapiens	49.0	2388.0	298.5	89124.43084272598	280.301758693991	1:hsa;URS000004D273_9606_tRNA-Glu:tRNA:Homo_sapiens,161447240,161447299,-	11140.553855340748	35.03771983674888
URS000004D273_9606_tRNA-Glu:tRNA:Homo_sapiens	49.0	2388.0	298.5	89124.43084272598	280.301758693991	1:hsa;URS000004D273_9606_tRNA-Glu:tRNA:Homo_sapiens,146035692,146035751,+	11140.553855340748	35.03771983674888
URS000004D273_9606_tRNA-Glu:tRNA:Homo_sapiens	49.0	2388.0	298.5	89124.43084272598	280.301758693991	6:hsa;URS000004D273_9606_tRNA-Glu:tRNA:Homo_sapiens,125780259,125780318,-	11140.553855340748	35.03771983674888
URS000004D273_9606_tRNA-Glu:tRNA:Homo_sapiens	49.0	2388.0	298.5	89124.43084272598	280.301758693991	1:hsa;URS000004D273_9606_tRNA-Glu:tRNA:Homo_sapiens,161462031,161462090,-	11140.553855340748	35.03771983674888
URS000004D273_9606_tRNA-Glu:tRNA:Homo_sapiens	49.0	2388.0	298.5	89124.43084272598	280.301758693991	1:hsa;URS000004D273_9606_tRNA-Glu:tRNA:Homo_sapiens,161454620,161454679,-	11140.553855340748	35.03771983674888
URS0000033B5D_9606_piR-36063:piRNA:Homo_sapiens	46.0	2014.0	335.6666666666667	75166.08195864747	236.40190201411136	21:hsa;URS0000033B5D_9606_piR-36063:piRNA:Homo_sapiens,8217622,8217651,+	12527.680326441245	39.40031700235189
URS0000033B5D_9606_piR-36063:piRNA:Homo_sapiens	46.0	2014.0	335.6666666666667	75166.08195864747	236.40190201411136	7:hsa;URS0000033B5D_9606_piR-36063:piRNA:Homo_sapiens,69062491,69062520,+	12527.680326441245	39.40031700235189
URS0000033B5D_9606_piR-36063:piRNA:Homo_sapiens	46.0	2014.0	335.6666666666667	75166.08195864747	236.40190201411136	11:hsa;URS0000033B5D_9606_piR-36063:piRNA:Homo_sapiens,77886522,77886551,+	12527.680326441245	39.40031700235189
URS0000033B5D_9606_piR-36063:piRNA:Homo_sapiens	46.0	2014.0	335.6666666666667	75166.08195864747	236.40190201411136	21:hsa;URS0000033B5D_9606_piR-36063:piRNA:Homo_sapiens,8444892,8444921,+	12527.680326441245	39.40031700235189
URS0000033B5D_9606_piR-36063:piRNA:Homo_sapiens	46.0	2014.0	335.6666666666667	75166.08195864747	236.40190201411136	21:hsa;URS0000033B5D_9606_piR-36063:piRNA:Homo_sapiens,8400660,8400689,+	12527.680326441245	39.40031700235189
URS0000033B5D_9606_piR-36063:piRNA:Homo_sapiens	46.0	2014.0	335.6666666666667	75166.08195864747	236.40190201411136	1:hsa;URS0000033B5D_9606_piR-36063:piRNA:Homo_sapiens,237603101,237603130,+	12527.680326441245	39.40031700235189
URS000009AC8B_9606_tRNA-Gly (anticodon GCC) 3-1:tRNA:Homo_sapiens	23.0	1375.0	166.11111111111114	51317.45913264164	161.39653191132228	16:hsa;URS000009AC8B_9606_tRNA-Gly (anticodon GCC) 3-1:tRNA:Homo_sapiens,70778222,70778281,-	6199.563749761557	19.49800526928702
URS0000009A89_9606_piR-34358:piRNA:Homo_sapiens	23.0	1363.0	151.53968253968256	50869.597671120406	159.9879803600962	16:hsa;URS0000009A89_9606_piR-34358:piRNA:Homo_sapiens,70789506,70789533,+	5655.731975057198	17.787621242798203
URS0000009A89_9606_piR-34358:piRNA:Homo_sapiens	23.0	1363.0	151.53968253968256	50869.597671120406	159.9879803600962	X:hsa;URS0000009A89_9606_piR-34358:piRNA:Homo_sapiens,65017960,65017987,-	5655.731975057198	17.787621242798203
URS0000009A89_9606_piR-34358:piRNA:Homo_sapiens	23.0	1363.0	151.53968253968256	50869.597671120406	159.9879803600962	6:hsa;URS0000009A89_9606_piR-34358:piRNA:Homo_sapiens,27902952,27902979,-	5655.731975057198	17.787621242798203
URS0000009A89_9606_piR-34358:piRNA:Homo_sapiens	23.0	1363.0	151.53968253968256	50869.597671120406	159.9879803600962	1:hsa;URS0000009A89_9606_piR-34358:piRNA:Homo_sapiens,16861920,16861947,+	5655.731975057198	17.787621242798203
URS0000009A89_9606_piR-34358:piRNA:Homo_sapiens	23.0	1363.0	151.53968253968256	50869.597671120406	159.9879803600962	3:hsa;URS0000009A89_9606_piR-34358:piRNA:Homo_sapiens,15507991,15508018,+	5655.731975057198	17.787621242798203
URS0000009A89_9606_piR-34358:piRNA:Homo_sapiens	23.0	1363.0	151.53968253968256	50869.597671120406	159.9879803600962	1:hsa;URS0000009A89_9606_piR-34358:piRNA:Homo_sapiens,229537856,229537883,+	5655.731975057198	17.787621242798203
URS0000009A89_9606_piR-34358:piRNA:Homo_sapiens	23.0	1363.0	151.53968253968256	50869.597671120406	159.9879803600962	1:hsa;URS0000009A89_9606_piR-34358:piRNA:Homo_sapiens,16545983,16546010,-	5655.731975057198	17.787621242798203
URS00000792D8_9606_piR-35284:piRNA:Homo_sapiens	22.0	1360.0	151.11111111111114	50757.632305740095	159.63584247228968	1:hsa;URS00000792D8_9606_piR-35284:piRNA:Homo_sapiens,229537857,229537886,+	5639.736922860012	17.737315830254413
URS000005AEAB_9606_tRNA-Leu (anticodon TAG) 3-1:tRNA:Homo_sapiens	20.0	854.0	854.0	31872.80734492797	100.24191872892308	16:hsa;URS000005AEAB_9606_tRNA-Leu (anticodon TAG) 3-1:tRNA:Homo_sapiens,22195733,22195792,-	31872.80734492797	100.24191872892308
URS00000C18F2_9606_tRNA-Pro (anticodon CGG) 1-1:tRNA:Homo_sapiens	12.0	570.0	55.21212121212122	21273.419422258718	66.90619868323905	17:hsa;URS00000C18F2_9606_tRNA-Pro (anticodon CGG) 1-1:tRNA:Homo_sapiens,8222845,8222904,-	2060.615108312354	6.480759914984667
URS00000C18F2_9606_tRNA-Pro (anticodon CGG) 1-1:tRNA:Homo_sapiens	12.0	570.0	55.21212121212122	21273.419422258718	66.90619868323905	16:hsa;URS00000C18F2_9606_tRNA-Pro (anticodon CGG) 1-1:tRNA:Homo_sapiens,3172048,3172107,+	2060.615108312354	6.480759914984667
URS00000C18F2_9606_tRNA-Pro (anticodon CGG) 1-1:tRNA:Homo_sapiens	12.0	570.0	55.21212121212122	21273.419422258718	66.90619868323905	1:hsa;URS00000C18F2_9606_tRNA-Pro (anticodon CGG) 1-1:tRNA:Homo_sapiens,167714725,167714784,+	2060.615108312354	6.480759914984667
URS0000009B16_9606_tRNA-Pro:tRNA:Homo_sapiens	11.0	556.0	50.545454545454554	20750.914383817275	65.26288854014196	6:hsa;URS0000009B16_9606_tRNA-Pro:tRNA:Homo_sapiens,26555272,26555331,+	1886.446762165207	5.932989867285634
URS0000009B16_9606_tRNA-Pro:tRNA:Homo_sapiens	11.0	556.0	50.545454545454554	20750.914383817275	65.26288854014196	1:hsa;URS0000009B16_9606_tRNA-Pro:tRNA:Homo_sapiens,167715498,167715557,-	1886.446762165207	5.932989867285634
URS0000009B16_9606_tRNA-Pro:tRNA:Homo_sapiens	11.0	556.0	50.545454545454554	20750.914383817275	65.26288854014196	7:hsa;URS0000009B16_9606_tRNA-Pro:tRNA:Homo_sapiens,128783452,128783511,+	1886.446762165207	5.932989867285634
URS0000009B16_9606_tRNA-Pro:tRNA:Homo_sapiens	11.0	556.0	50.545454545454554	20750.914383817275	65.26288854014196	14:hsa;URS0000009B16_9606_tRNA-Pro:tRNA:Homo_sapiens,20609346,20609405,-	1886.446762165207	5.932989867285634
URS0000009B16_9606_tRNA-Pro:tRNA:Homo_sapiens	11.0	556.0	50.545454545454554	20750.914383817275	65.26288854014196	16:hsa;URS0000009B16_9606_tRNA-Pro:tRNA:Homo_sapiens,3189636,3189695,+	1886.446762165207	5.932989867285634
URS0000009B16_9606_tRNA-Pro:tRNA:Homo_sapiens	11.0	556.0	50.545454545454554	20750.914383817275	65.26288854014196	11:hsa;URS0000009B16_9606_tRNA-Pro:tRNA:Homo_sapiens,76235515,76235574,+	1886.446762165207	5.932989867285634
URS0000009B16_9606_tRNA-Pro:tRNA:Homo_sapiens	11.0	556.0	50.545454545454554	20750.914383817275	65.26288854014196	16:hsa;URS0000009B16_9606_tRNA-Pro:tRNA:Homo_sapiens,3182645,3182704,-	1886.446762165207	5.932989867285634
URS0000009B16_9606_tRNA-Pro:tRNA:Homo_sapiens	11.0	556.0	50.545454545454554	20750.914383817275	65.26288854014196	14:hsa;URS0000009B16_9606_tRNA-Pro:tRNA:Homo_sapiens,20613411,20613470,-	1886.446762165207	5.932989867285634
URS0000092302_9606_tRNA-Ser (anticodon TGA) 1-1:tRNA:Homo_sapiens	13.0	501.0	501.0	18698.216018511608	58.80702726368907	10:hsa;URS0000092302_9606_tRNA-Ser (anticodon TGA) 1-1:tRNA:Homo_sapiens,67764503,67764562,+	18698.216018511608	58.80702726368907
URS00000C0E02_9606_piR-36511:piRNA:Homo_sapiens	7.0	495.0	99.00000000000001	18474.28528775099	58.102751488076024	21:hsa;URS00000C0E02_9606_piR-36511:piRNA:Homo_sapiens,8258388,8258415,+	3694.8570575501985	11.620550297615207
URS00000C0E02_9606_piR-36511:piRNA:Homo_sapiens	7.0	495.0	99.00000000000001	18474.28528775099	58.102751488076024	11:hsa;URS00000C0E02_9606_piR-36511:piRNA:Homo_sapiens,85483985,85484012,+	3694.8570575501985	11.620550297615207
URS00000C0E02_9606_piR-36511:piRNA:Homo_sapiens	7.0	495.0	99.00000000000001	18474.28528775099	58.102751488076024	21:hsa;URS00000C0E02_9606_piR-36511:piRNA:Homo_sapiens,8214167,8214194,+	3694.8570575501985	11.620550297615207
URS00000C0E02_9606_piR-36511:piRNA:Homo_sapiens	7.0	495.0	99.00000000000001	18474.28528775099	58.102751488076024	21:hsa;URS00000C0E02_9606_piR-36511:piRNA:Homo_sapiens,8441425,8441452,+	3694.8570575501985	11.620550297615207
URS00000C0E02_9606_piR-36511:piRNA:Homo_sapiens	7.0	495.0	99.00000000000001	18474.28528775099	58.102751488076024	21:hsa;URS00000C0E02_9606_piR-36511:piRNA:Homo_sapiens,8397205,8397232,+	3694.8570575501985	11.620550297615207
URS000001AABB_9606_piR-35463:piRNA:Homo_sapiens	1.0	337.0	84.25	12577.442711054715	39.5568227302659	11:hsa;URS000001AABB_9606_piR-35463:piRNA:Homo_sapiens,122559947,122559977,+	3144.3606777636787	9.889205682566475
URS000001AABB_9606_piR-35463:piRNA:Homo_sapiens	1.0	337.0	84.25	12577.442711054715	39.5568227302659	16:hsa;URS000001AABB_9606_piR-35463:piRNA:Homo_sapiens,73478359,73478389,-	3144.3606777636787	9.889205682566475
URS00000C8761_9606_piR-35462:piRNA:Homo_sapiens	1.0	337.0	84.25	12577.442711054715	39.5568227302659	16:hsa;URS00000C8761_9606_piR-35462:piRNA:Homo_sapiens,73478361,73478389,-	3144.3606777636787	9.889205682566475
URS00000C8761_9606_piR-35462:piRNA:Homo_sapiens	1.0	337.0	84.25	12577.442711054715	39.5568227302659	11:hsa;URS00000C8761_9606_piR-35462:piRNA:Homo_sapiens,122559947,122559975,+	3144.3606777636787	9.889205682566475
URS00000706BA_9606_piR-hsa-4104178:piRNA:Homo_sapiens	5.0	290.0	96.66666666666666	10823.318653429873	34.03999582129707	2:hsa;URS00000706BA_9606_piR-hsa-4104178:piRNA:Homo_sapiens,132254347,132254373,-	3607.772884476624	11.346665273765687
URS00000706BA_9606_piR-hsa-4104178:piRNA:Homo_sapiens	5.0	290.0	96.66666666666666	10823.318653429873	34.03999582129707	22:hsa;URS00000706BA_9606_piR-hsa-4104178:piRNA:Homo_sapiens,11251000,11251026,-	3607.772884476624	11.346665273765687
URS00000706BA_9606_piR-hsa-4104178:piRNA:Homo_sapiens	5.0	290.0	96.66666666666666	10823.318653429873	34.03999582129707	14:hsa;URS00000706BA_9606_piR-hsa-4104178:piRNA:Homo_sapiens,16056405,16056431,+	3607.772884476624	11.346665273765687
URS000001545A_9606_piR-31368:piRNA:Homo_sapiens	6.0	266.0	266.0	9927.5957303874	31.222892718844896	14:hsa;URS000001545A_9606_piR-31368:piRNA:Homo_sapiens,20633005,20633034,+	9927.5957303874	31.222892718844896
URS0000005270_9606:rRNA:Homo_sapiens	9.0	242.0	60.5	9031.87280734493	28.405789616392724	21:hsa;URS0000005270_9606:rRNA:Homo_sapiens,8395606,8395665,+	2257.9682018362323	7.101447404098181
URS0000005270_9606:rRNA:Homo_sapiens	9.0	242.0	60.5	9031.87280734493	28.405789616392724	21:hsa;URS0000005270_9606:rRNA:Homo_sapiens,8256780,8256839,+	2257.9682018362323	7.101447404098181
URS0000005270_9606:rRNA:Homo_sapiens	9.0	242.0	60.5	9031.87280734493	28.405789616392724	21:hsa;URS0000005270_9606:rRNA:Homo_sapiens,8212571,8212630,+	2257.9682018362323	7.101447404098181
URS0000005270_9606:rRNA:Homo_sapiens	9.0	242.0	60.5	9031.87280734493	28.405789616392724	21:hsa;URS0000005270_9606:rRNA:Homo_sapiens,8439822,8439881,+	2257.9682018362323	7.101447404098181
URS0000002575_9606_piR-hsa-1169534:piRNA:Homo_sapiens	8.0	157.0	39.25	5859.520788236173	18.428549461874617	1:hsa;URS0000002575_9606_piR-hsa-1169534:piRNA:Homo_sapiens,204507078,204507104,-	1464.8801970590432	4.607137365468654
URS0000002575_9606_piR-hsa-1169534:piRNA:Homo_sapiens	8.0	157.0	39.25	5859.520788236173	18.428549461874617	11:hsa;URS0000002575_9606_piR-hsa-1169534:piRNA:Homo_sapiens,59560383,59560409,-	1464.8801970590432	4.607137365468654
URS0000002575_9606_piR-hsa-1169534:piRNA:Homo_sapiens	8.0	157.0	39.25	5859.520788236173	18.428549461874617	17:hsa;URS0000002575_9606_piR-hsa-1169534:piRNA:Homo_sapiens,8119153,8119179,+	1464.8801970590432	4.607137365468654
URS0000002575_9606_piR-hsa-1169534:piRNA:Homo_sapiens	8.0	157.0	39.25	5859.520788236173	18.428549461874617	6:hsa;URS0000002575_9606_piR-hsa-1169534:piRNA:Homo_sapiens,28951027,28951053,+	1464.8801970590432	4.607137365468654
URS000009DDCA_9606_tRNA-Val (anticodon CAC) 2-1:tRNA:Homo_sapiens	4.0	141.0	141.0	5262.372172874524	16.550480726906503	6:hsa;URS000009DDCA_9606_tRNA-Val (anticodon CAC) 2-1:tRNA:Homo_sapiens,27280283,27280342,-	5262.372172874524	16.550480726906503
URS00000A1A88_9606_tRNA-Thr (anticodon AGT) 1-2:tRNA:Homo_sapiens	6.0	119.0	39.66666666666667	4441.292826752258	13.968136216325348	17:hsa;URS00000A1A88_9606_tRNA-Thr (anticodon AGT) 1-2:tRNA:Homo_sapiens,8187160,8187219,+	1480.4309422507529	4.656045405441783
URS00000A1A88_9606_tRNA-Thr (anticodon AGT) 1-2:tRNA:Homo_sapiens	6.0	119.0	39.666666666666664	4441.292826752258	13.968136216325348	17:hsa;URS00000A1A88_9606_tRNA-Thr (anticodon AGT) 1-2:tRNA:Homo_sapiens,8226249,8226308,-	1480.4309422507527	4.656045405441782
URS00000A1A88_9606_tRNA-Thr (anticodon AGT) 1-2:tRNA:Homo_sapiens	6.0	119.0	39.66666666666667	4441.292826752258	13.968136216325348	19:hsa;URS00000A1A88_9606_tRNA-Thr (anticodon AGT) 1-2:tRNA:Homo_sapiens,33177057,33177116,+	1480.4309422507529	4.656045405441783
URS000002EC8C_9606_piR-hsa-373334:piRNA:Homo_sapiens	2.0	108.0	54.0	4030.753153691125	12.676963961034769	16:hsa;URS000002EC8C_9606_piR-hsa-373334:piRNA:Homo_sapiens,3188136,3188168,+	2015.3765768455626	6.338481980517384
URS000002EC8C_9606_piR-hsa-373334:piRNA:Homo_sapiens	2.0	108.0	54.0	4030.753153691125	12.676963961034769	16:hsa;URS000002EC8C_9606_piR-hsa-373334:piRNA:Homo_sapiens,3184130,3184162,-	2015.3765768455626	6.338481980517384
URS00000BDE9E_9606_piR-35304:piRNA:Homo_sapiens	4.0	106.0	11.777777777777777	3956.109576770919	12.442205369163755	6:hsa;URS00000BDE9E_9606_piR-35304:piRNA:Homo_sapiens,27237574,27237604,-	439.5677307523243	1.3824672632404171
URS00000BDE9E_9606_piR-35304:piRNA:Homo_sapiens	4.0	106.0	11.777777777777779	3956.109576770919	12.442205369163755	6:hsa;URS00000BDE9E_9606_piR-35304:piRNA:Homo_sapiens,26554162,26554192,+	439.5677307523244	1.3824672632404174
URS00000BDE9E_9606_piR-35304:piRNA:Homo_sapiens	4.0	106.0	11.777777777777777	3956.109576770919	12.442205369163755	6:hsa;URS00000BDE9E_9606_piR-35304:piRNA:Homo_sapiens,26720995,26721025,-	439.5677307523243	1.3824672632404171
URS00000BDE9E_9606_piR-35304:piRNA:Homo_sapiens	4.0	106.0	11.777777777777779	3956.109576770919	12.442205369163755	6:hsa;URS00000BDE9E_9606_piR-35304:piRNA:Homo_sapiens,27668623,27668653,+	439.5677307523244	1.3824672632404174
URS00000BDE9E_9606_piR-35304:piRNA:Homo_sapiens	4.0	106.0	11.777777777777777	3956.109576770919	12.442205369163755	6:hsa;URS00000BDE9E_9606_piR-35304:piRNA:Homo_sapiens,27177218,27177248,-	439.5677307523243	1.3824672632404171
URS00000BDE9E_9606_piR-35304:piRNA:Homo_sapiens	4.0	106.0	11.777777777777779	3956.109576770919	12.442205369163755	6:hsa;URS00000BDE9E_9606_piR-35304:piRNA:Homo_sapiens,57823013,57823043,+	439.5677307523244	1.3824672632404174
URS00000BDE9E_9606_piR-35304:piRNA:Homo_sapiens	4.0	106.0	11.777777777777779	3956.109576770919	12.442205369163755	14:hsa;URS00000BDE9E_9606_piR-35304:piRNA:Homo_sapiens,102317132,102317162,+	439.5677307523244	1.3824672632404174
URS00000BDE9E_9606_piR-35304:piRNA:Homo_sapiens	4.0	106.0	11.777777777777779	3956.109576770919	12.442205369163755	17:hsa;URS00000BDE9E_9606_piR-35304:piRNA:Homo_sapiens,8187633,8187663,+	439.5677307523244	1.3824672632404174
URS00000BDE9E_9606_piR-35304:piRNA:Homo_sapiens	4.0	106.0	11.777777777777779	3956.109576770919	12.442205369163755	6:hsa;URS00000BDE9E_9606_piR-35304:piRNA:Homo_sapiens,26780662,26780692,+	439.5677307523244	1.3824672632404174
URS00000B0DA9_9606:rRNA:Homo_sapiens	5.0	86.0	43.0	3209.673807568859	10.094619450453612	MT:hsa;URS00000B0DA9_9606:rRNA:Homo_sapiens,1476,1535,+	1604.8369037844295	5.047309725226806
URS00000B0DA9_9606:rRNA:Homo_sapiens	5.0	86.0	43.0	3209.673807568859	10.094619450453612	5:hsa;URS00000B0DA9_9606:rRNA:Homo_sapiens,80651183,80651242,-	1604.8369037844295	5.047309725226806
URS0000030422_9606:rRNA:Homo_sapiens	2.0	23.0	5.75	858.4011345823692	2.6997238065166638	21:hsa;URS0000030422_9606:rRNA:Homo_sapiens,8215937,8215996,+	214.6002836455923	0.6749309516291659
URS0000030422_9606:rRNA:Homo_sapiens	2.0	23.0	5.75	858.4011345823692	2.6997238065166638	21:hsa;URS0000030422_9606:rRNA:Homo_sapiens,8398971,8399030,+	214.6002836455923	0.6749309516291659
URS0000030422_9606:rRNA:Homo_sapiens	2.0	23.0	5.75	858.4011345823692	2.6997238065166638	21:hsa;URS0000030422_9606:rRNA:Homo_sapiens,8443200,8443259,+	214.6002836455923	0.6749309516291659
URS0000030422_9606:rRNA:Homo_sapiens	2.0	23.0	5.75	858.4011345823692	2.6997238065166638	21:hsa;URS0000030422_9606:rRNA:Homo_sapiens,8260166,8260225,+	214.6002836455923	0.6749309516291659
URS0000008204_9606:microRNA:Homo_sapiens	1.0	20.0	20.0	746.4357692020602	2.3475859187101427	4:hsa;URS0000008204_9606:microRNA:Homo_sapiens,137380201,137380220,-	746.4357692020602	2.3475859187101427
URS00000C7835_9606:rRNA:Homo_sapiens	1.0	5.0	0.02358490566037736	186.60894230051505	0.5868964796775357	MT:hsa;URS00000C7835_9606:rRNA:Homo_sapiens,1671,1730,+	0.8802308599080899	0.002768379621120451
URS00000C5C2A_9606:rRNA:Homo_sapiens	1.0	5.0	0.02358490566037736	186.60894230051505	0.5868964796775357	MT:hsa;URS00000C5C2A_9606:rRNA:Homo_sapiens,1671,1730,+	0.8802308599080899	0.002768379621120451
URS00000B1275_9606:rRNA:Homo_sapiens	1.0	5.0	0.02358490566037736	186.60894230051505	0.5868964796775357	MT:hsa;URS00000B1275_9606:rRNA:Homo_sapiens,1671,1730,+	0.8802308599080899	0.002768379621120451
URS00000585D0_9606:rRNA:Homo_sapiens	1.0	5.0	0.02358490566037736	186.60894230051505	0.5868964796775357	MT:hsa;URS00000585D0_9606:rRNA:Homo_sapiens,1671,1730,+	0.8802308599080899	0.002768379621120451
URS000007DB8E_9606:rRNA:Homo_sapiens	1.0	5.0	0.02358490566037736	186.60894230051505	0.5868964796775357	MT:hsa;URS000007DB8E_9606:rRNA:Homo_sapiens,1671,1730,+	0.8802308599080899	0.002768379621120451
URS000005A42E_9606:rRNA:Homo_sapiens	1.0	5.0	0.02358490566037736	186.60894230051505	0.5868964796775357	MT:hsa;URS000005A42E_9606:rRNA:Homo_sapiens,1671,1730,+	0.8802308599080899	0.002768379621120451
URS000006F00C_9606:rRNA:Homo_sapiens	1.0	5.0	0.02358490566037736	186.60894230051505	0.5868964796775357	MT:hsa;URS000006F00C_9606:rRNA:Homo_sapiens,1671,1730,+	0.8802308599080899	0.002768379621120451
URS0000023E2B_9606:rRNA:Homo_sapiens	1.0	5.0	0.02358490566037736	186.60894230051505	0.5868964796775357	MT:hsa;URS0000023E2B_9606:rRNA:Homo_sapiens,1671,1730,+	0.8802308599080899	0.002768379621120451
URS000007E317_9606:rRNA:Homo_sapiens	1.0	5.0	0.02358490566037736	186.60894230051505	0.5868964796775357	MT:hsa;URS000007E317_9606:rRNA:Homo_sapiens,1671,1730,+	0.8802308599080899	0.002768379621120451
URS000005B986_9606:rRNA:Homo_sapiens	1.0	5.0	0.02358490566037736	186.60894230051505	0.5868964796775357	MT:hsa;URS000005B986_9606:rRNA:Homo_sapiens,1671,1730,+	0.8802308599080899	0.002768379621120451
URS00000156A9_9606:rRNA:Homo_sapiens	1.0	5.0	0.02358490566037736	186.60894230051505	0.5868964796775357	MT:hsa;URS00000156A9_9606:rRNA:Homo_sapiens,1671,1730,+	0.8802308599080899	0.002768379621120451
URS0000070E45_9606:rRNA:Homo_sapiens	1.0	5.0	0.02358490566037736	186.60894230051505	0.5868964796775357	MT:hsa;URS0000070E45_9606:rRNA:Homo_sapiens,1671,1730,+	0.8802308599080899	0.002768379621120451
URS000002F2EF_9606:rRNA:Homo_sapiens	1.0	5.0	0.02358490566037736	186.60894230051505	0.5868964796775357	MT:hsa;URS000002F2EF_9606:rRNA:Homo_sapiens,1671,1730,+	0.8802308599080899	0.002768379621120451
URS000001B30A_9606:rRNA:Homo_sapiens	1.0	5.0	0.02358490566037736	186.60894230051505	0.5868964796775357	MT:hsa;URS000001B30A_9606:rRNA:Homo_sapiens,1671,1730,+	0.8802308599080899	0.002768379621120451
URS00000398DF_9606:rRNA:Homo_sapiens	1.0	5.0	0.02358490566037736	186.60894230051505	0.5868964796775357	MT:hsa;URS00000398DF_9606:rRNA:Homo_sapiens,1671,1730,+	0.8802308599080899	0.002768379621120451
URS0000089B9A_9606:rRNA:Homo_sapiens	1.0	5.0	0.02358490566037736	186.60894230051505	0.5868964796775357	MT:hsa;URS0000089B9A_9606:rRNA:Homo_sapiens,1671,1730,+	0.8802308599080899	0.002768379621120451
URS00000545D5_9606:rRNA:Homo_sapiens	1.0	5.0	0.02358490566037736	186.60894230051505	0.5868964796775357	MT:hsa;URS00000545D5_9606:rRNA:Homo_sapiens,1671,1730,+	0.8802308599080899	0.002768379621120451
URS0000060B19_9606:rRNA:Homo_sapiens	1.0	5.0	0.02358490566037736	186.60894230051505	0.5868964796775357	MT:hsa;URS0000060B19_9606:rRNA:Homo_sapiens,1671,1730,+	0.8802308599080899	0.002768379621120451
URS00000B3B45_9606:rRNA:Homo_sapiens	1.0	5.0	0.02358490566037736	186.60894230051505	0.5868964796775357	MT:hsa;URS00000B3B45_9606:rRNA:Homo_sapiens,1671,1730,+	0.8802308599080899	0.002768379621120451
URS000005E7DE_9606:rRNA:Homo_sapiens	1.0	5.0	0.02358490566037736	186.60894230051505	0.5868964796775357	MT:hsa;URS000005E7DE_9606:rRNA:Homo_sapiens,1671,1730,+	0.8802308599080899	0.002768379621120451
URS000005C33A_9606:rRNA:Homo_sapiens	1.0	5.0	0.02358490566037736	186.60894230051505	0.5868964796775357	MT:hsa;URS000005C33A_9606:rRNA:Homo_sapiens,1671,1730,+	0.8802308599080899	0.002768379621120451
URS000008B699_9606:rRNA:Homo_sapiens	1.0	5.0	0.02358490566037736	186.60894230051505	0.5868964796775357	MT:hsa;URS000008B699_9606:rRNA:Homo_sapiens,1671,1730,+	0.8802308599080899	0.002768379621120451
URS0000010D8C_9606:rRNA:Homo_sapiens	1.0	5.0	0.02358490566037736	186.60894230051505	0.5868964796775357	MT:hsa;URS0000010D8C_9606:rRNA:Homo_sapiens,1671,1730,+	0.8802308599080899	0.002768379621120451
URS000001CF2E_9606:rRNA:Homo_sapiens	1.0	5.0	0.02358490566037736	186.60894230051505	0.5868964796775357	MT:hsa;URS000001CF2E_9606:rRNA:Homo_sapiens,1671,1730,+	0.8802308599080899	0.002768379621120451
URS000009DC3C_9606:rRNA:Homo_sapiens	1.0	5.0	0.02358490566037736	186.60894230051505	0.5868964796775357	MT:hsa;URS000009DC3C_9606:rRNA:Homo_sapiens,1671,1730,+	0.8802308599080899	0.002768379621120451
URS0000071D2D_9606:rRNA:Homo_sapiens	1.0	5.0	0.02358490566037736	186.60894230051505	0.5868964796775357	MT:hsa;URS0000071D2D_9606:rRNA:Homo_sapiens,1671,1730,+	0.8802308599080899	0.002768379621120451
URS0000049455_9606:rRNA:Homo_sapiens	1.0	5.0	0.02358490566037736	186.60894230051505	0.5868964796775357	MT:hsa;URS0000049455_9606:rRNA:Homo_sapiens,1671,1730,+	0.8802308599080899	0.002768379621120451
URS00000652F8_9606:rRNA:Homo_sapiens	1.0	5.0	0.02358490566037736	186.60894230051505	0.5868964796775357	MT:hsa;URS00000652F8_9606:rRNA:Homo_sapiens,1671,1730,+	0.8802308599080899	0.002768379621120451
URS0000010F9B_9606:rRNA:Homo_sapiens	1.0	5.0	0.02358490566037736	186.60894230051505	0.5868964796775357	MT:hsa;URS0000010F9B_9606:rRNA:Homo_sapiens,1671,1730,+	0.8802308599080899	0.002768379621120451
URS00000087B2_9606:rRNA:Homo_sapiens	1.0	5.0	0.02358490566037736	186.60894230051505	0.5868964796775357	MT:hsa;URS00000087B2_9606:rRNA:Homo_sapiens,1671,1730,+	0.8802308599080899	0.002768379621120451
URS000003C6DF_9606:rRNA:Homo_sapiens	1.0	5.0	0.02358490566037736	186.60894230051505	0.5868964796775357	MT:hsa;URS000003C6DF_9606:rRNA:Homo_sapiens,1671,1730,+	0.8802308599080899	0.002768379621120451
URS00000939DA_9606:rRNA:Homo_sapiens	1.0	5.0	0.02358490566037736	186.60894230051505	0.5868964796775357	MT:hsa;URS00000939DA_9606:rRNA:Homo_sapiens,1671,1730,+	0.8802308599080899	0.002768379621120451
URS0000014713_9606:rRNA:Homo_sapiens	1.0	5.0	0.02358490566037736	186.60894230051505	0.5868964796775357	MT:hsa;URS0000014713_9606:rRNA:Homo_sapiens,1671,1730,+	0.8802308599080899	0.002768379621120451
URS00000AD05B_9606:rRNA:Homo_sapiens	1.0	5.0	0.02358490566037736	186.60894230051505	0.5868964796775357	MT:hsa;URS00000AD05B_9606:rRNA:Homo_sapiens,1671,1730,+	0.8802308599080899	0.002768379621120451
URS0000066FC5_9606:rRNA:Homo_sapiens	1.0	5.0	0.02358490566037736	186.60894230051505	0.5868964796775357	MT:hsa;URS0000066FC5_9606:rRNA:Homo_sapiens,1671,1730,+	0.8802308599080899	0.002768379621120451
URS000001B5E6_9606:rRNA:Homo_sapiens	1.0	5.0	0.02358490566037736	186.60894230051505	0.5868964796775357	MT:hsa;URS000001B5E6_9606:rRNA:Homo_sapiens,1671,1730,+	0.8802308599080899	0.002768379621120451
URS00000A362B_9606:rRNA:Homo_sapiens	1.0	5.0	0.02358490566037736	186.60894230051505	0.5868964796775357	MT:hsa;URS00000A362B_9606:rRNA:Homo_sapiens,1671,1730,+	0.8802308599080899	0.002768379621120451
URS00000C7B5A_9606:rRNA:Homo_sapiens	1.0	5.0	0.02358490566037736	186.60894230051505	0.5868964796775357	MT:hsa;URS00000C7B5A_9606:rRNA:Homo_sapiens,1671,1730,+	0.8802308599080899	0.002768379621120451
URS00000923D1_9606:rRNA:Homo_sapiens	1.0	5.0	0.02358490566037736	186.60894230051505	0.5868964796775357	MT:hsa;URS00000923D1_9606:rRNA:Homo_sapiens,1671,1730,+	0.8802308599080899	0.002768379621120451
URS0000028553_9606:rRNA:Homo_sapiens	1.0	5.0	0.02358490566037736	186.60894230051505	0.5868964796775357	MT:hsa;URS0000028553_9606:rRNA:Homo_sapiens,1671,1730,+	0.8802308599080899	0.002768379621120451
URS000009A846_9606:rRNA:Homo_sapiens	1.0	5.0	0.02358490566037736	186.60894230051505	0.5868964796775357	MT:hsa;URS000009A846_9606:rRNA:Homo_sapiens,1671,1730,+	0.8802308599080899	0.002768379621120451
URS000009B27A_9606:rRNA:Homo_sapiens	1.0	5.0	0.02358490566037736	186.60894230051505	0.5868964796775357	MT:hsa;URS000009B27A_9606:rRNA:Homo_sapiens,1671,1730,+	0.8802308599080899	0.002768379621120451
URS0000052F2B_9606:rRNA:Homo_sapiens	1.0	5.0	0.02358490566037736	186.60894230051505	0.5868964796775357	MT:hsa;URS0000052F2B_9606:rRNA:Homo_sapiens,1671,1730,+	0.8802308599080899	0.002768379621120451
URS0000013BF6_9606:rRNA:Homo_sapiens	1.0	5.0	0.02358490566037736	186.60894230051505	0.5868964796775357	MT:hsa;URS0000013BF6_9606:rRNA:Homo_sapiens,1671,1730,+	0.8802308599080899	0.002768379621120451
URS000000C751_9606:rRNA:Homo_sapiens	1.0	5.0	0.02358490566037736	186.60894230051505	0.5868964796775357	MT:hsa;URS000000C751_9606:rRNA:Homo_sapiens,1671,1730,+	0.8802308599080899	0.002768379621120451
URS0000041576_9606:rRNA:Homo_sapiens	1.0	5.0	0.02358490566037736	186.60894230051505	0.5868964796775357	MT:hsa;URS0000041576_9606:rRNA:Homo_sapiens,1671,1730,+	0.8802308599080899	0.002768379621120451
URS00000771FB_9606:rRNA:Homo_sapiens	1.0	5.0	0.02358490566037736	186.60894230051505	0.5868964796775357	MT:hsa;URS00000771FB_9606:rRNA:Homo_sapiens,1671,1730,+	0.8802308599080899	0.002768379621120451
URS00000B748D_9606:rRNA:Homo_sapiens	1.0	5.0	0.02358490566037736	186.60894230051505	0.5868964796775357	MT:hsa;URS00000B748D_9606:rRNA:Homo_sapiens,1671,1730,+	0.8802308599080899	0.002768379621120451
URS000002B0E4_9606:rRNA:Homo_sapiens	1.0	5.0	0.02358490566037736	186.60894230051505	0.5868964796775357	MT:hsa;URS000002B0E4_9606:rRNA:Homo_sapiens,1671,1730,+	0.8802308599080899	0.002768379621120451
URS0000055C35_9606:rRNA:Homo_sapiens	1.0	5.0	0.02358490566037736	186.60894230051505	0.5868964796775357	MT:hsa;URS0000055C35_9606:rRNA:Homo_sapiens,1671,1730,+	0.8802308599080899	0.002768379621120451
URS0000085EA4_9606:rRNA:Homo_sapiens	1.0	5.0	0.02358490566037736	186.60894230051505	0.5868964796775357	MT:hsa;URS0000085EA4_9606:rRNA:Homo_sapiens,1671,1730,+	0.8802308599080899	0.002768379621120451
URS000000F4FD_9606:rRNA:Homo_sapiens	1.0	5.0	0.02358490566037736	186.60894230051505	0.5868964796775357	MT:hsa;URS000000F4FD_9606:rRNA:Homo_sapiens,1671,1730,+	0.8802308599080899	0.002768379621120451
URS000007D64D_9606:rRNA:Homo_sapiens	1.0	5.0	0.02358490566037736	186.60894230051505	0.5868964796775357	MT:hsa;URS000007D64D_9606:rRNA:Homo_sapiens,1671,1730,+	0.8802308599080899	0.002768379621120451
URS0000010B44_9606:rRNA:Homo_sapiens	1.0	5.0	0.02358490566037736	186.60894230051505	0.5868964796775357	MT:hsa;URS0000010B44_9606:rRNA:Homo_sapiens,1671,1730,+	0.8802308599080899	0.002768379621120451
URS00000A5DC2_9606:rRNA:Homo_sapiens	1.0	5.0	0.02358490566037736	186.60894230051505	0.5868964796775357	MT:hsa;URS00000A5DC2_9606:rRNA:Homo_sapiens,1671,1730,+	0.8802308599080899	0.002768379621120451
URS000007F6F9_9606:rRNA:Homo_sapiens	1.0	5.0	0.02358490566037736	186.60894230051505	0.5868964796775357	MT:hsa;URS000007F6F9_9606:rRNA:Homo_sapiens,1671,1730,+	0.8802308599080899	0.002768379621120451
URS00000B2633_9606:rRNA:Homo_sapiens	1.0	5.0	0.02358490566037736	186.60894230051505	0.5868964796775357	MT:hsa;URS00000B2633_9606:rRNA:Homo_sapiens,1671,1730,+	0.8802308599080899	0.002768379621120451
URS000000C4A4_9606:rRNA:Homo_sapiens	1.0	5.0	0.02358490566037736	186.60894230051505	0.5868964796775357	MT:hsa;URS000000C4A4_9606:rRNA:Homo_sapiens,1671,1730,+	0.8802308599080899	0.002768379621120451
URS0000003B12_9606:rRNA:Homo_sapiens	1.0	5.0	0.02358490566037736	186.60894230051505	0.5868964796775357	MT:hsa;URS0000003B12_9606:rRNA:Homo_sapiens,1671,1730,+	0.8802308599080899	0.002768379621120451
URS000003F0E6_9606:rRNA:Homo_sapiens	1.0	5.0	0.02358490566037736	186.60894230051505	0.5868964796775357	MT:hsa;URS000003F0E6_9606:rRNA:Homo_sapiens,1671,1730,+	0.8802308599080899	0.002768379621120451
URS0000013C07_9606:rRNA:Homo_sapiens	1.0	5.0	0.02358490566037736	186.60894230051505	0.5868964796775357	MT:hsa;URS0000013C07_9606:rRNA:Homo_sapiens,1671,1730,+	0.8802308599080899	0.002768379621120451
URS00000527FC_9606:rRNA:Homo_sapiens	1.0	5.0	0.02358490566037736	186.60894230051505	0.5868964796775357	MT:hsa;URS00000527FC_9606:rRNA:Homo_sapiens,1671,1730,+	0.8802308599080899	0.002768379621120451
URS00000532D4_9606:rRNA:Homo_sapiens	1.0	5.0	0.02358490566037736	186.60894230051505	0.5868964796775357	MT:hsa;URS00000532D4_9606:rRNA:Homo_sapiens,1671,1730,+	0.8802308599080899	0.002768379621120451
URS0000080EEF_9606:rRNA:Homo_sapiens	1.0	5.0	0.02358490566037736	186.60894230051505	0.5868964796775357	MT:hsa;URS0000080EEF_9606:rRNA:Homo_sapiens,1671,1730,+	0.8802308599080899	0.002768379621120451
URS000000E3F6_9606:rRNA:Homo_sapiens	1.0	5.0	0.02358490566037736	186.60894230051505	0.5868964796775357	MT:hsa;URS000000E3F6_9606:rRNA:Homo_sapiens,1671,1730,+	0.8802308599080899	0.002768379621120451
URS000003920D_9606:rRNA:Homo_sapiens	1.0	5.0	0.02358490566037736	186.60894230051505	0.5868964796775357	MT:hsa;URS000003920D_9606:rRNA:Homo_sapiens,1671,1730,+	0.8802308599080899	0.002768379621120451
URS00000CC4ED_9606:rRNA:Homo_sapiens	1.0	5.0	0.02358490566037736	186.60894230051505	0.5868964796775357	MT:hsa;URS00000CC4ED_9606:rRNA:Homo_sapiens,1671,1730,+	0.8802308599080899	0.002768379621120451
URS000001F75F_9606:rRNA:Homo_sapiens	1.0	5.0	0.02358490566037736	186.60894230051505	0.5868964796775357	MT:hsa;URS000001F75F_9606:rRNA:Homo_sapiens,1671,1730,+	0.8802308599080899	0.002768379621120451
URS00000BB0FF_9606:rRNA:Homo_sapiens	1.0	5.0	0.02358490566037736	186.60894230051505	0.5868964796775357	MT:hsa;URS00000BB0FF_9606:rRNA:Homo_sapiens,1671,1730,+	0.8802308599080899	0.002768379621120451
URS000002A60C_9606:rRNA:Homo_sapiens	1.0	5.0	0.02358490566037736	186.60894230051505	0.5868964796775357	MT:hsa;URS000002A60C_9606:rRNA:Homo_sapiens,1671,1730,+	0.8802308599080899	0.002768379621120451
URS0000013FEE_9606:rRNA:Homo_sapiens	1.0	5.0	0.02358490566037736	186.60894230051505	0.5868964796775357	MT:hsa;URS0000013FEE_9606:rRNA:Homo_sapiens,1671,1730,+	0.8802308599080899	0.002768379621120451
URS000006B3DA_9606:rRNA:Homo_sapiens	1.0	5.0	0.02358490566037736	186.60894230051505	0.5868964796775357	MT:hsa;URS000006B3DA_9606:rRNA:Homo_sapiens,1671,1730,+	0.8802308599080899	0.002768379621120451
URS000000E52A_9606:rRNA:Homo_sapiens	1.0	5.0	0.02358490566037736	186.60894230051505	0.5868964796775357	MT:hsa;URS000000E52A_9606:rRNA:Homo_sapiens,1671,1730,+	0.8802308599080899	0.002768379621120451
URS0000042CEE_9606:rRNA:Homo_sapiens	1.0	5.0	0.02358490566037736	186.60894230051505	0.5868964796775357	MT:hsa;URS0000042CEE_9606:rRNA:Homo_sapiens,1671,1730,+	0.8802308599080899	0.002768379621120451
URS00000C5C8F_9606:rRNA:Homo_sapiens	1.0	5.0	0.02358490566037736	186.60894230051505	0.5868964796775357	MT:hsa;URS00000C5C8F_9606:rRNA:Homo_sapiens,1671,1730,+	0.8802308599080899	0.002768379621120451
URS0000085357_9606:rRNA:Homo_sapiens	1.0	5.0	0.02358490566037736	186.60894230051505	0.5868964796775357	MT:hsa;URS0000085357_9606:rRNA:Homo_sapiens,1671,1730,+	0.8802308599080899	0.002768379621120451
URS000001BB37_9606:rRNA:Homo_sapiens	1.0	5.0	0.02358490566037736	186.60894230051505	0.5868964796775357	MT:hsa;URS000001BB37_9606:rRNA:Homo_sapiens,1671,1730,+	0.8802308599080899	0.002768379621120451
URS000006B0D1_9606:rRNA:Homo_sapiens	1.0	5.0	0.02358490566037736	186.60894230051505	0.5868964796775357	MT:hsa;URS000006B0D1_9606:rRNA:Homo_sapiens,1671,1730,+	0.8802308599080899	0.002768379621120451
URS00000C35B7_9606:rRNA:Homo_sapiens	1.0	5.0	0.02358490566037736	186.60894230051505	0.5868964796775357	MT:hsa;URS00000C35B7_9606:rRNA:Homo_sapiens,1671,1730,+	0.8802308599080899	0.002768379621120451
URS00000721F9_9606:rRNA:Homo_sapiens	1.0	5.0	0.02358490566037736	186.60894230051505	0.5868964796775357	MT:hsa;URS00000721F9_9606:rRNA:Homo_sapiens,1671,1730,+	0.8802308599080899	0.002768379621120451
URS0000018671_9606:rRNA:Homo_sapiens	1.0	5.0	0.02358490566037736	186.60894230051505	0.5868964796775357	MT:hsa;URS0000018671_9606:rRNA:Homo_sapiens,1671,1730,+	0.8802308599080899	0.002768379621120451
URS0000067ABE_9606:rRNA:Homo_sapiens	1.0	5.0	0.02358490566037736	186.60894230051505	0.5868964796775357	MT:hsa;URS0000067ABE_9606:rRNA:Homo_sapiens,1671,1730,+	0.8802308599080899	0.002768379621120451
URS000007158F_9606:rRNA:Homo_sapiens	1.0	5.0	0.02358490566037736	186.60894230051505	0.5868964796775357	MT:hsa;URS000007158F_9606:rRNA:Homo_sapiens,1671,1730,+	0.8802308599080899	0.002768379621120451
URS000003CDDC_9606:rRNA:Homo_sapiens	1.0	5.0	0.02358490566037736	186.60894230051505	0.5868964796775357	MT:hsa;URS000003CDDC_9606:rRNA:Homo_sapiens,1671,1730,+	0.8802308599080899	0.002768379621120451
URS000003FFF9_9606:rRNA:Homo_sapiens	1.0	5.0	0.02358490566037736	186.60894230051505	0.5868964796775357	MT:hsa;URS000003FFF9_9606:rRNA:Homo_sapiens,1671,1730,+	0.8802308599080899	0.002768379621120451
URS000005848C_9606:rRNA:Homo_sapiens	1.0	5.0	0.02358490566037736	186.60894230051505	0.5868964796775357	MT:hsa;URS000005848C_9606:rRNA:Homo_sapiens,1671,1730,+	0.8802308599080899	0.002768379621120451
URS00000142DF_9606:rRNA:Homo_sapiens	1.0	5.0	0.02358490566037736	186.60894230051505	0.5868964796775357	MT:hsa;URS00000142DF_9606:rRNA:Homo_sapiens,1671,1730,+	0.8802308599080899	0.002768379621120451
URS000008DF81_9606:rRNA:Homo_sapiens	1.0	5.0	0.02358490566037736	186.60894230051505	0.5868964796775357	MT:hsa;URS000008DF81_9606:rRNA:Homo_sapiens,1671,1730,+	0.8802308599080899	0.002768379621120451
URS00000AE9F9_9606:rRNA:Homo_sapiens	1.0	5.0	0.02358490566037736	186.60894230051505	0.5868964796775357	MT:hsa;URS00000AE9F9_9606:rRNA:Homo_sapiens,1671,1730,+	0.8802308599080899	0.002768379621120451
URS000003329E_9606:rRNA:Homo_sapiens	1.0	5.0	0.02358490566037736	186.60894230051505	0.5868964796775357	MT:hsa;URS000003329E_9606:rRNA:Homo_sapiens,1671,1730,+	0.8802308599080899	0.002768379621120451
URS000004A521_9606:rRNA:Homo_sapiens	1.0	5.0	0.02358490566037736	186.60894230051505	0.5868964796775357	MT:hsa;URS000004A521_9606:rRNA:Homo_sapiens,1671,1730,+	0.8802308599080899	0.002768379621120451
URS00000A8F29_9606:rRNA:Homo_sapiens	1.0	5.0	0.02358490566037736	186.60894230051505	0.5868964796775357	MT:hsa;URS00000A8F29_9606:rRNA:Homo_sapiens,1671,1730,+	0.8802308599080899	0.002768379621120451
URS0000074CED_9606:rRNA:Homo_sapiens	1.0	5.0	0.02358490566037736	186.60894230051505	0.5868964796775357	MT:hsa;URS0000074CED_9606:rRNA:Homo_sapiens,1671,1730,+	0.8802308599080899	0.002768379621120451
URS0000020B17_9606:rRNA:Homo_sapiens	1.0	5.0	0.02358490566037736	186.60894230051505	0.5868964796775357	MT:hsa;URS0000020B17_9606:rRNA:Homo_sapiens,1671,1730,+	0.8802308599080899	0.002768379621120451
URS000008F686_9606:rRNA:Homo_sapiens	1.0	5.0	0.02358490566037736	186.60894230051505	0.5868964796775357	MT:hsa;URS000008F686_9606:rRNA:Homo_sapiens,1671,1730,+	0.8802308599080899	0.002768379621120451
URS00000551C9_9606:rRNA:Homo_sapiens	1.0	5.0	0.02358490566037736	186.60894230051505	0.5868964796775357	MT:hsa;URS00000551C9_9606:rRNA:Homo_sapiens,1671,1730,+	0.8802308599080899	0.002768379621120451
URS00000706EB_9606:rRNA:Homo_sapiens	1.0	5.0	0.02358490566037736	186.60894230051505	0.5868964796775357	MT:hsa;URS00000706EB_9606:rRNA:Homo_sapiens,1671,1730,+	0.8802308599080899	0.002768379621120451
URS00000136AA_9606:rRNA:Homo_sapiens	1.0	5.0	0.02358490566037736	186.60894230051505	0.5868964796775357	MT:hsa;URS00000136AA_9606:rRNA:Homo_sapiens,1671,1730,+	0.8802308599080899	0.002768379621120451
URS0000059980_9606:rRNA:Homo_sapiens	1.0	5.0	0.02358490566037736	186.60894230051505	0.5868964796775357	MT:hsa;URS0000059980_9606:rRNA:Homo_sapiens,1671,1730,+	0.8802308599080899	0.002768379621120451
URS000008F50B_9606:rRNA:Homo_sapiens	1.0	5.0	0.02358490566037736	186.60894230051505	0.5868964796775357	MT:hsa;URS000008F50B_9606:rRNA:Homo_sapiens,1671,1730,+	0.8802308599080899	0.002768379621120451
URS00000C4EB9_9606:rRNA:Homo_sapiens	1.0	5.0	0.02358490566037736	186.60894230051505	0.5868964796775357	MT:hsa;URS00000C4EB9_9606:rRNA:Homo_sapiens,1671,1730,+	0.8802308599080899	0.002768379621120451
URS000001B53C_9606:rRNA:Homo_sapiens	1.0	5.0	0.02358490566037736	186.60894230051505	0.5868964796775357	MT:hsa;URS000001B53C_9606:rRNA:Homo_sapiens,1671,1730,+	0.8802308599080899	0.002768379621120451
URS000003D1FC_9606:rRNA:Homo_sapiens	1.0	5.0	0.02358490566037736	186.60894230051505	0.5868964796775357	MT:hsa;URS000003D1FC_9606:rRNA:Homo_sapiens,1671,1730,+	0.8802308599080899	0.002768379621120451
URS0000032FBA_9606:rRNA:Homo_sapiens	1.0	5.0	0.02358490566037736	186.60894230051505	0.5868964796775357	MT:hsa;URS0000032FBA_9606:rRNA:Homo_sapiens,1671,1730,+	0.8802308599080899	0.002768379621120451
URS00000C3BF8_9606:rRNA:Homo_sapiens	1.0	5.0	0.02358490566037736	186.60894230051505	0.5868964796775357	MT:hsa;URS00000C3BF8_9606:rRNA:Homo_sapiens,1671,1730,+	0.8802308599080899	0.002768379621120451
URS000000473B_9606:rRNA:Homo_sapiens	1.0	5.0	0.02358490566037736	186.60894230051505	0.5868964796775357	MT:hsa;URS000000473B_9606:rRNA:Homo_sapiens,1671,1730,+	0.8802308599080899	0.002768379621120451
URS0000012A2A_9606:rRNA:Homo_sapiens	1.0	5.0	0.02358490566037736	186.60894230051505	0.5868964796775357	MT:hsa;URS0000012A2A_9606:rRNA:Homo_sapiens,1671,1730,+	0.8802308599080899	0.002768379621120451
URS00000C92A4_9606:rRNA:Homo_sapiens	1.0	5.0	0.02358490566037736	186.60894230051505	0.5868964796775357	MT:hsa;URS00000C92A4_9606:rRNA:Homo_sapiens,1671,1730,+	0.8802308599080899	0.002768379621120451
URS0000056FBB_9606:rRNA:Homo_sapiens	1.0	5.0	0.02358490566037736	186.60894230051505	0.5868964796775357	MT:hsa;URS0000056FBB_9606:rRNA:Homo_sapiens,1671,1730,+	0.8802308599080899	0.002768379621120451
URS0000075733_9606:rRNA:Homo_sapiens	1.0	5.0	0.02358490566037736	186.60894230051505	0.5868964796775357	MT:hsa;URS0000075733_9606:rRNA:Homo_sapiens,1671,1730,+	0.8802308599080899	0.002768379621120451
URS00000097F6_9606:rRNA:Homo_sapiens	1.0	5.0	0.02358490566037736	186.60894230051505	0.5868964796775357	MT:hsa;URS00000097F6_9606:rRNA:Homo_sapiens,1671,1730,+	0.8802308599080899	0.002768379621120451
URS000007B748_9606:rRNA:Homo_sapiens	1.0	5.0	0.02358490566037736	186.60894230051505	0.5868964796775357	MT:hsa;URS000007B748_9606:rRNA:Homo_sapiens,1671,1730,+	0.8802308599080899	0.002768379621120451
URS0000026A36_9606:rRNA:Homo_sapiens	1.0	5.0	0.02358490566037736	186.60894230051505	0.5868964796775357	MT:hsa;URS0000026A36_9606:rRNA:Homo_sapiens,1671,1730,+	0.8802308599080899	0.002768379621120451
URS000006EF40_9606:rRNA:Homo_sapiens	1.0	5.0	0.02358490566037736	186.60894230051505	0.5868964796775357	MT:hsa;URS000006EF40_9606:rRNA:Homo_sapiens,1671,1730,+	0.8802308599080899	0.002768379621120451
URS0000027BF9_9606:rRNA:Homo_sapiens	1.0	5.0	0.02358490566037736	186.60894230051505	0.5868964796775357	MT:hsa;URS0000027BF9_9606:rRNA:Homo_sapiens,1671,1730,+	0.8802308599080899	0.002768379621120451
URS00000AE7DF_9606:rRNA:Homo_sapiens	1.0	5.0	0.02358490566037736	186.60894230051505	0.5868964796775357	MT:hsa;URS00000AE7DF_9606:rRNA:Homo_sapiens,1671,1730,+	0.8802308599080899	0.002768379621120451
URS000002EB87_9606:rRNA:Homo_sapiens	1.0	5.0	0.02358490566037736	186.60894230051505	0.5868964796775357	MT:hsa;URS000002EB87_9606:rRNA:Homo_sapiens,1671,1730,+	0.8802308599080899	0.002768379621120451
URS000005389C_9606:rRNA:Homo_sapiens	1.0	5.0	0.02358490566037736	186.60894230051505	0.5868964796775357	MT:hsa;URS000005389C_9606:rRNA:Homo_sapiens,1671,1730,+	0.8802308599080899	0.002768379621120451
URS000002EB21_9606:rRNA:Homo_sapiens	1.0	5.0	0.02358490566037736	186.60894230051505	0.5868964796775357	MT:hsa;URS000002EB21_9606:rRNA:Homo_sapiens,1671,1730,+	0.8802308599080899	0.002768379621120451
URS000005EF9C_9606:rRNA:Homo_sapiens	1.0	5.0	0.02358490566037736	186.60894230051505	0.5868964796775357	MT:hsa;URS000005EF9C_9606:rRNA:Homo_sapiens,1671,1730,+	0.8802308599080899	0.002768379621120451
URS000009ED47_9606:rRNA:Homo_sapiens	1.0	5.0	0.02358490566037736	186.60894230051505	0.5868964796775357	MT:hsa;URS000009ED47_9606:rRNA:Homo_sapiens,1671,1730,+	0.8802308599080899	0.002768379621120451
URS00000598CD_9606:rRNA:Homo_sapiens	1.0	5.0	0.02358490566037736	186.60894230051505	0.5868964796775357	MT:hsa;URS00000598CD_9606:rRNA:Homo_sapiens,1671,1730,+	0.8802308599080899	0.002768379621120451
URS000007CFCC_9606:rRNA:Homo_sapiens	1.0	5.0	0.02358490566037736	186.60894230051505	0.5868964796775357	MT:hsa;URS000007CFCC_9606:rRNA:Homo_sapiens,1671,1730,+	0.8802308599080899	0.002768379621120451
URS00000B10EE_9606:rRNA:Homo_sapiens	1.0	5.0	0.02358490566037736	186.60894230051505	0.5868964796775357	MT:hsa;URS00000B10EE_9606:rRNA:Homo_sapiens,1671,1730,+	0.8802308599080899	0.002768379621120451
URS000005F30A_9606:rRNA:Homo_sapiens	1.0	5.0	0.02358490566037736	186.60894230051505	0.5868964796775357	MT:hsa;URS000005F30A_9606:rRNA:Homo_sapiens,1671,1730,+	0.8802308599080899	0.002768379621120451
URS00000676EC_9606:rRNA:Homo_sapiens	1.0	5.0	0.02358490566037736	186.60894230051505	0.5868964796775357	MT:hsa;URS00000676EC_9606:rRNA:Homo_sapiens,1671,1730,+	0.8802308599080899	0.002768379621120451
URS0000009699_9606:rRNA:Homo_sapiens	1.0	5.0	0.02358490566037736	186.60894230051505	0.5868964796775357	MT:hsa;URS0000009699_9606:rRNA:Homo_sapiens,1671,1730,+	0.8802308599080899	0.002768379621120451
URS000007F59D_9606:rRNA:Homo_sapiens	1.0	5.0	0.02358490566037736	186.60894230051505	0.5868964796775357	MT:hsa;URS000007F59D_9606:rRNA:Homo_sapiens,1671,1730,+	0.8802308599080899	0.002768379621120451
URS0000082C07_9606:rRNA:Homo_sapiens	1.0	5.0	0.02358490566037736	186.60894230051505	0.5868964796775357	MT:hsa;URS0000082C07_9606:rRNA:Homo_sapiens,1671,1730,+	0.8802308599080899	0.002768379621120451
URS0000017319_9606:rRNA:Homo_sapiens	1.0	5.0	0.02358490566037736	186.60894230051505	0.5868964796775357	MT:hsa;URS0000017319_9606:rRNA:Homo_sapiens,1671,1730,+	0.8802308599080899	0.002768379621120451
URS0000095BA3_9606:rRNA:Homo_sapiens	1.0	5.0	0.02358490566037736	186.60894230051505	0.5868964796775357	MT:hsa;URS0000095BA3_9606:rRNA:Homo_sapiens,1671,1730,+	0.8802308599080899	0.002768379621120451
URS00000B78D1_9606:rRNA:Homo_sapiens	1.0	5.0	0.02358490566037736	186.60894230051505	0.5868964796775357	MT:hsa;URS00000B78D1_9606:rRNA:Homo_sapiens,1671,1730,+	0.8802308599080899	0.002768379621120451
URS000003D33D_9606:rRNA:Homo_sapiens	1.0	5.0	0.02358490566037736	186.60894230051505	0.5868964796775357	MT:hsa;URS000003D33D_9606:rRNA:Homo_sapiens,1671,1730,+	0.8802308599080899	0.002768379621120451
URS000003E8C5_9606:rRNA:Homo_sapiens	1.0	5.0	0.02358490566037736	186.60894230051505	0.5868964796775357	MT:hsa;URS000003E8C5_9606:rRNA:Homo_sapiens,1671,1730,+	0.8802308599080899	0.002768379621120451
URS0000066CE6_9606:rRNA:Homo_sapiens	1.0	5.0	0.02358490566037736	186.60894230051505	0.5868964796775357	MT:hsa;URS0000066CE6_9606:rRNA:Homo_sapiens,1671,1730,+	0.8802308599080899	0.002768379621120451
URS00000B2AE1_9606:rRNA:Homo_sapiens	1.0	5.0	0.02358490566037736	186.60894230051505	0.5868964796775357	MT:hsa;URS00000B2AE1_9606:rRNA:Homo_sapiens,1671,1730,+	0.8802308599080899	0.002768379621120451
URS0000017CC6_9606:rRNA:Homo_sapiens	1.0	5.0	0.02358490566037736	186.60894230051505	0.5868964796775357	MT:hsa;URS0000017CC6_9606:rRNA:Homo_sapiens,1671,1730,+	0.8802308599080899	0.002768379621120451
URS0000072108_9606:rRNA:Homo_sapiens	1.0	5.0	0.02358490566037736	186.60894230051505	0.5868964796775357	MT:hsa;URS0000072108_9606:rRNA:Homo_sapiens,1671,1730,+	0.8802308599080899	0.002768379621120451
URS0000085019_9606:rRNA:Homo_sapiens	1.0	5.0	0.02358490566037736	186.60894230051505	0.5868964796775357	MT:hsa;URS0000085019_9606:rRNA:Homo_sapiens,1671,1730,+	0.8802308599080899	0.002768379621120451
URS000001872C_9606:rRNA:Homo_sapiens	1.0	5.0	0.02358490566037736	186.60894230051505	0.5868964796775357	MT:hsa;URS000001872C_9606:rRNA:Homo_sapiens,1671,1730,+	0.8802308599080899	0.002768379621120451
URS00000A0345_9606:rRNA:Homo_sapiens	1.0	5.0	0.02358490566037736	186.60894230051505	0.5868964796775357	MT:hsa;URS00000A0345_9606:rRNA:Homo_sapiens,1671,1730,+	0.8802308599080899	0.002768379621120451
URS0000004905_9606:rRNA:Homo_sapiens	1.0	5.0	0.02358490566037736	186.60894230051505	0.5868964796775357	MT:hsa;URS0000004905_9606:rRNA:Homo_sapiens,1671,1730,+	0.8802308599080899	0.002768379621120451
URS0000090701_9606:rRNA:Homo_sapiens	1.0	5.0	0.02358490566037736	186.60894230051505	0.5868964796775357	MT:hsa;URS0000090701_9606:rRNA:Homo_sapiens,1671,1730,+	0.8802308599080899	0.002768379621120451
URS0000073C36_9606:rRNA:Homo_sapiens	1.0	5.0	0.02358490566037736	186.60894230051505	0.5868964796775357	MT:hsa;URS0000073C36_9606:rRNA:Homo_sapiens,1671,1730,+	0.8802308599080899	0.002768379621120451
URS000005165D_9606:rRNA:Homo_sapiens	1.0	5.0	0.02358490566037736	186.60894230051505	0.5868964796775357	MT:hsa;URS000005165D_9606:rRNA:Homo_sapiens,1671,1730,+	0.8802308599080899	0.002768379621120451
URS00000530BA_9606:rRNA:Homo_sapiens	1.0	5.0	0.02358490566037736	186.60894230051505	0.5868964796775357	MT:hsa;URS00000530BA_9606:rRNA:Homo_sapiens,1671,1730,+	0.8802308599080899	0.002768379621120451
URS000003E5ED_9606:rRNA:Homo_sapiens	1.0	5.0	0.02358490566037736	186.60894230051505	0.5868964796775357	MT:hsa;URS000003E5ED_9606:rRNA:Homo_sapiens,1671,1730,+	0.8802308599080899	0.002768379621120451
URS00000A7983_9606:rRNA:Homo_sapiens	1.0	5.0	0.02358490566037736	186.60894230051505	0.5868964796775357	MT:hsa;URS00000A7983_9606:rRNA:Homo_sapiens,1671,1730,+	0.8802308599080899	0.002768379621120451
URS0000024FD8_9606:rRNA:Homo_sapiens	1.0	5.0	0.02358490566037736	186.60894230051505	0.5868964796775357	MT:hsa;URS0000024FD8_9606:rRNA:Homo_sapiens,1671,1730,+	0.8802308599080899	0.002768379621120451
URS000009F2D2_9606:rRNA:Homo_sapiens	1.0	5.0	0.02358490566037736	186.60894230051505	0.5868964796775357	MT:hsa;URS000009F2D2_9606:rRNA:Homo_sapiens,1671,1730,+	0.8802308599080899	0.002768379621120451
URS0000077B94_9606:rRNA:Homo_sapiens	1.0	5.0	0.02358490566037736	186.60894230051505	0.5868964796775357	MT:hsa;URS0000077B94_9606:rRNA:Homo_sapiens,1671,1730,+	0.8802308599080899	0.002768379621120451
URS00000432C3_9606:rRNA:Homo_sapiens	1.0	5.0	0.02358490566037736	186.60894230051505	0.5868964796775357	MT:hsa;URS00000432C3_9606:rRNA:Homo_sapiens,1671,1730,+	0.8802308599080899	0.002768379621120451
URS000002220D_9606:rRNA:Homo_sapiens	1.0	5.0	0.02358490566037736	186.60894230051505	0.5868964796775357	MT:hsa;URS000002220D_9606:rRNA:Homo_sapiens,1671,1730,+	0.8802308599080899	0.002768379621120451
URS000004D27B_9606:rRNA:Homo_sapiens	1.0	5.0	0.02358490566037736	186.60894230051505	0.5868964796775357	MT:hsa;URS000004D27B_9606:rRNA:Homo_sapiens,1671,1730,+	0.8802308599080899	0.002768379621120451
URS000006C54D_9606:rRNA:Homo_sapiens	1.0	5.0	0.02358490566037736	186.60894230051505	0.5868964796775357	MT:hsa;URS000006C54D_9606:rRNA:Homo_sapiens,1671,1730,+	0.8802308599080899	0.002768379621120451
URS00000C6254_9606:rRNA:Homo_sapiens	1.0	5.0	0.02358490566037736	186.60894230051505	0.5868964796775357	MT:hsa;URS00000C6254_9606:rRNA:Homo_sapiens,1671,1730,+	0.8802308599080899	0.002768379621120451
URS000000CDA1_9606:rRNA:Homo_sapiens	1.0	5.0	0.02358490566037736	186.60894230051505	0.5868964796775357	MT:hsa;URS000000CDA1_9606:rRNA:Homo_sapiens,1671,1730,+	0.8802308599080899	0.002768379621120451
URS0000017055_9606:rRNA:Homo_sapiens	1.0	5.0	0.02358490566037736	186.60894230051505	0.5868964796775357	MT:hsa;URS0000017055_9606:rRNA:Homo_sapiens,1671,1730,+	0.8802308599080899	0.002768379621120451
URS00000514BE_9606:rRNA:Homo_sapiens	1.0	5.0	0.02358490566037736	186.60894230051505	0.5868964796775357	MT:hsa;URS00000514BE_9606:rRNA:Homo_sapiens,1671,1730,+	0.8802308599080899	0.002768379621120451
URS000002CAFF_63221:rRNA:Homo_sapiens	1.0	5.0	0.02358490566037736	186.60894230051505	0.5868964796775357	MT:hsa;URS000002CAFF_63221:rRNA:Homo_sapiens,1671,1730,+	0.8802308599080899	0.002768379621120451
URS00000B3C23_9606:rRNA:Homo_sapiens	1.0	5.0	0.02358490566037736	186.60894230051505	0.5868964796775357	MT:hsa;URS00000B3C23_9606:rRNA:Homo_sapiens,1671,1730,+	0.8802308599080899	0.002768379621120451
URS000006244D_9606:rRNA:Homo_sapiens	1.0	5.0	0.02358490566037736	186.60894230051505	0.5868964796775357	MT:hsa;URS000006244D_9606:rRNA:Homo_sapiens,1671,1730,+	0.8802308599080899	0.002768379621120451
URS00000C1BA8_9606:rRNA:Homo_sapiens	1.0	5.0	0.02358490566037736	186.60894230051505	0.5868964796775357	MT:hsa;URS00000C1BA8_9606:rRNA:Homo_sapiens,1671,1730,+	0.8802308599080899	0.002768379621120451
URS0000066371_9606:rRNA:Homo_sapiens	1.0	5.0	0.02358490566037736	186.60894230051505	0.5868964796775357	MT:hsa;URS0000066371_9606:rRNA:Homo_sapiens,1671,1730,+	0.8802308599080899	0.002768379621120451
URS00000C5903_9606:rRNA:Homo_sapiens	1.0	5.0	0.02358490566037736	186.60894230051505	0.5868964796775357	MT:hsa;URS00000C5903_9606:rRNA:Homo_sapiens,1671,1730,+	0.8802308599080899	0.002768379621120451
URS000000FF97_9606:rRNA:Homo_sapiens	1.0	5.0	0.02358490566037736	186.60894230051505	0.5868964796775357	MT:hsa;URS000000FF97_9606:rRNA:Homo_sapiens,1671,1730,+	0.8802308599080899	0.002768379621120451
URS00000BDEC0_9606:rRNA:Homo_sapiens	1.0	5.0	0.02358490566037736	186.60894230051505	0.5868964796775357	MT:hsa;URS00000BDEC0_9606:rRNA:Homo_sapiens,1671,1730,+	0.8802308599080899	0.002768379621120451
URS000003B288_9606:rRNA:Homo_sapiens	1.0	5.0	0.02358490566037736	186.60894230051505	0.5868964796775357	MT:hsa;URS000003B288_9606:rRNA:Homo_sapiens,1671,1730,+	0.8802308599080899	0.002768379621120451
URS00000982CE_9606:rRNA:Homo_sapiens	1.0	5.0	0.02358490566037736	186.60894230051505	0.5868964796775357	MT:hsa;URS00000982CE_9606:rRNA:Homo_sapiens,1671,1730,+	0.8802308599080899	0.002768379621120451
URS00000912E1_9606:rRNA:Homo_sapiens	1.0	5.0	0.02358490566037736	186.60894230051505	0.5868964796775357	MT:hsa;URS00000912E1_9606:rRNA:Homo_sapiens,1671,1730,+	0.8802308599080899	0.002768379621120451
URS00000BA3DC_9606:rRNA:Homo_sapiens	1.0	5.0	0.02358490566037736	186.60894230051505	0.5868964796775357	MT:hsa;URS00000BA3DC_9606:rRNA:Homo_sapiens,1671,1730,+	0.8802308599080899	0.002768379621120451
URS000002C5E2_9606:rRNA:Homo_sapiens	1.0	5.0	0.02358490566037736	186.60894230051505	0.5868964796775357	MT:hsa;URS000002C5E2_9606:rRNA:Homo_sapiens,1671,1730,+	0.8802308599080899	0.002768379621120451
URS000005DEF1_9606:rRNA:Homo_sapiens	1.0	5.0	0.02358490566037736	186.60894230051505	0.5868964796775357	MT:hsa;URS000005DEF1_9606:rRNA:Homo_sapiens,1671,1730,+	0.8802308599080899	0.002768379621120451
URS000002DDBE_9606:rRNA:Homo_sapiens	1.0	5.0	0.02358490566037736	186.60894230051505	0.5868964796775357	MT:hsa;URS000002DDBE_9606:rRNA:Homo_sapiens,1671,1730,+	0.8802308599080899	0.002768379621120451
URS000003433B_9606:rRNA:Homo_sapiens	1.0	5.0	0.02358490566037736	186.60894230051505	0.5868964796775357	MT:hsa;URS000003433B_9606:rRNA:Homo_sapiens,1671,1730,+	0.8802308599080899	0.002768379621120451
URS000000368F_9606:rRNA:Homo_sapiens	1.0	5.0	0.02358490566037736	186.60894230051505	0.5868964796775357	MT:hsa;URS000000368F_9606:rRNA:Homo_sapiens,1671,1730,+	0.8802308599080899	0.002768379621120451
URS00000484B3_9606:rRNA:Homo_sapiens	1.0	5.0	0.02358490566037736	186.60894230051505	0.5868964796775357	MT:hsa;URS00000484B3_9606:rRNA:Homo_sapiens,1671,1730,+	0.8802308599080899	0.002768379621120451
URS000001B4DC_9606:rRNA:Homo_sapiens	1.0	5.0	0.02358490566037736	186.60894230051505	0.5868964796775357	MT:hsa;URS000001B4DC_9606:rRNA:Homo_sapiens,1671,1730,+	0.8802308599080899	0.002768379621120451
URS00000B4474_9606:rRNA:Homo_sapiens	1.0	5.0	0.02358490566037736	186.60894230051505	0.5868964796775357	MT:hsa;URS00000B4474_9606:rRNA:Homo_sapiens,1671,1730,+	0.8802308599080899	0.002768379621120451
URS000006257A_9606:rRNA:Homo_sapiens	1.0	5.0	0.02358490566037736	186.60894230051505	0.5868964796775357	MT:hsa;URS000006257A_9606:rRNA:Homo_sapiens,1671,1730,+	0.8802308599080899	0.002768379621120451
URS0000054E36_9606:rRNA:Homo_sapiens	1.0	5.0	0.02358490566037736	186.60894230051505	0.5868964796775357	MT:hsa;URS0000054E36_9606:rRNA:Homo_sapiens,1671,1730,+	0.8802308599080899	0.002768379621120451
URS000009D22D_9606:rRNA:Homo_sapiens	1.0	5.0	0.02358490566037736	186.60894230051505	0.5868964796775357	MT:hsa;URS000009D22D_9606:rRNA:Homo_sapiens,1671,1730,+	0.8802308599080899	0.002768379621120451
URS00000701DA_9606:rRNA:Homo_sapiens	1.0	5.0	0.02358490566037736	186.60894230051505	0.5868964796775357	MT:hsa;URS00000701DA_9606:rRNA:Homo_sapiens,1671,1730,+	0.8802308599080899	0.002768379621120451
URS000008D835_9606:rRNA:Homo_sapiens	1.0	5.0	0.02358490566037736	186.60894230051505	0.5868964796775357	MT:hsa;URS000008D835_9606:rRNA:Homo_sapiens,1671,1730,+	0.8802308599080899	0.002768379621120451
URS00000C1645_9606:rRNA:Homo_sapiens	1.0	5.0	0.02358490566037736	186.60894230051505	0.5868964796775357	MT:hsa;URS00000C1645_9606:rRNA:Homo_sapiens,1671,1730,+	0.8802308599080899	0.002768379621120451
URS00000601EE_9606:rRNA:Homo_sapiens	1.0	5.0	0.02358490566037736	186.60894230051505	0.5868964796775357	MT:hsa;URS00000601EE_9606:rRNA:Homo_sapiens,1671,1730,+	0.8802308599080899	0.002768379621120451
URS000003B02F_9606:rRNA:Homo_sapiens	1.0	5.0	0.02358490566037736	186.60894230051505	0.5868964796775357	MT:hsa;URS000003B02F_9606:rRNA:Homo_sapiens,1671,1730,+	0.8802308599080899	0.002768379621120451
URS000003259D_9606:rRNA:Homo_sapiens	1.0	5.0	0.02358490566037736	186.60894230051505	0.5868964796775357	MT:hsa;URS000003259D_9606:rRNA:Homo_sapiens,1671,1730,+	0.8802308599080899	0.002768379621120451
URS00000753FC_9606:rRNA:Homo_sapiens	1.0	5.0	0.02358490566037736	186.60894230051505	0.5868964796775357	MT:hsa;URS00000753FC_9606:rRNA:Homo_sapiens,1671,1730,+	0.8802308599080899	0.002768379621120451
URS00000ADB7B_9606:rRNA:Homo_sapiens	1.0	5.0	0.02358490566037736	186.60894230051505	0.5868964796775357	MT:hsa;URS00000ADB7B_9606:rRNA:Homo_sapiens,1671,1730,+	0.8802308599080899	0.002768379621120451
URS0000053941_9606:rRNA:Homo_sapiens	1.0	5.0	0.02358490566037736	186.60894230051505	0.5868964796775357	MT:hsa;URS0000053941_9606:rRNA:Homo_sapiens,1671,1730,+	0.8802308599080899	0.002768379621120451
URS000001B372_9606:rRNA:Homo_sapiens	1.0	5.0	0.02358490566037736	186.60894230051505	0.5868964796775357	MT:hsa;URS000001B372_9606:rRNA:Homo_sapiens,1671,1730,+	0.8802308599080899	0.002768379621120451
URS000005D8D5_9606:rRNA:Homo_sapiens	1.0	5.0	0.02358490566037736	186.60894230051505	0.5868964796775357	MT:hsa;URS000005D8D5_9606:rRNA:Homo_sapiens,1671,1730,+	0.8802308599080899	0.002768379621120451
URS0000070C62_9606:rRNA:Homo_sapiens	1.0	5.0	0.02358490566037736	186.60894230051505	0.5868964796775357	MT:hsa;URS0000070C62_9606:rRNA:Homo_sapiens,1671,1730,+	0.8802308599080899	0.002768379621120451
URS00000998E3_9606:rRNA:Homo_sapiens	1.0	5.0	0.02358490566037736	186.60894230051505	0.5868964796775357	MT:hsa;URS00000998E3_9606:rRNA:Homo_sapiens,1671,1730,+	0.8802308599080899	0.002768379621120451
URS00000557B7_9606:rRNA:Homo_sapiens	1.0	5.0	0.02358490566037736	186.60894230051505	0.5868964796775357	MT:hsa;URS00000557B7_9606:rRNA:Homo_sapiens,1671,1730,+	0.8802308599080899	0.002768379621120451
URS000007A092_9606:rRNA:Homo_sapiens	1.0	5.0	0.02358490566037736	186.60894230051505	0.5868964796775357	MT:hsa;URS000007A092_9606:rRNA:Homo_sapiens,1671,1730,+	0.8802308599080899	0.002768379621120451
URS00000C93F3_9606:rRNA:Homo_sapiens	1.0	5.0	0.02358490566037736	186.60894230051505	0.5868964796775357	MT:hsa;URS00000C93F3_9606:rRNA:Homo_sapiens,1671,1730,+	0.8802308599080899	0.002768379621120451
URS0000055B16_9606:rRNA:Homo_sapiens	1.0	5.0	0.02358490566037736	186.60894230051505	0.5868964796775357	MT:hsa;URS0000055B16_9606:rRNA:Homo_sapiens,1671,1730,+	0.8802308599080899	0.002768379621120451
URS000004B29C_9606:rRNA:Homo_sapiens	1.0	5.0	0.02358490566037736	186.60894230051505	0.5868964796775357	MT:hsa;URS000004B29C_9606:rRNA:Homo_sapiens,1671,1730,+	0.8802308599080899	0.002768379621120451
URS00000692B0_9606:rRNA:Homo_sapiens	1.0	5.0	0.02358490566037736	186.60894230051505	0.5868964796775357	MT:hsa;URS00000692B0_9606:rRNA:Homo_sapiens,1671,1730,+	0.8802308599080899	0.002768379621120451
URS0000079DE8_9606:rRNA:Homo_sapiens	1.0	5.0	0.02358490566037736	186.60894230051505	0.5868964796775357	MT:hsa;URS0000079DE8_9606:rRNA:Homo_sapiens,1671,1730,+	0.8802308599080899	0.002768379621120451
URS000006136B_9606:rRNA:Homo_sapiens	1.0	5.0	0.02358490566037736	186.60894230051505	0.5868964796775357	MT:hsa;URS000006136B_9606:rRNA:Homo_sapiens,1671,1730,+	0.8802308599080899	0.002768379621120451
URS000003124A_9606:rRNA:Homo_sapiens	1.0	5.0	0.02358490566037736	186.60894230051505	0.5868964796775357	MT:hsa;URS000003124A_9606:rRNA:Homo_sapiens,1671,1730,+	0.8802308599080899	0.002768379621120451
URS000000A460_9606:rRNA:Homo_sapiens	1.0	5.0	0.02358490566037736	186.60894230051505	0.5868964796775357	MT:hsa;URS000000A460_9606:rRNA:Homo_sapiens,1671,1730,+	0.8802308599080899	0.002768379621120451
URS00000BBF1D_9606:rRNA:Homo_sapiens	1.0	5.0	0.02358490566037736	186.60894230051505	0.5868964796775357	MT:hsa;URS00000BBF1D_9606:rRNA:Homo_sapiens,1671,1730,+	0.8802308599080899	0.002768379621120451
URS00000A4AC3_9606:rRNA:Homo_sapiens	1.0	5.0	0.02358490566037736	186.60894230051505	0.5868964796775357	MT:hsa;URS00000A4AC3_9606:rRNA:Homo_sapiens,1671,1730,+	0.8802308599080899	0.002768379621120451
URS000002A8C5_9606:rRNA:Homo_sapiens	1.0	5.0	0.02358490566037736	186.60894230051505	0.5868964796775357	MT:hsa;URS000002A8C5_9606:rRNA:Homo_sapiens,1671,1730,+	0.8802308599080899	0.002768379621120451
URS000005AAC7_9606:rRNA:Homo_sapiens	1.0	5.0	0.02358490566037736	186.60894230051505	0.5868964796775357	MT:hsa;URS000005AAC7_9606:rRNA:Homo_sapiens,1671,1730,+	0.8802308599080899	0.002768379621120451
URS0000085A8F_9606:rRNA:Homo_sapiens	1.0	5.0	0.02358490566037736	186.60894230051505	0.5868964796775357	MT:hsa;URS0000085A8F_9606:rRNA:Homo_sapiens,1671,1730,+	0.8802308599080899	0.002768379621120451
URS000008320B_9606:rRNA:Homo_sapiens	1.0	5.0	0.02358490566037736	186.60894230051505	0.5868964796775357	MT:hsa;URS000008320B_9606:rRNA:Homo_sapiens,1671,1730,+	0.8802308599080899	0.002768379621120451
URS000001EB48_9606:rRNA:Homo_sapiens	1.0	5.0	0.02358490566037736	186.60894230051505	0.5868964796775357	MT:hsa;URS000001EB48_9606:rRNA:Homo_sapiens,1671,1730,+	0.8802308599080899	0.002768379621120451
URS00000B61D3_9606_piR-hsa-691249:piRNA:Homo_sapiens	2.0	2.0	0.18181818181818182	74.64357692020602	0.23475859187101425	1:hsa;URS00000B61D3_9606_piR-hsa-691249:piRNA:Homo_sapiens,161458143,161458170,+	6.78577972001873	0.021341690170092204
URS00000B61D3_9606_piR-hsa-691249:piRNA:Homo_sapiens	2.0	2.0	0.18181818181818182	74.64357692020602	0.23475859187101425	1:hsa;URS00000B61D3_9606_piR-hsa-691249:piRNA:Homo_sapiens,161465503,161465530,+	6.78577972001873	0.021341690170092204
URS00000B61D3_9606_piR-hsa-691249:piRNA:Homo_sapiens	2.0	2.0	0.18181818181818182	74.64357692020602	0.23475859187101425	16:hsa;URS00000B61D3_9606_piR-hsa-691249:piRNA:Homo_sapiens,70789542,70789569,+	6.78577972001873	0.021341690170092204
URS00000B61D3_9606_piR-hsa-691249:piRNA:Homo_sapiens	2.0	2.0	0.18181818181818182	74.64357692020602	0.23475859187101425	6:hsa;URS00000B61D3_9606_piR-hsa-691249:piRNA:Homo_sapiens,27902916,27902943,-	6.78577972001873	0.021341690170092204
URS00000B61D3_9606_piR-hsa-691249:piRNA:Homo_sapiens	2.0	2.0	0.18181818181818182	74.64357692020602	0.23475859187101425	17:hsa;URS00000B61D3_9606_piR-hsa-691249:piRNA:Homo_sapiens,8125781,8125808,+	6.78577972001873	0.021341690170092204
URS00000B61D3_9606_piR-hsa-691249:piRNA:Homo_sapiens	2.0	2.0	0.18181818181818182	74.64357692020602	0.23475859187101425	21:hsa;URS00000B61D3_9606_piR-hsa-691249:piRNA:Homo_sapiens,17454797,17454824,-	6.78577972001873	0.021341690170092204
URS00000B61D3_9606_piR-hsa-691249:piRNA:Homo_sapiens	2.0	2.0	0.18181818181818182	74.64357692020602	0.23475859187101425	1:hsa;URS00000B61D3_9606_piR-hsa-691249:piRNA:Homo_sapiens,161443339,161443366,+	6.78577972001873	0.021341690170092204
URS00000B61D3_9606_piR-hsa-691249:piRNA:Homo_sapiens	2.0	2.0	0.18181818181818182	74.64357692020602	0.23475859187101425	1:hsa;URS00000B61D3_9606_piR-hsa-691249:piRNA:Homo_sapiens,161523855,161523882,-	6.78577972001873	0.021341690170092204
URS00000B61D3_9606_piR-hsa-691249:piRNA:Homo_sapiens	2.0	2.0	0.18181818181818182	74.64357692020602	0.23475859187101425	1:hsa;URS00000B61D3_9606_piR-hsa-691249:piRNA:Homo_sapiens,161450712,161450739,+	6.78577972001873	0.021341690170092204
URS00000B61D3_9606_piR-hsa-691249:piRNA:Homo_sapiens	2.0	2.0	0.18181818181818182	74.64357692020602	0.23475859187101425	16:hsa;URS00000B61D3_9606_piR-hsa-691249:piRNA:Homo_sapiens,70779047,70779074,-	6.78577972001873	0.021341690170092204
URS00000B61D3_9606_piR-hsa-691249:piRNA:Homo_sapiens	2.0	2.0	0.18181818181818182	74.64357692020602	0.23475859187101425	2:hsa;URS00000B61D3_9606_piR-hsa-691249:piRNA:Homo_sapiens,156401155,156401182,-	6.78577972001873	0.021341690170092204
URS000003DDD8_9606:otherRNA:Homo_sapiens	1.0	1.0	1.0	37.32178846010301	0.11737929593550712	18:hsa;URS000003DDD8_9606:otherRNA:Homo_sapiens,35716370,35716429,+	37.32178846010301	0.11737929593550712
URS00000237F6_9606_piR-35283:piRNA:Homo_sapiens	1.0	1.0	0.25	37.32178846010301	0.11737929593550712	14:hsa;URS00000237F6_9606_piR-35283:piRNA:Homo_sapiens,76582239,76582266,-	9.330447115025752	0.02934482398387678
URS00000674BE_9606:otherRNA:Homo_sapiens	1.0	1.0	1.0	37.32178846010301	0.11737929593550712	19:hsa;URS00000674BE_9606:otherRNA:Homo_sapiens,4724654,4724713,-	37.32178846010301	0.11737929593550712
URS00000237F6_9606_piR-35283:piRNA:Homo_sapiens	1.0	1.0	0.25	37.32178846010301	0.11737929593550712	6:hsa;URS00000237F6_9606_piR-35283:piRNA:Homo_sapiens,166883937,166883964,-	9.330447115025752	0.02934482398387678
URS00000237F6_9606_piR-35283:piRNA:Homo_sapiens	1.0	1.0	0.25	37.32178846010301	0.11737929593550712	11:hsa;URS00000237F6_9606_piR-35283:piRNA:Homo_sapiens,11510564,11510591,+	9.330447115025752	0.02934482398387678
URS000008B1D9_9606:otherRNA:Homo_sapiens	1.0	1.0	1.0	37.32178846010301	0.11737929593550712	5:hsa;URS000008B1D9_9606:otherRNA:Homo_sapiens,29395922,29395981,-	37.32178846010301	0.11737929593550712
URS0000050808_9606:otherRNA:Homo_sapiens	1.0	1.0	1.0	37.32178846010301	0.11737929593550712	1:hsa;URS0000050808_9606:otherRNA:Homo_sapiens,219225438,219225497,-	37.32178846010301	0.11737929593550712
URS0000007258_9606_piR-hsa-729457:piRNA:Homo_sapiens	1.0	1.0	1.0	37.32178846010301	0.11737929593550712	8:hsa;URS0000007258_9606_piR-hsa-729457:piRNA:Homo_sapiens,123044717,123044742,+	37.32178846010301	0.11737929593550712
URS000005C80F_9606:snRNA:Homo_sapiens	1.0	1.0	1.0	37.32178846010301	0.11737929593550712	7:hsa;URS000005C80F_9606:snRNA:Homo_sapiens,92701755,92701814,-	37.32178846010301	0.11737929593550712
URS00000237F6_9606_piR-35283:piRNA:Homo_sapiens	1.0	1.0	0.25	37.32178846010301	0.11737929593550712	3:hsa;URS00000237F6_9606_piR-35283:piRNA:Homo_sapiens,119772625,119772652,+	9.330447115025752	0.02934482398387678
