name	pre-microRNA	RC_adj	UR	32150225_EXO_S232150225_EXO_S2(total)	RPM (lib)	arm	isoString_RC_adj
hsa-miR-30a-5p	hsa-mir-30a	509202.0	1066.0	41415.85716823361	130730.30766943847	5p	mlv3p_85.0|NucVar_1931.5|canonical_116692.0|nta#G_353.5|nta#C_746.0|nta#A_33562.5|mv_26818.5|lv5p_8797.0|nta#C#2_41.0|nta#C#1_705.0|lv5p#1_180.0|nta#T#2_61.5|lv5pT_8617.0|nta#T#1_10345.0|nta#UA_3.0|mlv5p_116.0|lv5p#-3_1731.0|lv5p#-2_1810.5|lv5p#-1_5075.5|lv3p#3_40.0|lv3p#2_110413.5|lv3p#1_139774.0|lv5pE_180.0|nta#A#4_1.0|nta#A#3_55.0|nta#A#2_1418.0|nta#A#1_32088.5|lv3pT_59466.0|mlv5p#1_116.0|total_509202.0|nta#AU_13.0|lv3pE_250227.5|mlv3p#2_85.0|nta#G#2_196.5|nta#G#1_157.0|lv3p_309693.5|lv3p#-3_2508.0|lv3p#-2_4422.5|lv3p#-1_52535.5|nta#T_10406.5
hsa-let-7b-5p	hsa-let-7b	390432.5833333333	991.0	31755.767073102223	100237.96399727483	5p	mlv3p_863.3333333333334|NucVar_3011.0|canonical_163381.0|nta#G_2862.0|nta#C_489.25|nta#A_69087.25|mv_3276.25|lv5p_3571.25|nta#T#5_1.5|nta#T#4_118.0|nta#C#1_489.25|lv5p#1_118.0|nta#T#3_31.0|nta#T#2_828.0|lv5pT_3453.25|nta#T#1_18940.0|nta#UA_76.0|mlv5p_44.0|lv5p#-3_507.0|lv5p#-2_924.0|lv5p#-1_2022.25|lv3p#2_157.0|lv3p#1_72533.5|lv5pE_118.0|nta#A#4_35.0|nta#A#3_858.0|nta#A#2_19333.75|nta#A#1_48860.5|lv3pT_51238.25|mlv5p#1_44.0|total_390432.5833333333|nta#AU_24.0|lv3pE_72690.5|mlv3p#3_557.3333333333334|mlv3p#2_306.0|nta#G#2_1.0|nta#G#1_2861.0|lv3p_123928.75|lv3p#-3_1207.5|lv3p#-2_11103.75|lv3p#-1_38927.0|nta#T_19918.5
hsa-miR-10a-5p	hsa-mir-10a	313702.5	867.0	25514.938930557626	80538.6159945798	5p	lv5p#-2_1405.5|lv5p_29771.5|nta#A#1_25326.5|lv5p#-1_26657.5|canonical_55498.0|lv3pE_4371.0|nta#C#1_235.0|nta#AU_2.0|nta#G_69.0|nta#C_235.0|nta#G#2_11.0|nta#G#1_58.0|lv3p_162799.5|nta#A_26495.5|lv3p#2_66.0|lv3p#1_4305.0|NucVar_1452.0|nta#T#2_26.0|nta#T#1_246.0|mv_37110.0|lv3p#-4_915.5|lv3p#-3_1045.5|lv3pT_158428.5|lv3p#-2_11714.0|lv3p#-1_144753.5|lv5pT_29771.5|nta#T_272.0|lv5p#-4_302.0|nta#A#3_227.0|lv5p#-3_1406.5|nta#A#2_942.0|total_313702.5
hsa-miR-30d-5p	hsa-mir-30d	225099.0	766.0	18308.388483769148	57790.93861784308	5p	mlv3p_36.5|NucVar_735.0|canonical_45053.0|nta#G_216.5|nta#C_79.0|nta#A_19560.5|mv_10247.5|lv5p_3602.5|nta#C#2_16.5|nta#C#1_62.5|lv5p#1_116.0|nta#T#2_122.5|lv5pT_3486.5|nta#T#1_6397.0|nta#UA_1.0|lv5p#-3_214.5|lv5p#-2_1657.0|lv5p#-1_1615.0|lv3p#3_377.0|lv3p#2_46832.0|lv3p#1_58565.5|lv5pE_116.0|nta#A#4_1.0|nta#A#3_10.0|nta#A#2_566.5|nta#A#1_18983.0|lv3pT_33274.5|total_225099.0|nta#AU_8.0|lv3pE_105774.5|mlv3p#2_36.5|nta#G#2_63.5|nta#G#1_153.0|lv3p_139049.0|lv3p#-3_911.0|lv3p#-2_6224.5|lv3p#-1_26139.0|nta#T_6519.5
hsa-miR-10b-5p	hsa-mir-10b	218397.0	690.0	17763.282465447337	56070.29627551022	5p	lv5p#-2_880.5|lv5p_9917.5|nta#A#1_10224.5|lv5p#-1_8725.5|canonical_28939.0|lv3pE_2883.0|nta#C#1_110.0|nta#G_207.0|nta#C_110.0|nta#G#2_1.0|nta#G#1_206.0|lv3p_147683.5|nta#A_10725.5|lv3p#1_2883.0|nta#T#3_1.0|nta#T#2_23.0|NucVar_683.0|nta#T#1_931.0|mv_19176.5|lv3p#-4_639.5|lv3p#-3_756.5|lv3pT_144800.5|lv3p#-2_7832.0|lv3p#-1_135572.5|lv5pT_9917.5|nta#T_955.0|lv5p#-4_55.0|nta#A#3_1.0|lv5p#-3_256.5|total_218397.0|nta#A#2_500.0
hsa-miR-125a-5p	hsa-mir-125a	146742.0	539.0	11935.235353712154	37673.903103343546	5p	lv5p#-2_316.0|lv5p_754.0|nta#A#1_2995.0|lv5p#-1_355.0|canonical_5638.0|nta#C#1_95.0|nta#AU_1.0|nta#G_27.0|nta#C_95.0|nta#G#2_6.0|nta#G#1_21.0|lv3p_119861.0|nta#A_3173.0|nta#UA_6.0|nta#T#2_20.0|NucVar_205.0|nta#T#1_2280.0|mv_14689.0|lv3p#-5_438.0|lv3p#-4_2941.0|lv3p#-3_5453.0|lv3pT_119861.0|lv3p#-2_95050.0|lv3p#-1_15979.0|lv5pT_754.0|nta#T_2300.0|lv5p#-3_83.0|total_146742.0|nta#A#2_178.0
hsa-let-7a-5p	hsa-let-7a-3	130427.89999999963	539.0	10608.330833642918	33485.49199665105	5p	lv5p#-2_504.4499999999999|nta#A#1_6555.066666666667|lv5p_3004.516666666669|lv5p#-1_1658.4833333333327|canonical_82954.66666666667|lv3pE_4076.56666666667|nta#C#1_247.45000000000013|nta#AU_0.8|lv5pE_622.0|nta#G_224.5|mlv5p#1_2.25|mlv5p_2.25|nta#C_247.45000000000013|nta#G#1_224.5|lv3p_33799.20000000008|nta#A_7311.5666666666675|nta#T#4_0.3333333333333333|lv3p#1_4076.56666666667|nta#T#3_16.416666666666664|nta#T#2_4.333333333333333|NucVar_1276.2999999999988|nta#T#1_0.8333333333333333|mv_1585.5333333333328|lv3p#-3_253.1666666666667|lv3pT_29722.63333333332|lv5p#1_622.0|lv3p#-2_3427.4666666666676|lv3p#-1_26042.0|lv5pT_2382.5166666666673|nta#T_21.91666666666667|nta#A#3_67.66666666666667|lv5p#-3_219.58333333333337|nta#A#2_688.8333333333333|total_130427.89999999963
hsa-let-7a-5p	hsa-let-7a-2	130134.0666666663	538.0	10584.431949968857	33410.05450412312	5p	lv5p#-2_504.4499999999999|lv5p_2382.5166666666673|nta#A#1_6554.733333333334|lv5p#-1_1658.4833333333327|canonical_82954.66666666667|lv3pE_4076.56666666667|nta#C#1_249.45000000000013|nta#AU_0.8|nta#G_224.5|mlv5p#1_2.25|mlv5p_2.25|nta#C_249.45000000000013|nta#G#1_224.5|lv3p_33799.20000000008|nta#A_7932.7333333333345|nta#T#4_0.3333333333333333|lv3p#1_4076.56666666667|nta#T#3_16.416666666666664|nta#T#2_4.333333333333333|NucVar_1276.2999999999988|nta#T#1_0.8333333333333333|mv_1171.5333333333338|mlv3p_119.0|lv3p#-3_253.1666666666667|lv3pT_29722.63333333332|lv3p#-2_3427.4666666666676|lv3p#-1_26042.0|lv5pT_2382.5166666666673|mlv3p#2_119.0|nta#T_21.91666666666667|nta#A#3_138.66666666666666|lv5p#-3_219.58333333333337|total_130134.0666666663|nta#A#2_1239.3333333333333
hsa-let-7a-5p	hsa-let-7a-1	130018.39999999963	533.0	10575.024221511796	33380.35874699642	5p	mlv3p_168.33333333333334|NucVar_1276.2999999999988|canonical_82954.66666666667|nta#G_224.5|nta#C_247.45000000000013|nta#A_7382.2333333333345|mv_1171.5333333333338|lv5p_2485.0166666666673|nta#T#4_0.3333333333333333|nta#C#1_247.45000000000013|lv5p#1_102.5|nta#T#3_16.416666666666664|nta#T#2_4.333333333333333|lv5pT_2382.5166666666673|nta#T#1_1.8333333333333333|mlv5p_2.25|lv5p#-3_219.58333333333337|lv5p#-2_504.4499999999999|lv5p#-1_1658.4833333333327|lv3p#2_284.0|lv3p#1_4076.56666666667|lv5pE_102.5|nta#A#3_138.66666666666666|nta#A#2_688.8333333333333|nta#A#1_6554.733333333334|lv3pT_29722.63333333332|mlv5p#1_2.25|total_130018.39999999963|nta#AU_0.8|lv3pE_4360.56666666666|mlv3p#3_0.3333333333333333|mlv3p#2_168.0|nta#G#1_224.5|lv3p_34083.20000000008|lv3p#-3_253.1666666666667|lv3p#-2_3427.4666666666676|lv3p#-1_26042.0|nta#T_22.91666666666667
hsa-miR-26a-5p	hsa-mir-26a-2	128684.66666666667	527.0	10466.545250035191	33037.94184954589	5p	mlv3p_677.0|NucVar_1614.3333333333333|canonical_92002.5|nta#G_65.0|nta#C_148.5|nta#A_8604.0|mv_1219.5|lv5p_7937.0|nta#C#2_2.5|nta#C#1_146.0|nta#T#3_2.5|nta#T#2_553.1666666666666|lv5pT_7937.0|nta#T#1_4130.5|nta#UA_3.5|mlv5p_44.0|lv5p#-3_336.0|lv5p#-2_1907.5|lv5p#-1_5693.5|lv3p#1_156.0|nta#A#3_63.5|nta#A#2_1457.5|nta#A#1_7083.0|lv3pT_11530.666666666666|mlv5p#1_44.0|total_128684.66666666667|nta#AU_5.0|lv3pE_156.0|mlv3p#3_118.0|mlv3p#2_559.0|nta#G#3_18.5|nta#G#2_0.5|nta#G#1_46.0|lv3p_11686.666666666666|lv3p#-3_1.0|lv3p#-2_874.1666666666666|lv3p#-1_10655.5|nta#T_4686.166666666667
hsa-miR-26a-5p	hsa-mir-26a-1	128566.66666666667	526.0	10456.947740312426	33007.64704256361	5p	mlv3p_559.0|NucVar_1614.3333333333333|canonical_92002.5|nta#G_65.0|nta#C_148.5|nta#A_8605.0|mv_1095.5|lv5p_8060.0|nta#C#2_2.5|nta#C#1_146.0|lv5p#1_123.0|nta#T#3_2.5|nta#T#2_553.1666666666666|lv5pT_7937.0|nta#T#1_4130.5|nta#UA_3.5|mlv5p_44.0|lv5p#-3_336.0|lv5p#-2_1907.5|lv5p#-1_5693.5|lv3p#1_156.0|lv5pE_123.0|nta#A#3_63.5|nta#A#2_1457.5|nta#A#1_7084.0|lv3pT_11530.666666666666|mlv5p#1_44.0|total_128566.66666666667|nta#AU_5.0|lv3pE_156.0|mlv3p#2_559.0|nta#G#3_18.5|nta#G#2_0.5|nta#G#1_46.0|lv3p_11686.666666666666|lv3p#-3_1.0|lv3p#-2_874.1666666666666|lv3p#-1_10655.5|nta#T_4686.166666666667
hsa-miR-200c-3p	hsa-mir-200c	84017.5	459.0	6833.548924851174	21570.287674865864	3p	lv5p#-2_589.0|nta#A#1_5130.0|lv5p_3889.0|lv5p#-1_2420.0|canonical_37201.0|lv3pE_1.0|nta#C#1_73.0|nta#AU_5.0|lv5pE_163.0|nta#G_134.0|nta#G#3_3.0|nta#C_73.0|nta#G#2_1.0|nta#G#1_130.0|lv3p_29128.5|nta#A_6993.0|nta#UA_6.0|lv3p#1_1.0|nta#T#2_34.0|NucVar_862.0|nta#T#1_3383.5|mv_2319.5|lv3p#-4_100.0|lv3p#-3_1071.0|lv3pT_29127.5|lv5p#1_163.0|lv3p#-2_2858.5|lv3p#-1_25098.0|lv5pT_3726.0|nta#T_3417.5|lv5p#-4_717.0|nta#A#3_484.0|total_84017.5|nta#A#2_1379.0
hsa-miR-21-5p	hsa-mir-21	79617.0	407.0	6475.635013537369	20440.522436513766	5p	lv5p#-2_770.0|lv5p_3076.0|nta#A#1_7249.0|lv5p#-1_2245.0|canonical_33340.0|lv3pE_18954.0|nta#C#2_36.0|nta#C#1_192.0|nta#AU_6.0|nta#G_65.0|mlv5p#1_51.0|mlv5p_51.0|nta#C_228.0|nta#G#2_2.0|nta#G#1_63.0|lv3p_29902.0|nta#A_7638.0|lv3p#2_396.0|lv3p#1_18558.0|NucVar_749.0|nta#T#1_9.0|mv_4559.0|lv3pT_10948.0|lv3p#-2_878.0|lv3p#-1_10070.0|lv5pT_3076.0|nta#T_9.0|lv5p#-3_61.0|total_79617.0|nta#A#2_389.0
hsa-let-7f-5p	hsa-let-7f-2	74334.51666666663	350.0	6045.985139367768	19084.32063167924	5p	lv5p#-2_519.5333333333334|nta#A#1_4452.933333333333|lv5p_2623.4333333333334|lv5p#-1_1485.5666666666666|canonical_49581.0|lv3pE_2971.65|nta#C#1_55.7|nta#AU_0.5|lv5pE_103.0|nta#G_52.333333333333336|nta#C_55.7|nta#G#2_9.333333333333334|nta#G#1_43.0|lv3p_15979.583333333334|nta#A_5041.433333333333|lv3p#2_99.0|nta#T#4_1.0|lv3p#1_2872.65|nta#T#3_11.166666666666666|nta#T#2_2.5|NucVar_645.3666666666667|nta#T#1_2.0|mv_339.0|lv3p#-3_100.5|lv3pT_13007.933333333334|lv5p#1_103.0|lv3p#-2_1245.4333333333332|lv3p#-1_11662.0|lv5pT_2520.4333333333334|nta#T_16.666666666666664|lv5p#-3_515.3333333333334|total_74334.51666666663|nta#A#2_588.5
hsa-let-7f-5p	hsa-let-7f-1	71540.86666666664	326.0	5818.764096681299	18367.09107637363	5p	lv5p#-2_519.5333333333334|lv5p_2520.4333333333334|nta#A#1_4453.933333333333|lv5p#-1_1485.5666666666666|canonical_49581.0|lv3pE_410.0|nta#C#1_55.7|nta#AU_0.5|nta#G_52.333333333333336|nta#C_55.7|nta#G#2_9.333333333333334|nta#G#1_43.0|lv3p_13417.933333333334|nta#A_5042.433333333333|lv3p#1_410.0|nta#T#3_12.166666666666666|nta#T#2_2.5|NucVar_645.3666666666667|nta#T#1_2.0|mv_209.0|lv3p#-3_100.5|lv3pT_13007.933333333334|lv3p#-2_1245.4333333333332|lv3p#-1_11662.0|lv5pT_2520.4333333333334|nta#T_16.666666666666664|lv5p#-3_515.3333333333334|total_71540.86666666664|nta#A#2_588.5
hsa-let-7e-5p	hsa-let-7e	69332.25	375.0	5639.126639628801	17800.060435572574	5p	mlv3p_74.0|NucVar_518.0|canonical_33787.0|nta#G_157.25|nta#C_307.5|nta#A_10463.75|mv_283.5|lv5p_694.5|nta#T#5_1.0|nta#C#2_1.0|nta#T#4_1.0|nta#C#1_306.5|lv5p#1_2.25|nta#T#3_10.25|nta#T#2_258.0|lv5pT_692.25|nta#T#1_7517.0|nta#UA_7.0|mlv5p_102.5|lv5p#-3_1.25|lv5p#-2_245.0|lv5p#-1_446.0|lv3p#2_366.0|lv3p#1_634.0|lv5pE_2.25|nta#A#4_65.0|nta#A#3_319.0|nta#A#2_3013.5|nta#A#1_7066.25|lv3pT_14157.0|mlv5p#1_102.5|total_69332.25|lv3pE_1000.0|mlv3p#2_74.0|nta#G#1_157.25|lv3p_15157.0|lv3p#-3_252.0|lv3p#-2_1211.25|lv3p#-1_12693.75|nta#T_7787.25
hsa-let-7c-5p	hsa-let-7c	56994.63333333333	311.0	4635.6487081535015	14632.554371690409	5p	lv5p#-2_472.0|nta#A#1_5872.05|lv5p_1354.0|lv5p#-1_516.0|canonical_36350.0|lv3pE_4155.25|nta#C#1_19.0|nta#AU_0.8|lv5pE_365.0|nta#G_74.0|nta#C_19.0|nta#G#2_1.0|nta#G#1_73.0|lv3p_11286.2|nta#A_6809.383333333333|nta#T#5_0.5|nta#T#4_2.0|lv3p#1_4155.25|nta#T#3_12.0|nta#T#2_4.0|NucVar_726.2666666666667|nta#T#1_66.33333333333333|mlv3p_136.5|mv_154.45|lv3p#-3_0.5|lv3pT_7130.95|lv5p#1_365.0|lv3p#-2_1101.5333333333333|lv3p#-1_6028.916666666667|lv5pT_989.0|mlv3p#2_136.5|nta#T_84.83333333333333|lv5p#-3_1.0|total_56994.63333333333|nta#A#2_937.3333333333334
hsa-miR-200b-3p	hsa-mir-200b	53302.5	446.0	4335.349677946614	13684.652111637904	3p	lv5p#-2_154.0|lv5p_818.0|nta#A#1_6810.0|lv5p#-1_664.0|canonical_15148.0|lv3pE_12387.0|nta#C#2_20.0|nta#C#1_202.0|nta#AU_5.0|nta#G_228.0|nta#C_222.0|nta#G#2_2.0|nta#G#1_226.0|lv3p_16072.5|nta#A_7554.0|nta#UA_13.0|lv3p#2_99.0|lv3p#1_12288.0|nta#T#2_168.0|NucVar_625.0|nta#T#1_10884.5|mlv3p_1.0|mv_1581.5|lv3p#-3_1.0|lv3pT_3685.5|lv3p#-2_495.0|lv3p#-1_3189.5|lv5pT_818.0|mlv3p#2_1.0|nta#T_11052.5|nta#A#3_55.0|total_53302.5|nta#A#2_689.0
hsa-miR-30a-3p	hsa-mir-30a	47218.0	395.0	3840.467916013006	12122.54403465726	3p	lv5p#-2_161.0|lv5p_2955.0|nta#A#1_5816.0|lv5p#-1_2673.0|canonical_15107.0|lv3pE_275.0|nta#C#2_3.0|nta#C#1_111.0|nta#AU_1.0|nta#G_14.0|nta#C_114.0|nta#G#2_6.0|nta#G#1_8.0|lv3p_10322.5|nta#A_6295.0|nta#UA_3.0|lv3p#1_275.0|nta#T#3_67.0|NucVar_234.5|nta#T#2_850.0|nta#T#1_9284.0|mv_1975.0|lv3p#-3_640.0|lv3pT_10047.5|lv3p#-2_1395.0|lv3p#-1_8012.5|lv5pT_2955.0|nta#T_10201.0|lv5p#-3_121.0|total_47218.0|nta#A#2_479.0
hsa-miR-204-5p	hsa-mir-204	42606.0	309.0	3465.3516885435665	10938.479205824202	5p	lv5p#-2_165.0|lv5p_2046.0|nta#A#1_345.0|lv5p#-1_1650.0|canonical_22742.0|nta#C#3_1.0|lv3pE_6726.0|nta#C#1_19.0|nta#G_7.0|nta#C_20.0|nta#G#1_7.0|lv3p_9004.0|nta#A_411.0|nta#UA_23.0|lv3p#2_148.0|lv3p#1_6578.0|NucVar_508.0|nta#T#2_306.0|nta#T#1_7044.0|mv_516.0|mlv3p_2.0|lv3pT_2278.0|lv3p#-2_490.5|lv3p#-1_1787.5|lv5pT_2046.0|mlv3p#2_2.0|nta#T_7350.0|nta#A#3_66.0|lv5p#-3_231.0|total_42606.0
hsa-let-7g-5p	hsa-let-7g	42272.983333333344	250.0	3438.2658351861414	10852.981954650046	5p	lv5p#-2_984.8333333333334|nta#A#1_2197.3333333333335|lv5p_2934.3333333333335|lv5p#-1_1151.6666666666665|canonical_24230.0|lv3pE_1249.4|nta#C#1_10.0|lv5pE_31.0|nta#G_3.0|nta#C_10.0|nta#G#1_3.0|lv3p_11204.566666666668|nta#A_2316.75|lv3p#1_1249.4|nta#T#3_4.166666666666666|nta#T#2_1.0|NucVar_523.75|nta#T#1_0.16666666666666666|mv_1045.25|lv3p#-3_106.0|lv3pT_9955.166666666668|lv5p#1_31.0|lv3p#-2_518.0833333333333|lv3p#-1_9331.083333333334|lv5pT_2903.3333333333335|nta#T_5.333333333333333|lv5p#-3_766.8333333333334|total_42272.983333333344|nta#A#2_119.41666666666667
hsa-miR-320a-3p	hsa-mir-320a	40340.98333333336	349.0	3281.1269471828996	10356.968674228223	3p	lv5p#-2_221.0|nta#A#1_96.80000000000001|lv5p_1184.0|lv5p#-1_875.0|canonical_15344.0|lv3pE_7228.5|nta#C#1_333.33333333333337|lv5pE_88.0|nta#G_690.7333333333335|nta#C_333.33333333333337|nta#G#2_2.0|nta#G#1_688.7333333333335|lv3p_10136.833333333338|nta#A_96.80000000000001|nta#UA_7.5|lv3p#3_50.0|lv3p#2_1504.5|nta#T#4_26.0|lv3p#1_5674.0|nta#T#3_311.0|NucVar_211.58333333333331|nta#T#2_1591.9999999999998|nta#T#1_7455.700000000001|mlv3p_752.0|mv_2207.0|lv3p#-3_29.0|lv3pT_2908.3333333333344|lv5p#1_88.0|lv3p#-2_100.3333333333333|lv3p#-1_2779.0|lv5pT_1096.0|mlv3p#3_54.0|mlv3p#2_698.0|nta#T_9384.700000000003|total_40340.98333333336
hsa-miR-92a-3p	hsa-mir-92a-1	39371.66666666667	400.0	3202.2877426678824	10108.11052743687	3p	mlv3p_124.0|NucVar_510.5|canonical_24816.5|nta#G_6.5|nta#C_87.0|nta#A_7340.833333333333|mv_345.8333333333333|lv5p_1446.0|nta#C#2_0.5|nta#C#1_86.5|nta#T#3_1.0|nta#T#2_142.5|lv5pT_1446.0|nta#T#1_2220.5|nta#UA_13.5|mlv5p_49.0|lv5p#-3_108.0|lv5p#-2_474.0|lv5p#-1_864.0|lv3p#2_50.0|lv3p#1_1523.0|nta#A#3_12.0|nta#A#2_1472.3333333333333|nta#A#1_5856.5|lv3pT_708.5|mlv5p#1_49.0|total_39371.66666666667|nta#AU_1.5|lv3pE_1573.0|mlv3p#2_124.0|nta#G#2_0.5|nta#G#1_6.0|lv3p_2281.5|lv3p#-2_85.0|lv3p#-1_623.5|nta#T_2364.0
hsa-miR-26b-5p	hsa-mir-26b	37416.666666666664	190.0	3043.2781536169814	9606.19232701002	5p	lv5p#-2_52.0|lv5p_55.0|nta#A#1_3610.0|lv5p#-1_3.0|canonical_5080.0|lv3pE_23548.333333333332|nta#C#1_12.0|nta#AU_2.0|nta#G_8.0|mlv5p#1_105.0|mlv5p_105.0|nta#C_12.0|nta#G#1_8.0|lv3p_23815.0|nta#A_4025.0|nta#UA_1.0|nta#T#5_1.0|lv3p#2_40.0|lv3p#1_23508.333333333332|nta#T#3_3.0|NucVar_62.0|nta#T#2_18.0|nta#T#1_1562.0|mv_2436.6666666666665|mlv3p_234.0|lv3pT_266.6666666666667|lv3p#-1_266.6666666666667|lv5pT_55.0|mlv3p#3_1.0|mlv3p#2_233.0|nta#T_1584.0|nta#A#3_102.0|total_37416.666666666664|nta#A#2_313.0
hsa-miR-92a-3p	hsa-mir-92a-2	37346.66666666667	371.0	3037.58471564585	9588.220831342564	3p	lv5p#-2_474.0|lv5p_1446.0|nta#A#1_5819.5|lv5p#-1_864.0|canonical_24816.5|lv3pE_64.0|nta#C#2_0.5|nta#C#1_86.5|nta#AU_1.5|nta#G_6.5|mlv5p#1_49.0|mlv5p_49.0|nta#C_87.0|nta#G#2_0.5|nta#G#1_6.0|lv3p_772.5|nta#A_7355.833333333333|nta#UA_25.5|lv3p#1_64.0|nta#T#2_130.5|NucVar_510.5|nta#T#1_1955.5|mv_92.83333333333333|mlv3p_124.0|lv3pT_708.5|lv3p#-2_85.0|lv3p#-1_623.5|lv5pT_1446.0|mlv3p#2_124.0|nta#T_2086.0|nta#A#3_12.0|lv5p#-3_108.0|total_37346.66666666667|nta#A#2_1524.3333333333333
hsa-miR-30e-5p	hsa-mir-30e	31430.0	357.0	2556.3536490382644	8069.201554688417	5p	lv5p#-2_87.5|lv5p_357.5|nta#A#1_2331.5|lv5p#-1_269.5|canonical_4578.0|lv3pE_15918.0|nta#C#2_1.5|nta#C#1_24.5|nta#AU_1.0|nta#G_150.0|nta#C_26.0|nta#G#2_2.0|nta#G#1_148.0|lv3p_19058.5|nta#A_2404.0|lv3p#2_8239.5|lv3p#1_7678.5|nta#T#2_1.0|NucVar_478.5|nta#T#1_699.0|mlv3p_13.5|mv_3664.0|lv3p#-3_292.0|lv3pT_3140.5|lv3p#-2_417.0|lv3p#-1_2431.5|lv5pT_357.5|mlv3p#2_13.5|nta#T_700.0|lv5p#-3_0.5|total_31430.0|nta#A#2_72.5
hsa-miR-191-5p	hsa-mir-191	28971.0	191.0	2356.3513065952134	7437.888585455874	5p	lv5p#-2_116.0|lv5p_184.0|nta#A#1_682.0|lv5p#-1_29.0|canonical_3402.0|nta#C#1_11.0|nta#G_5.0|nta#C_11.0|nta#G#1_5.0|lv3p_21458.0|nta#A_683.0|nta#T#2_2.0|NucVar_54.0|nta#T#1_873.0|mv_2299.0|lv3p#-3_303.0|lv3pT_21458.0|lv3p#-2_2449.0|lv3p#-1_18706.0|lv5pT_184.0|nta#T_875.0|lv5p#-3_39.0|total_28971.0|nta#A#2_1.0
hsa-miR-30c-5p	hsa-mir-30c-1	28396.5	337.0	2309.6244478178514	7290.393953156527	5p	lv5p#-2_425.5|lv5p_1314.5|nta#A#1_774.5|lv5p#-1_889.0|canonical_6288.5|lv3pE_15517.0|nta#C#2_5.0|nta#C#1_20.0|nta#G_6.5|nta#C_25.0|nta#G#1_6.5|lv3p_17187.0|nta#A_778.5|lv3p#2_0.5|lv3p#1_15516.5|nta#T#2_1.0|NucVar_101.0|nta#T#1_252.0|mv_2442.5|lv3p#-3_103.5|lv3pT_1670.0|lv3p#-2_820.5|lv3p#-1_746.0|lv5pT_1314.5|nta#T_253.0|nta#A#2_4.0|total_28396.5
hsa-miR-30c-5p	hsa-mir-30c-2	28395.5	336.0	2309.5431129896924	7290.137217504134	5p	lv5p#-2_425.5|lv5p_1314.5|nta#A#1_774.5|lv5p#-1_889.0|canonical_6288.5|lv3pE_15517.0|nta#C#2_5.0|nta#C#1_20.0|nta#G_6.5|nta#C_25.0|nta#G#1_6.5|lv3p_17187.0|nta#A_778.5|lv3p#2_0.5|lv3p#1_15516.5|nta#T#2_1.0|NucVar_101.0|nta#T#1_252.0|mv_2441.5|lv3p#-3_103.5|lv3pT_1670.0|lv3p#-2_820.5|lv3p#-1_746.0|lv5pT_1314.5|nta#T_253.0|nta#A#2_4.0|total_28395.5
hsa-miR-99b-5p	hsa-mir-99b	26416.0	228.0	2148.540820648896	6781.928993593675	5p	lv5p#-2_914.0|lv5p_2067.0|nta#A#1_2451.0|lv5p#-1_1023.0|canonical_17637.0|lv3pE_9.0|nta#C#1_13.0|nta#G_2.0|mlv5p#1_66.0|mlv5p_66.0|nta#C_13.0|nta#G#2_2.0|lv3p_2018.0|nta#A_2653.0|nta#UA_3.0|lv3p#1_9.0|NucVar_420.0|nta#T#1_951.0|mv_587.0|mlv3p_2.0|lv3pT_2009.0|lv3p#-2_206.0|lv3p#-1_1803.0|lv5pT_2067.0|mlv3p#2_2.0|nta#T_951.0|lv5p#-3_130.0|total_26416.0|nta#A#2_202.0
hsa-miR-423-5p	hsa-mir-423	26262.0	252.0	2136.0152571124054	6742.391703125269	5p	lv5p#-2_370.0|lv5p_1807.0|nta#A#1_3120.0|lv5p#-1_641.0|canonical_11200.0|lv3pE_2698.0|nta#C#1_5.0|nta#G_4.0|nta#C_5.0|nta#G#1_4.0|lv3p_8208.0|nta#A_4247.0|nta#T#4_1.0|lv3p#1_2698.0|NucVar_275.0|mv_515.0|lv3p#-4_616.0|lv3p#-3_163.0|lv3pT_5510.0|lv3p#-2_2251.0|lv3p#-1_2480.0|lv5pT_1807.0|nta#T_1.0|nta#A#4_72.0|lv5p#-4_503.0|nta#A#3_484.0|lv5p#-3_293.0|total_26262.0|nta#A#2_571.0
hsa-miR-27b-3p	hsa-mir-27b	23117.5	251.0	1880.2578899663404	5935.0864441778385	3p	lv5p#-2_313.0|lv5p_479.0|nta#A#1_2085.5|lv5p#-1_166.0|canonical_5508.0|lv3pE_2612.0|nta#C#1_2.0|nta#G_13.5|nta#C_2.0|nta#G#2_1.0|nta#G#1_12.5|lv3p_10583.5|nta#A_3052.5|lv3p#1_2612.0|nta#T#3_71.0|nta#T#2_1.0|NucVar_71.0|nta#T#1_1819.0|mlv3p_1.0|mv_1516.0|lv3pT_7971.5|lv3p#-2_3301.5|lv3p#-1_4670.0|lv5pT_479.0|mlv3p#2_1.0|nta#T_1891.0|nta#A#3_339.0|total_23117.5|nta#A#2_628.0
hsa-miR-23b-3p	hsa-mir-23b	21130.5	238.0	1718.6455864143509	5424.952702874438	3p	lv5p_312.0|nta#A#1_491.5|lv5p#-1_312.0|canonical_2363.0|nta#C#3_0.5|lv3pE_2.0|nta#C#2_3.5|nta#C#1_5.0|nta#G_153.0|nta#C_9.0|nta#G#1_153.0|lv3p_11544.5|nta#A_498.5|nta#UA_16.0|lv3p#1_2.0|NucVar_58.0|nta#T#2_480.0|nta#T#1_5183.0|mv_529.5|lv3p#-3_267.0|lv3pT_11542.5|lv3p#-2_4701.5|lv3p#-1_6574.0|lv5pT_312.0|nta#T_5663.0|total_21130.5|nta#A#2_7.0
hsa-miR-23a-3p	hsa-mir-23a	20660.0	187.0	1680.3775497655279	5304.158578423884	3p	lv5p_2.0|nta#A#1_453.0|lv5p#-1_2.0|canonical_6592.0|nta#C#3_0.5|lv3pE_8784.0|nta#C#2_0.5|nta#C#1_14.0|nta#G_221.0|nta#C_15.0|nta#G#1_221.0|lv3p_10247.0|nta#A_516.0|nta#UA_1.0|lv3p#2_379.0|lv3p#1_8405.0|nta#T#2_205.0|NucVar_153.0|nta#T#1_1899.0|mlv3p_1.0|mv_809.0|lv3pT_1463.0|lv3p#-2_306.0|lv3p#-1_1157.0|lv5pT_2.0|mlv3p#2_1.0|nta#T_2104.0|nta#A#4_1.0|nta#A#2_62.0|total_20660.0
hsa-miR-222-3p	hsa-mir-222	16781.0	214.0	1364.8797513366565	4308.2809827943465	3p	nta#A#1_950.0|canonical_1662.0|lv3pE_11267.0|nta#C#2_1.0|nta#C#1_258.0|nta#AU_1.0|nta#G_173.0|nta#C_259.0|nta#G#1_173.0|lv3p_11428.0|nta#A_1049.0|lv3p#4_2017.0|nta#UA_2.0|lv3p#3_3216.0|lv3p#2_5797.0|lv3p#1_237.0|NucVar_21.0|nta#T#2_662.0|nta#T#1_1112.0|mv_134.0|mlv3p_281.0|lv3pT_161.0|lv3p#-1_161.0|mlv3p#4_99.0|mlv3p#3_18.0|mlv3p#2_164.0|nta#T_1774.0|nta#A#3_1.0|nta#A#2_98.0|total_16781.0
hsa-miR-221-3p	hsa-mir-221	14976.0	186.0	1218.0703865096102	3844.8731302263354	3p	lv5p_354.0|nta#A#1_1182.0|lv5p#-1_308.0|canonical_1930.0|lv3pE_506.0|nta#C#2_1.0|nta#C#1_4.0|nta#C_5.0|lv3p_9409.0|nta#A_1301.0|nta#UA_1.0|lv3p#1_506.0|nta#T#3_123.0|NucVar_40.0|nta#T#1_1559.0|mv_255.0|lv3p#-4_3.0|lv3p#-3_1103.0|lv3pT_8903.0|lv3p#-2_1844.0|lv3p#-1_5953.0|lv5pT_354.0|nta#T_1682.0|nta#A#3_59.0|lv5p#-3_46.0|total_14976.0|nta#A#2_60.0
hsa-miR-200a-3p	hsa-mir-200a	14669.0	157.0	1193.1005942647885	3766.055284941915	3p	lv5p#-2_528.0|nta#A#1_976.5|lv5p_945.0|lv5p#-1_320.0|canonical_5431.0|lv3pE_4689.0|nta#C#1_6.0|lv5pE_97.0|nta#G_3.0|nta#C_6.0|nta#G#2_1.0|nta#G#1_2.0|lv3p_6851.5|nta#A_1018.5|lv3p#1_4689.0|nta#T#3_1.0|nta#T#2_2.0|NucVar_83.0|mv_328.0|lv3p#-3_86.5|lv3pT_2162.5|lv5p#1_97.0|lv3p#-2_341.0|lv3p#-1_1735.0|lv5pT_848.0|nta#T_3.0|total_14669.0|nta#A#2_42.0
hsa-miR-423-3p	hsa-mir-423	14499.0	162.0	1179.2736734777536	3722.410224035232	3p	lv5p#-2_264.0|nta#A#1_980.0|lv5p_974.0|lv5p#-1_234.0|canonical_9474.0|lv3pE_1.0|nta#C#1_6.0|lv5pE_476.0|nta#G_80.0|nta#C_6.0|nta#G#1_80.0|lv3p_910.0|nta#A_1124.0|nta#UA_1.0|lv3p#2_1.0|NucVar_207.0|nta#T#2_388.0|nta#T#1_1023.0|mlv3p_68.0|mv_245.0|lv3pT_909.0|lv5p#1_476.0|lv3p#-2_255.0|lv3p#-1_654.0|lv5pT_498.0|mlv3p#2_68.0|nta#T_1411.0|nta#A#4_94.0|nta#A#2_50.0|total_14499.0
hsa-let-7d-5p	hsa-let-7d	14335.75	154.0	1165.9957627807921	3680.4981287821975	5p	lv5p#-2_269.25|lv5p_341.5|nta#A#1_1306.25|lv5p#-1_5.25|canonical_7513.0|lv3pE_377.5|nta#C#1_3.5|nta#G_349.25|nta#C_3.5|nta#G#1_349.25|lv3p_3879.5|nta#A_1773.25|lv3p#1_377.5|nta#T#3_4.0|NucVar_274.25|mv_197.5|lv3p#-3_0.5|lv3pT_3502.0|lv3p#-2_189.0|lv3p#-1_3312.5|lv5pT_341.5|nta#T_4.0|lv5p#-3_67.0|total_14335.75|nta#A#2_467.0
hsa-miR-203a-3p	hsa-mir-203a	14271.0	156.0	1160.7293326574952	3663.874495289799	3p	lv5p#-2_324.0|nta#A#1_205.0|lv5p_4069.0|lv5p#-1_3745.0|canonical_3513.0|lv3pE_531.0|nta#C#1_9.0|nta#G_6.0|nta#C_9.0|nta#G#2_5.0|nta#G#1_1.0|nta#A_563.0|lv3p_725.0|lv3p#1_531.0|nta#T#2_317.0|NucVar_38.0|nta#T#1_3763.0|mv_1268.0|lv3pT_194.0|lv3p#-1_194.0|lv5pT_4069.0|nta#T_4080.0|nta#A#3_41.0|nta#A#2_317.0|total_14271.0
hsa-miR-22-3p	hsa-mir-22	10805.0	84.0	878.8228182583025	2774.028724098261	3p	lv5p#-2_891.0|nta#A#1_192.0|lv5p_1540.0|lv5p#-1_528.0|canonical_7598.0|lv3pE_521.0|nta#C#1_260.0|nta#G_1.0|nta#C_260.0|nta#G#1_1.0|lv3p_867.0|nta#A_224.0|lv3p#1_521.0|NucVar_110.0|mv_205.0|lv3p#-3_43.0|lv3pT_346.0|lv3p#-2_302.0|lv3p#-1_1.0|lv5pT_1540.0|lv5p#-3_121.0|total_10805.0|nta#A#2_32.0
hsa-miR-92b-3p	hsa-mir-92b	10507.666666666668	161.0	854.6392626856848	2697.6926567869655	3p	nta#A#1_1909.0|canonical_2228.0|lv3pE_209.0|nta#C#1_5.0|nta#G_254.0|nta#C_5.0|nta#G#1_254.0|lv3p_999.0|nta#A_3326.3333333333335|nta#UA_2.0|lv3p#1_209.0|nta#T#3_108.0|NucVar_47.0|nta#T#2_269.0|nta#T#1_3101.0|mv_169.33333333333334|mlv3p_1.0|lv3pT_790.0|lv3p#-2_373.0|lv3p#-1_417.0|mlv3p#3_1.0|nta#T_3478.0|nta#A#3_823.0|total_10507.666666666668|nta#A#2_594.3333333333334
hsa-miR-182-5p	hsa-mir-182	10239.0	139.0	832.7873055202924	2628.7163448442475	5p	lv5p#-2_170.0|lv5p_306.0|nta#A#1_331.0|lv5p#-1_136.0|canonical_2051.0|lv3pE_758.0|nta#C#1_8.0|nta#G_2.0|nta#C_8.0|nta#G#1_2.0|lv3p_6171.0|nta#A_337.0|lv3p#1_758.0|NucVar_31.0|nta#T#1_1.0|mv_1332.0|lv3p#-5_84.0|lv3p#-4_855.0|lv3p#-3_221.0|lv3pT_5413.0|lv3p#-2_3421.0|lv3p#-1_832.0|lv5pT_306.0|nta#T_1.0|nta#A#3_2.0|nta#A#2_4.0|total_10239.0
hsa-let-7i-5p	hsa-let-7i	9948.5	125.0	809.1595379400947	2554.134637824299	5p	lv5p#-2_682.5|lv5p_836.5|nta#A#1_2127.5|lv5p#-1_152.5|canonical_4904.0|lv3pE_1.0|nta#C#1_7.0|nta#G_127.0|mlv5p#1_141.0|mlv5p_141.0|nta#C_7.0|nta#G#1_127.0|lv3p_594.5|nta#A_2312.5|lv3p#2_1.0|nta#T#3_1.0|nta#T#2_1.0|NucVar_69.0|nta#T#1_850.0|mv_105.0|lv3pT_593.5|lv3p#-1_593.5|lv5pT_836.5|nta#T_852.0|nta#A#3_46.0|lv5p#-3_1.5|total_9948.5|nta#A#2_139.0
hsa-miR-151a-5p	hsa-mir-151a	9476.0	54.0	770.7288316349536	2432.827042068961	5p	lv5p#-2_231.0|lv5p_701.0|lv5p#-1_330.0|canonical_4121.0|lv3pE_3604.0|nta#C#1_3.5|lv5pE_140.0|nta#C_3.5|lv3p_3969.5|lv3p#2_1.0|lv3p#1_3603.0|NucVar_29.0|nta#T#2_2.0|nta#T#1_1.0|mv_649.0|lv3pT_365.5|lv5p#1_140.0|lv3p#-1_365.5|lv5pT_561.0|nta#T_3.0|total_9476.0
hsa-miR-151a-3p	hsa-mir-151a	9138.0	150.0	743.2376597172021	2346.0503915603804	3p	nta#A#1_2661.0|lv5p_1065.0|canonical_860.0|lv3pE_576.0|nta#C#1_1.0|nta#AU_86.0|lv5pE_1065.0|nta#G_2.0|nta#C_1.0|nta#G#3_1.0|nta#G#1_1.0|lv3p_576.0|nta#A_3514.0|lv3p#2_1.0|lv3p#1_575.0|NucVar_17.0|nta#T#2_251.0|nta#T#1_1515.0|mv_1337.0|lv5p#2_776.0|lv5p#1_289.0|nta#T_1766.0|nta#A#3_186.0|total_9138.0|nta#A#2_667.0
hsa-miR-99a-5p	hsa-mir-99a	8729.0	129.0	709.9717150001594	2241.04550973195	5p	lv5p#-2_281.0|nta#A#1_1167.5|lv5p_693.0|lv5p#-1_308.0|canonical_3779.0|lv3pE_1.0|nta#C#1_91.0|lv5pE_104.0|nta#C_91.0|lv3p_2637.0|nta#A_1247.5|lv3p#1_1.0|NucVar_88.5|nta#T#1_119.0|mv_74.0|lv3pT_2636.0|lv5p#1_104.0|lv3p#-2_79.0|lv3p#-1_2557.0|lv5pT_589.0|nta#T_119.0|total_8729.0|nta#A#2_80.0
hsa-let-7d-3p	hsa-let-7d	8158.0	101.0	663.5295281213541	2094.4494522159753	3p	lv5p_1081.0|nta#A#1_1054.0|lv5p#-1_976.0|canonical_4762.0|nta#C#2_1.0|nta#C#1_145.0|nta#G_164.0|mlv5p#1_68.0|mlv5p_68.0|nta#C_146.0|nta#G#2_1.0|nta#G#1_163.0|lv3p_728.0|nta#A_1055.0|nta#T#2_1.0|NucVar_90.0|mv_63.0|lv3pT_728.0|lv3p#-2_231.0|lv3p#-1_497.0|lv5pT_1081.0|nta#T_1.0|lv5p#-3_105.0|nta#A#2_1.0|total_8158.0
hsa-miR-183-5p	hsa-mir-183	7893.0	88.0	641.9757986592116	2026.414504332029	5p	lv5p_424.0|nta#A#1_192.0|lv5p#-1_424.0|canonical_3990.0|lv3pE_1145.0|nta#C#1_8.0|nta#AU_1.0|nta#G_2.0|nta#C_8.0|nta#G#1_2.0|lv3p_2331.0|nta#A_192.0|lv3p#2_45.0|lv3p#1_1100.0|NucVar_56.0|mv_890.0|lv3pT_1186.0|lv3p#-2_641.0|lv3p#-1_545.0|lv5pT_424.0|total_7893.0
hsa-miR-148a-3p	hsa-mir-148a	7654.0	109.0	622.5367747292038	1965.0546834102813	3p	lv5p#-2_232.0|lv5p_563.5|nta#A#1_222.0|lv5p#-1_331.5|canonical_4733.0|lv3pE_661.5|nta#C#1_2.0|nta#G_1.0|nta#C_2.0|nta#G#1_1.0|lv3p_1509.5|nta#A_345.0|lv3p#2_357.5|lv3p#1_304.0|nta#T#2_1.0|NucVar_84.0|nta#T#1_414.0|mv_1.0|lv3p#-3_6.0|lv3pT_848.0|lv3p#-1_842.0|lv5pT_563.5|nta#T_415.0|total_7654.0|nta#A#2_123.0
hsa-miR-429	hsa-mir-429	7567.0	67.0	615.4606446793683	1942.7186816521555	3p	lv5p_176.0|nta#A#1_271.0|lv5p#-1_176.0|canonical_5794.0|nta#C#1_2.0|nta#G_2.0|nta#C_2.0|nta#G#2_1.0|nta#G#1_1.0|lv3p_948.0|nta#A_271.0|NucVar_119.0|nta#T#2_5.0|nta#T#1_1.0|mv_249.0|lv3pT_948.0|lv3p#-1_948.0|lv5pT_176.0|nta#T_6.0|total_7567.0
hsa-miR-98-5p	hsa-mir-98	6883.55	86.0	559.8723563740804	1767.2527000246723	5p	lv5p#-2_243.0|nta#A#1_848.05|lv5p_668.25|lv5p#-1_425.25|canonical_3706.0|nta#C#1_2.0|nta#G_0.5|nta#C_2.0|nta#G#2_0.5|lv3p_1382.2|nta#A_848.05|nta#T#3_2.0|NucVar_53.1|nta#T#1_107.0|mv_114.45|lv3pT_1382.2|lv3p#-2_1.95|lv3p#-1_1380.25|lv5pT_668.25|nta#T_109.0|total_6883.55
hsa-miR-125b-5p	hsa-mir-125b-1	6373.5	148.0	518.3875272715679	1636.3046805220051	5p	lv5p#-2_176.0|lv5p_369.5|nta#A#1_236.0|lv5p#-1_124.0|canonical_2879.5|nta#C#1_4.5|nta#G_4.0|nta#C_4.5|nta#G#1_4.0|lv3p_2123.0|nta#A_529.0|NucVar_72.5|nta#T#1_263.0|mv_128.5|lv3p#-3_98.0|lv3pT_2123.0|lv3p#-2_805.5|lv3p#-1_1219.5|lv5pT_369.5|nta#T_263.0|nta#A#3_24.5|lv5p#-3_69.5|total_6373.5|nta#A#2_268.5
hsa-miR-125b-5p	hsa-mir-125b-2	6373.5	148.0	518.3875272715679	1636.3046805220051	5p	lv5p#-2_176.0|lv5p_369.5|nta#A#1_236.0|lv5p#-1_124.0|canonical_2879.5|nta#C#1_4.5|nta#G_4.0|nta#C_4.5|nta#G#1_4.0|lv3p_2123.0|nta#A_529.0|NucVar_72.5|nta#T#1_263.0|mv_128.5|lv3p#-3_98.0|lv3pT_2123.0|lv3p#-2_805.5|lv3p#-1_1219.5|lv5pT_369.5|nta#T_263.0|nta#A#3_24.5|lv5p#-3_69.5|total_6373.5|nta#A#2_268.5
hsa-miR-29a-3p	hsa-mir-29a	6246.0	116.0	508.01733668129174	1603.5708848419933	3p	lv5p#-2_429.5|nta#A#1_476.0|lv5p_455.5|canonical_998.0|nta#C#1_1.0|lv5pE_26.0|nta#G_6.0|nta#C_1.0|nta#G#1_6.0|lv3p_1643.5|nta#A_658.0|nta#T#3_1.0|NucVar_21.5|nta#T#1_125.5|mv_2336.0|lv3p#-3_147.0|lv3pT_1643.5|lv5p#1_26.0|lv3p#-2_329.0|lv3p#-1_1167.5|lv5pT_429.5|nta#T_126.5|nta#A#3_130.0|total_6246.0|nta#A#2_52.0
hsa-miR-31-5p	hsa-mir-31	6061.0	85.0	492.9703934718715	1556.074789149427	5p	lv5p_359.0|nta#A#1_1125.0|lv5p#-1_359.0|canonical_312.0|lv3pE_3615.0|nta#C#1_7.0|nta#G_2.0|nta#C_7.0|nta#G#1_2.0|lv3p_3615.0|nta#A_1279.0|lv3p#2_3345.0|lv3p#1_270.0|NucVar_2.0|nta#T#1_44.0|mv_439.0|mlv3p_2.0|lv5pT_359.0|mlv3p#2_2.0|nta#T_44.0|total_6061.0|nta#A#2_154.0
hsa-miR-181a-5p	hsa-mir-181a-2	5883.5	168.0	478.5334614736439	1510.5042108498028	5p	lv5p_294.0|nta#A#1_462.5|lv5p#-1_198.5|canonical_1964.0|lv3pE_169.5|nta#C#1_3.5|nta#G_32.5|nta#C_3.5|nta#G#2_0.5|nta#G#1_32.0|lv3p_2929.75|nta#A_462.5|lv3p#1_169.5|nta#T#2_0.5|NucVar_38.0|nta#T#1_105.25|mv_53.5|lv3p#-3_227.75|lv3pT_2760.25|lv3p#-2_1203.5|lv3p#-1_1329.0|lv5pT_294.0|nta#T_105.75|lv5p#-4_95.5|total_5883.5
hsa-miR-181a-5p	hsa-mir-181a-1	5883.5	168.0	478.5334614736439	1510.5042108498028	5p	lv5p_294.0|nta#A#1_462.5|lv5p#-1_198.5|canonical_1964.0|lv3pE_169.5|nta#C#1_3.5|nta#G_32.5|nta#C_3.5|nta#G#2_0.5|nta#G#1_32.0|lv3p_2929.75|nta#A_462.5|lv3p#1_169.5|nta#T#2_0.5|NucVar_38.0|nta#T#1_105.25|mv_53.5|lv3p#-3_227.75|lv3pT_2760.25|lv3p#-2_1203.5|lv3p#-1_1329.0|lv5pT_294.0|nta#T_105.75|lv5p#-4_95.5|total_5883.5
hsa-miR-24-3p	hsa-mir-24-1	5647.0	122.0	459.2977746140337	1449.7862290590356	3p	lv5p#-2_96.5|lv5p_184.0|nta#A#1_554.0|lv5p#-1_87.5|canonical_2383.0|nta#C#1_3.0|nta#AU_0.5|nta#G_2.0|nta#C_3.0|nta#G#2_0.5|nta#G#1_1.5|lv3p_1079.0|nta#A_586.5|nta#UA_0.5|NucVar_33.5|nta#T#2_25.5|nta#T#1_1269.0|mv_44.5|mlv3p_37.0|lv3p#-3_0.5|lv3pT_1079.0|lv3p#-2_785.0|lv3p#-1_293.5|lv5pT_184.0|mlv3p#2_37.0|nta#T_1294.5|total_5647.0|nta#A#2_32.5
hsa-miR-24-3p	hsa-mir-24-2	5609.0	119.0	456.2070511439906	1440.0302742681301	3p	lv5p#-2_96.5|lv5p_184.0|nta#A#1_554.0|lv5p#-1_87.5|canonical_2383.0|nta#C#1_3.0|nta#AU_0.5|nta#G_2.0|nta#C_3.0|nta#G#2_0.5|nta#G#1_1.5|lv3p_1079.0|nta#A_585.5|nta#UA_0.5|NucVar_33.5|nta#T#2_25.5|nta#T#1_1269.0|mv_44.5|lv3p#-3_0.5|lv3pT_1079.0|lv3p#-2_785.0|lv3p#-1_293.5|lv5pT_184.0|nta#T_1294.5|total_5609.0|nta#A#2_31.5
hsa-miR-141-3p	hsa-mir-141	5557.0	84.0	451.97764007972114	1426.680020343733	3p	lv5p_2.0|nta#A#1_537.5|lv5p#-1_2.0|canonical_1468.0|lv3pE_717.0|nta#C#1_2.0|nta#G_108.0|nta#G#3_1.0|nta#C_2.0|nta#G#1_107.0|lv3p_2549.5|nta#A_1274.5|lv3p#1_717.0|nta#T#2_2.0|NucVar_19.0|nta#T#1_7.0|mv_125.0|lv3p#-3_169.5|lv3pT_1832.5|lv3p#-2_435.0|lv3p#-1_1228.0|lv5pT_2.0|nta#T_9.0|nta#A#3_239.0|total_5557.0|nta#A#2_498.0
hsa-miR-103a-3p	hsa-mir-103a-1	5530.166666666664	111.0	449.79515552412033	1419.7909470045404	3p	lv5p#-2_141.5|nta#A#1_27.0|lv5p_474.5|lv5p#-1_136.5|canonical_3515.5|nta#C#1_7.0|lv5pE_73.0|nta#G_3.5|nta#C_7.0|nta#G#1_3.5|lv3p_483.83333333333326|nta#A_40.333333333333336|NucVar_72.66666666666667|nta#T#2_83.5|nta#T#1_806.8333333333334|mv_42.5|lv5p#2_31.0|lv3pT_483.83333333333326|lv5p#1_42.0|lv3p#-2_181.33333333333337|lv3p#-1_302.5|lv5pT_401.5|nta#T_890.3333333333334|lv5p#-3_123.5|total_5530.166666666664|nta#A#2_13.333333333333334
hsa-miR-103a-3p	hsa-mir-103a-2	5530.166666666664	111.0	449.79515552412033	1419.7909470045404	3p	lv5p#-2_141.5|nta#A#1_27.0|lv5p_474.5|lv5p#-1_136.5|canonical_3515.5|nta#C#1_7.0|lv5pE_73.0|nta#G_3.5|nta#C_7.0|nta#G#1_3.5|lv3p_483.83333333333326|nta#A_40.333333333333336|NucVar_72.66666666666667|nta#T#2_83.5|nta#T#1_806.8333333333334|mv_42.5|lv5p#2_31.0|lv3pT_483.83333333333326|lv5p#1_42.0|lv3p#-2_181.33333333333337|lv3p#-1_302.5|lv5pT_401.5|nta#T_890.3333333333334|lv5p#-3_123.5|total_5530.166666666664|nta#A#2_13.333333333333334
hsa-miR-25-3p	hsa-mir-25	5340.0	74.0	434.32798236921195	1370.968383774615	3p	nta#A#1_180.0|lv5p_22.0|lv5p#-1_22.0|canonical_3736.0|nta#C#1_2.0|nta#G_119.0|nta#C_2.0|nta#G#1_119.0|lv3p_887.0|nta#A_180.0|NucVar_68.0|nta#T#1_326.0|lv3pT_887.0|lv3p#-2_88.0|lv3p#-1_799.0|lv5pT_22.0|nta#T_326.0|total_5340.0
hsa-miR-200b-5p	hsa-mir-200b	5317.0	87.0	432.4572813215543	1365.063463769593	5p	lv5p#-2_1.0|lv5p_458.0|nta#A#1_910.0|lv5p#-1_457.0|canonical_2535.0|lv3pE_1.0|nta#AU_1.0|nta#G_3.0|nta#G#1_3.0|lv3p_714.0|nta#A_1074.0|lv3p#1_1.0|nta#T#2_1.0|NucVar_55.0|nta#T#1_366.0|mv_111.0|lv3pT_713.0|lv3p#-2_40.0|lv3p#-1_673.0|lv5pT_458.0|nta#T_367.0|total_5317.0|nta#A#2_164.0
hsa-miR-100-5p	hsa-mir-100	5169.5	75.0	420.4603941680976	1327.1949550417362	5p	lv5p#-2_1.0|lv5p_131.0|nta#A#1_848.5|lv5p#-1_130.0|canonical_2632.0|lv3pE_48.0|nta#C#1_53.0|nta#G_1.0|nta#C_53.0|nta#G#2_1.0|lv3p_965.0|nta#A_905.5|lv3p#1_48.0|NucVar_39.5|nta#T#1_239.0|mv_203.5|lv3pT_917.0|lv3p#-1_917.0|lv5pT_131.0|nta#T_239.0|total_5169.5|nta#A#2_57.0
hsa-miR-93-5p	hsa-mir-93	5039.0	58.0	409.8461990933444	1293.6909524045477	5p	lv5p_46.0|nta#A#1_373.0|lv5p#-1_46.0|canonical_3313.0|lv3pE_117.0|nta#C#1_1.0|nta#AU_1.0|nta#G_2.0|nta#C_1.0|nta#G#2_1.0|nta#G#1_1.0|lv3p_1142.0|nta#A_374.0|lv3p#1_117.0|NucVar_28.0|nta#T#1_84.0|mv_49.0|lv3pT_1025.0|lv3p#-2_261.0|lv3p#-1_764.0|lv5pT_46.0|nta#T_84.0|total_5039.0|nta#A#2_1.0
hsa-miR-30e-3p	hsa-mir-30e	4749.0	93.0	386.25909892722615	1219.2376132107952	3p	lv5p#-2_133.0|lv5p_235.0|nta#A#1_495.0|lv5p#-1_1.0|canonical_999.0|nta#G_2.0|nta#G#1_2.0|lv3p_1068.5|nta#A_495.0|nta#UA_1.0|NucVar_22.5|nta#T#2_89.0|nta#T#1_1663.0|mv_175.0|lv3p#-3_273.0|lv3pT_1068.5|lv3p#-2_534.0|lv3p#-1_261.5|lv5pT_235.0|nta#T_1752.0|lv5p#-3_101.0|total_4749.0
hsa-miR-30b-5p	hsa-mir-30b	4461.0	54.0	362.834668417426	1145.297745321827	5p	lv5p#-2_263.0|nta#A#1_109.0|lv5p_479.0|lv5p#-1_216.0|canonical_2941.0|nta#C#1_118.0|nta#C_118.0|lv3p_1.0|nta#A_109.0|NucVar_41.0|nta#T#1_205.0|mv_555.0|mlv3p_12.0|lv3pT_1.0|lv3p#-1_1.0|lv5pT_479.0|mlv3p#2_12.0|nta#T_205.0|total_4461.0
hsa-miR-28-3p	hsa-mir-28	3977.0	28.0	323.46861158845616	1021.0376895639781	3p	lv3p#-1_140.0|nta#C#1_58.0|nta#C_58.0|nta#A_421.0|lv3pT_140.0|canonical_2552.0|nta#T_616.0|nta#A#3_56.0|lv3p#1_91.0|nta#A#2_179.0|nta#A#1_186.0|total_3977.0|nta#T#1_616.0|lv3p_231.0|mv_88.0|lv3pE_91.0|NucVar_11.0
hsa-miR-652-3p	hsa-mir-652	3914.0	58.0	318.3445174144374	1004.8633434632663	3p	nta#A_862.0|canonical_668.0|nta#T_1956.0|nta#UA_1.0|nta#A#3_30.0|lv3p#2_41.0|nta#A#2_1.0|lv3p#1_374.0|nta#A#1_831.0|total_3914.0|nta#T#1_1956.0|lv3p_415.0|nta#G#1_2.0|lv3pE_415.0|nta#G_2.0|NucVar_11.0
hsa-miR-27a-3p	hsa-mir-27a	3667.5	60.0	298.29548227323687	941.5780051485767	3p	nta#A#1_83.0|canonical_724.0|nta#C#1_1.0|nta#G_14.5|nta#C_1.0|nta#G#2_1.0|nta#G#1_13.5|lv3p_2105.0|nta#A_107.0|NucVar_127.0|nta#T#2_153.0|nta#T#1_229.0|mv_207.0|lv3pT_2105.0|lv3p#-2_136.0|lv3p#-1_1969.0|nta#T_382.0|nta#A#3_23.0|nta#A#2_1.0|total_3667.5
hsa-miR-135b-5p	hsa-mir-135b	3655.3333333333335	47.0	297.30590853063535	938.4543880444711	5p	lv5p#-2_161.0|lv5p_162.0|lv5p#-1_1.0|canonical_2729.0|nta#C#1_2.0|nta#G_7.0|nta#C_2.0|nta#G#1_7.0|lv3p_638.3333333333334|nta#A_1.0|NucVar_59.0|nta#T#1_57.0|lv3pT_638.3333333333334|lv3p#-1_638.3333333333334|lv5pT_162.0|nta#T_57.0|total_3655.3333333333335|nta#A#2_1.0
hsa-miR-10a-3p	hsa-mir-10a	3463.0	55.0	281.66250991471554	889.0755642343617	3p	lv3p#-1_1841.0|lv5p_1.0|nta#A_211.0|canonical_84.0|lv3pT_2629.0|nta#A#3_21.0|nta#A#1_190.0|lv5pT_1.0|total_3463.0|lv5p#-1_1.0|lv3p_2629.0|nta#G#1_1.0|lv3p#-3_145.0|mv_536.0|nta#G_1.0|NucVar_1.0|lv3p#-2_643.0
hsa-miR-30c-2-3p	hsa-mir-30c-2	3282.5	44.0	266.9815734320109	842.7347789775605	3p	lv3p#-1_679.0|nta#A_395.0|lv3pT_1758.5|canonical_1032.0|nta#T_1.0|lv3p#1_80.0|nta#A#1_395.0|total_3282.5|nta#T#1_1.0|lv3p_1838.5|lv3pE_80.0|NucVar_16.0|lv3p#-2_1079.5
hsa-miR-192-5p	hsa-mir-192	3176.0	62.0	258.3194142330744	815.3924319977859	5p	nta#A_319.0|canonical_49.0|mlv3p_1.0|nta#T_1063.0|lv3p#3_179.0|lv3p#1_364.0|nta#T#4_36.0|mlv3p#3_1.0|nta#A#1_319.0|nta#T#2_1.0|total_3176.0|nta#T#1_1026.0|lv3p_543.0|mv_1201.0|lv3pE_543.0
hsa-miR-532-5p	hsa-mir-532	3158.0	51.0	256.8553873262119	810.7711902547254	5p	nta#C#1_1.0|lv5p_252.0|nta#C_1.0|nta#A_468.0|canonical_2375.0|nta#T_2.0|nta#A#1_468.0|lv5pT_252.0|total_3158.0|nta#T#2_2.0|lv5p#-1_252.0|nta#G#1_1.0|nta#G_1.0|NucVar_59.0
hsa-miR-361-5p	hsa-mir-361	2827.0	40.0	229.93355920557346	725.7916893128906	5p	lv5p#-2_46.0|nta#A#1_491.0|lv5p_162.0|lv5p#-1_116.0|canonical_1287.0|lv3pE_153.0|nta#AU_1.0|nta#G_2.0|nta#G#1_2.0|lv3p_652.0|nta#A_491.0|lv3p#1_153.0|NucVar_14.0|nta#T#1_219.0|lv3pT_499.0|lv3p#-2_250.0|lv3p#-1_249.0|lv5pT_162.0|nta#T_219.0|total_2827.0
hsa-miR-193a-5p	hsa-mir-193a	2744.0	40.0	223.1827684683741	704.482630164334	5p	lv3p#-1_217.0|nta#C#1_8.0|nta#C_8.0|nta#A_76.0|lv3pT_217.0|canonical_2358.0|nta#T_48.0|nta#A#2_76.0|total_2744.0|nta#T#1_48.0|lv3p_217.0|nta#G#1_3.0|nta#G_3.0|NucVar_34.0
hsa-miR-502-3p	hsa-mir-502	2657.5	48.0	216.14730583261812	682.2749962324043	3p	lv5p#-2_210.0|nta#A#1_67.0|lv5p_211.0|canonical_1852.0|lv3pE_184.0|nta#C#1_1.5|nta#C_1.5|lv3p_376.0|nta#A_67.0|lv3p#1_184.0|NucVar_32.0|mv_118.0|lv3p#-3_64.0|lv3pT_192.0|lv3p#-2_128.0|lv5pT_211.0|lv5p#-3_1.0|total_2657.5
hsa-miR-205-5p	hsa-mir-205	2418.0	50.0	196.6676144885308	620.7868074844604	5p	nta#A#1_484.0|lv5p_120.0|canonical_344.0|lv3pE_925.0|nta#G_63.0|nta#G#1_63.0|lv3p_925.0|nta#A_498.0|nta#UA_1.0|lv3p#1_925.0|NucVar_6.0|nta#T#1_357.0|mv_105.0|lv5pT_120.0|nta#T_357.0|nta#A#3_14.0|lv5p#-3_120.0|total_2418.0
hsa-miR-500a-3p	hsa-mir-500a	2356.5	41.0	191.66552255675057	604.9975648623371	3p	lv3p#-1_999.0|nta#C#1_1.5|nta#C_1.5|nta#A_207.0|canonical_251.0|lv3pT_1117.0|nta#T_242.0|nta#A#1_207.0|nta#T#2_1.0|total_2356.5|nta#T#1_241.0|lv3p_1117.0|mv_532.0|NucVar_6.0|lv3p#-2_118.0
hsa-miR-186-5p	hsa-mir-186	2305.0	29.0	187.4767789065606	591.7756787641362	5p	lv5p#-2_56.0|lv5p_58.0|nta#A#1_2.0|lv5p#-1_1.0|canonical_1323.0|lv3pE_392.0|nta#C#1_1.0|nta#G_3.0|mlv5p#1_14.0|mlv5p_14.0|nta#C_1.0|nta#G#1_3.0|lv3p_526.0|nta#A_100.0|lv3p#2_103.0|lv3p#1_289.0|NucVar_5.0|mv_275.0|lv3pT_134.0|lv3p#-1_134.0|lv5pT_58.0|lv5p#-3_1.0|total_2305.0|nta#A#2_98.0
hsa-miR-501-3p	hsa-mir-501	1880.0	37.0	152.9094769389735	482.66302649742994	3p	lv3p#-1_184.0|nta#C#1_489.0|nta#C_489.0|nta#A_225.0|lv3pT_184.0|canonical_959.0|nta#A#2_39.0|nta#A#1_186.0|total_1880.0|lv3p_184.0|nta#G#1_1.0|nta#G_1.0|NucVar_22.0
hsa-miR-101-3p	hsa-mir-101-2	1869.0	52.0	152.0147938292242	479.8389343211152	3p	nta#A#1_238.5|lv5p_125.0|canonical_143.0|lv3pE_366.5|nta#C#1_0.5|lv5pE_125.0|nta#G_1.0|nta#C_0.5|nta#G#1_1.0|lv3p_372.0|nta#A_239.0|lv3p#2_131.0|lv3p#1_235.5|NucVar_0.5|nta#T#1_78.5|mlv3p_1.0|mv_908.5|lv3pT_5.5|lv5p#1_125.0|lv3p#-1_5.5|mlv3p#2_1.0|nta#T_78.5|total_1869.0|nta#A#2_0.5
hsa-miR-342-3p	hsa-mir-342	1803.0	49.0	146.64669517072832	462.8943812632267	3p	lv5p#-2_163.0|lv5p_163.0|canonical_375.0|lv3pE_941.0|nta#C#1_1.0|nta#C_1.0|lv3p_990.0|nta#UA_1.0|lv3p#2_139.0|lv3p#1_802.0|NucVar_12.0|nta#T#2_1.0|nta#T#1_62.0|mv_199.0|lv3pT_49.0|lv3p#-1_49.0|lv5pT_163.0|nta#T_63.0|total_1803.0
hsa-miR-101-3p	hsa-mir-101-1	1737.0	50.0	141.27859651223244	445.9498282053382	3p	nta#A#1_238.5|lv5p_125.0|canonical_143.0|lv3pE_235.5|nta#C#1_0.5|lv5pE_125.0|nta#G_1.0|nta#C_0.5|nta#G#1_1.0|lv3p_241.0|nta#A_239.0|lv3p#1_235.5|NucVar_0.5|nta#T#1_78.5|mv_908.5|lv3pT_5.5|lv5p#1_125.0|lv3p#-1_5.5|nta#T_78.5|total_1737.0|nta#A#2_0.5
hsa-miR-196a-5p	hsa-mir-196a-2	1712.5	58.0	139.28589322233623	439.65980472172805	5p	lv5p_104.5|nta#A#1_240.5|lv5p#-1_104.5|canonical_479.0|lv3pE_511.5|nta#C#1_78.5|nta#C_78.5|lv3p_607.0|nta#A_241.5|lv3p#3_1.0|lv3p#1_510.5|NucVar_8.0|nta#T#2_100.0|nta#T#1_94.0|lv3pT_95.5|lv3p#-1_95.5|lv5pT_104.5|nta#T_194.0|total_1712.5|nta#A#2_1.0
hsa-miR-505-3p	hsa-mir-505	1689.0	37.0	137.37452476059906	433.62651689051023	3p	lv3p#-1_218.0|nta#C#1_1.0|nta#C_1.0|lv3pT_218.0|canonical_146.0|lv3p#2_577.0|lv3p#1_143.0|total_1689.0|lv3p_938.0|nta#G#1_69.0|mv_533.0|lv3pE_720.0|nta#G_69.0|NucVar_2.0
hsa-miR-16-5p	hsa-mir-16-1	1626.5	51.0	132.2910980006598	417.58053861599456	5p	lv5p_0.5|nta#A#1_159.5|lv5p#-1_0.5|canonical_943.5|lv3pE_424.0|nta#C#1_0.5|nta#G_0.5|nta#C_0.5|nta#G#1_0.5|lv3p_502.5|nta#A_159.5|lv3p#2_166.0|lv3p#1_258.0|NucVar_17.0|nta#T#1_1.0|mv_1.5|lv3pT_78.5|lv3p#-1_78.5|lv5pT_0.5|nta#T_1.0|total_1626.5
hsa-miR-181b-5p	hsa-mir-181b-2	1587.3333333333333	58.0	129.1054838977645	407.5250588972981	5p	lv5p_1.0|nta#A#1_45.0|lv5p#-1_1.0|canonical_911.0|lv3pE_194.0|nta#C#1_2.0|nta#G_1.0|nta#C_2.0|nta#G#1_1.0|lv3p_483.75|nta#A_168.0|lv3p#1_194.0|nta#T#2_0.5|NucVar_19.833333333333332|nta#T#1_0.25|lv3p#-3_0.25|lv3pT_289.75|lv3p#-2_156.5|lv3p#-1_133.0|lv5pT_1.0|nta#T_0.75|total_1587.3333333333333|nta#A#2_123.0
hsa-miR-181b-5p	hsa-mir-181b-1	1587.3333333333333	58.0	129.1054838977645	407.5250588972981	5p	lv5p_1.0|nta#A#1_45.0|lv5p#-1_1.0|canonical_911.0|lv3pE_194.0|nta#C#1_2.0|nta#G_1.0|nta#C_2.0|nta#G#1_1.0|lv3p_483.75|nta#A_168.0|lv3p#1_194.0|nta#T#2_0.5|NucVar_19.833333333333332|nta#T#1_0.25|lv3p#-3_0.25|lv3pT_289.75|lv3p#-2_156.5|lv3p#-1_133.0|lv5pT_1.0|nta#T_0.75|total_1587.3333333333333|nta#A#2_123.0
hsa-miR-125b-2-3p	hsa-mir-125b-2	1544.0	33.0	125.58097467753994	396.39984729363397	3p	nta#C_1.0|nta#A_5.0|nta#T_79.0|nta#A#2_1.0|nta#A#1_4.0|total_1544.0|nta#T#1_79.0|nta#G#1_1.0|mv_1458.0|nta#G_1.0|nta#C#3_1.0
hsa-miR-1180-3p	hsa-mir-1180	1485.0	30.0	120.78221981615727	381.2524438024912	3p	lv3p#-1_163.0|nta#A_280.0|lv3pT_856.0|canonical_342.0|nta#A#1_280.0|total_1485.0|lv3p_856.0|lv3p#-3_5.0|NucVar_7.0|lv3p#-2_688.0
hsa-miR-194-5p	hsa-mir-194-2	1434.5	33.0	116.67481099412632	368.2872933566826	5p	lv5p_53.0|nta#A_215.0|canonical_102.0|nta#T_1.0|lv3p#1_953.0|nta#A#1_215.0|lv5pT_53.0|total_1434.5|nta#T#1_1.0|lv5p#-2_52.5|lv5p#-1_0.5|lv3p_953.0|mv_107.0|nta#G#1_0.5|lv3pE_953.0|NucVar_3.0|nta#G_0.5
hsa-miR-16-5p	hsa-mir-16-2	1420.5	46.0	115.53612339989992	364.6929942231911	5p	nta#A#1_118.5|lv5p_0.5|lv5p#-1_0.5|canonical_943.5|lv3pE_259.0|nta#C#1_0.5|nta#G_0.5|nta#C_0.5|nta#G#1_0.5|lv3p_337.5|nta#A_118.5|lv3p#2_1.0|lv3p#1_258.0|NucVar_17.0|nta#T#1_1.0|mv_1.5|lv3pT_78.5|lv3p#-1_78.5|lv5pT_0.5|nta#T_1.0|total_1420.5
hsa-miR-455-3p	hsa-mir-455	1394.0	30.0	113.38075045368568	357.88949943479645	3p	lv3p#-1_271.0|nta#C#1_108.0|nta#C_109.0|nta#A_295.0|canonical_57.0|lv3pT_271.0|lv3p#1_662.0|nta#A#1_295.0|total_1394.0|lv3p_933.0|lv3pE_662.0|nta#C#3_1.0
hsa-miR-424-3p	hsa-mir-424	1370.0	28.0	111.42871457786899	351.7278437773825	3p	lv3p#-1_159.0|lv5p_234.0|nta#A_2.0|lv3pT_159.0|canonical_555.0|nta#T_115.0|nta#A#2_1.0|lv3p#1_68.0|nta#A#1_1.0|lv5pT_234.0|total_1370.0|nta#T#1_115.0|lv5p#-1_234.0|lv3p_227.0|mv_228.0|lv3pE_68.0|NucVar_9.0
hsa-miR-374b-5p	hsa-mir-374b	1367.0	23.0	111.1847100933919	350.9576368202057	5p	lv3p#-1_325.0|nta#C#1_1.0|lv5p_77.0|nta#C_1.0|nta#A_452.0|lv3pT_589.0|canonical_244.0|nta#A#1_452.0|lv5pT_77.0|total_1367.0|lv5p#-1_77.0|lv3p_589.0|nta#G#1_1.0|nta#G_1.0|NucVar_3.0|lv3p#-2_264.0
hsa-miR-128-3p	hsa-mir-128-1	1362.0	49.0	110.77803595259677	349.67395855824446	3p	lv5p#-2_0.5|nta#A#1_120.0|lv5p_121.0|lv5p#-1_120.5|canonical_419.0|lv3pE_388.0|nta#G_1.0|nta#G#1_1.0|lv3p_501.5|nta#A_120.0|lv3p#2_59.0|lv3p#1_329.0|NucVar_10.0|mv_189.5|lv3pT_113.5|lv3p#-2_40.5|lv3p#-1_73.0|lv5pT_121.0|total_1362.0
hsa-miR-197-3p	hsa-mir-197	1358.0	13.0	110.45269663996065	348.64701594867546	3p	canonical_1092.0|lv3pE_162.0|total_1358.0|nta#T#1_97.0|lv3p_162.0|nta#T_97.0|NucVar_7.0|lv3p#1_162.0
hsa-miR-361-3p	hsa-mir-361	1358.0	33.0	110.45269663996065	348.64701594867546	3p	lv3p#-1_461.0|nta#A_75.0|lv3pT_754.0|canonical_143.0|lv3p#1_287.0|nta#A#1_75.0|total_1358.0|lv3p_1041.0|mv_99.0|lv3p#-3_42.0|lv3pE_287.0|lv3p#-2_251.0
hsa-miR-146b-5p	hsa-mir-146b	1351.0	24.0	109.88335284284744	346.8498663819297	5p	lv3p#-1_87.0|nta#A_169.0|lv3pT_87.0|canonical_193.0|lv3p#1_848.0|nta#A#1_169.0|total_1351.0|lv3p_935.0|nta#G#1_1.0|mv_50.0|lv3pE_848.0|nta#G_1.0|NucVar_3.0
hsa-miR-29c-3p	hsa-mir-29c	1289.0	27.0	104.84059349698768	330.93225593361024	3p	lv5p#-2_0.5|lv5p_0.5|nta#A#1_373.0|canonical_56.0|lv3pE_98.0|nta#C#1_1.0|nta#C_1.0|lv3p_769.5|nta#A_373.0|lv3p#1_98.0|NucVar_0.5|nta#T#1_0.5|mv_88.0|lv3p#-3_42.0|lv3pT_671.5|lv3p#-2_387.0|lv3p#-1_242.5|lv5pT_0.5|nta#T_0.5|total_1289.0
hsa-miR-877-5p	hsa-mir-877	1244.0	17.0	101.1805262298314	319.379151575959	5p	nta#A_744.0|canonical_1.0|nta#T_251.0|lv3p#4_40.0|nta#A#2_335.0|nta#A#1_409.0|total_1244.0|nta#T#1_251.0|lv3p_40.0|nta#G#1_104.0|mv_104.0|lv3pE_40.0|nta#G_104.0
hsa-miR-425-5p	hsa-mir-425	1183.0	31.0	96.21910171213067	303.7182767800317	5p	lv3p#-1_316.0|nta#C#1_2.0|nta#C_2.0|nta#A_131.0|canonical_101.0|lv3pT_317.0|lv3p#2_266.0|lv3p#1_207.0|nta#A#1_131.0|total_1183.0|lv3p_790.0|mv_154.0|lv3p#-3_1.0|lv3pE_473.0|NucVar_5.0
hsa-miR-95-3p	hsa-mir-95	1172.0	17.0	95.32441860238136	300.89418460371695	3p	lv3p#-1_286.0|nta#A_195.0|lv3pT_488.0|canonical_230.0|nta#AU_2.0|nta#A#1_195.0|total_1172.0|lv3p_488.0|mv_258.0|NucVar_1.0|lv3p#-2_202.0
hsa-miR-363-3p	hsa-mir-363	1145.0	19.0	93.12837824208759	293.9623219891262	3p	lv3p#-1_450.0|nta#A_1.0|lv3pT_450.0|canonical_601.0|nta#T_1.0|nta#A#2_1.0|lv3p#1_45.0|total_1145.0|nta#T#1_1.0|lv3p_495.0|mv_37.0|lv3pE_45.0|NucVar_10.0
hsa-let-7b-3p	hsa-let-7b	1137.0	19.0	92.47769961681536	291.9084367699882	3p	lv3p#-1_305.0|nta#C_1.0|nta#A_14.0|canonical_1.0|lv3pT_305.0|nta#T_637.0|nta#A#2_1.0|lv3p#1_179.0|nta#A#1_13.0|total_1137.0|nta#T#1_637.0|lv3p_484.0|lv3pE_179.0|nta#C#3_1.0
hsa-miR-331-3p	hsa-mir-331	1129.0	19.0	91.82702099154314	289.8545515508502	3p	lv3p#-1_294.0|nta#C#1_1.0|nta#C_1.0|nta#A_6.0|lv3pT_294.0|canonical_818.0|nta#A#1_6.0|total_1129.0|lv3p_294.0|NucVar_10.0
hsa-miR-574-3p	hsa-mir-574	1124.0	34.0	91.42034685074799	288.57087328888895	3p	nta#C#2_1.0|lv3p#-1_374.0|lv5p_229.0|nta#C_1.0|nta#A_275.0|lv3pT_374.0|canonical_239.0|nta#A#3_91.0|nta#A#1_184.0|lv5pT_229.0|total_1124.0|lv5p#-1_229.0|lv3p_374.0|nta#G#1_3.0|NucVar_3.0|nta#G_3.0
hsa-miR-181a-2-3p	hsa-mir-181a-2	1103.0	24.0	89.71231545940839	283.1794245886517	3p	lv3p#-1_134.0|nta#A_3.0|lv3pT_134.0|canonical_946.0|nta#T_1.0|nta#A#1_3.0|total_1103.0|nta#T#1_1.0|lv3p_134.0|NucVar_19.0
hsa-miR-584-5p	hsa-mir-584	1101.0	20.0	89.54964580309033	282.6659532838672	5p	lv3p#-1_491.0|nta#A_166.0|canonical_97.0|lv3pT_641.0|nta#T_196.0|nta#A#1_166.0|nta#T#3_109.0|total_1101.0|nta#T#1_87.0|lv3p_641.0|nta#G#1_1.0|lv3p#-3_150.0|nta#G_1.0
hsa-miR-532-3p	hsa-mir-532	1099.0	23.0	89.38697614677227	282.1524819790827	3p	lv3p#-1_123.0|nta#A_1.0|lv3pT_123.0|canonical_820.0|nta#T_129.0|nta#A#2_1.0|total_1099.0|nta#T#1_129.0|lv3p_123.0|NucVar_26.0
hsa-miR-200a-5p	hsa-mir-200a	1077.0	30.0	87.59760992727365	276.5042976264532	5p	lv3p#-1_137.0|lv5p_52.0|nta#A_258.0|lv3pT_137.0|canonical_474.0|nta#A#2_1.0|lv3p#1_148.0|nta#A#1_257.0|lv5pT_52.0|total_1077.0|lv5p#-1_52.0|lv3p_285.0|lv3pE_148.0|NucVar_8.0
hsa-miR-224-5p	hsa-mir-224	1063.0	22.0	86.45892233304725	272.90999849296173	5p	mv_455.0|lv5p_607.0|lv5pT_607.0|lv5p#-4_62.0|nta#G#1_1.0|lv5p#-1_545.0|total_1063.0|nta#G_1.0
hsa-miR-28-5p	hsa-mir-28	1062.0	20.0	86.37758750488823	272.6532628405695	5p	lv3p#-1_345.0|nta#A_526.0|lv3pT_345.0|canonical_143.0|lv3p#1_46.0|nta#A#1_526.0|total_1062.0|lv3p_391.0|nta#G#1_1.0|lv3pE_46.0|nta#G_1.0|NucVar_1.0
hsa-miR-15b-5p	hsa-mir-15b	1046.0	24.0	85.07623025434377	268.54549240229346	5p	lv3p#-1_277.0|nta#C#1_1.0|lv5p_65.0|nta#C_1.0|nta#A_151.0|lv3pT_277.0|canonical_542.0|nta#A#2_1.0|nta#A#1_150.0|lv5pT_65.0|total_1046.0|lv5p#-2_65.0|lv3p_277.0|nta#G#1_1.0|nta#G_1.0|NucVar_9.0
hsa-miR-375-3p	hsa-mir-375	1037.0	23.0	84.3442168009125	266.2348715307632	3p	lv3p#-1_1.0|lv5p_226.0|nta#A_64.0|lv3pT_1.0|canonical_733.0|nta#A#1_64.0|lv5pT_226.0|total_1037.0|lv5p#-1_226.0|lv3p_1.0|nta#G#1_1.0|nta#G_1.0|NucVar_12.0
hsa-miR-185-5p	hsa-mir-185	990.0	17.0	80.52147987743817	254.16829586832748	5p	lv3p#-1_205.0|lv5p_259.0|nta#A_75.0|lv3pT_205.0|canonical_332.0|nta#T_1.0|nta#A#1_75.0|lv5pT_259.0|total_990.0|nta#T#1_1.0|lv5p#-1_259.0|lv3p_205.0|mv_113.0|NucVar_5.0
hsa-miR-660-5p	hsa-mir-660	975.0	19.0	79.30145745505274	250.31726108244374	5p	nta#A_2.0|canonical_280.0|lv3p#1_683.0|nta#A#1_2.0|total_975.0|lv3p_683.0|nta#G#2_1.0|lv3pE_683.0|nta#G_1.0|NucVar_9.0
hsa-miR-891a-5p	hsa-mir-891a	974.0	22.0	79.22012262689371	250.06052543005148	5p	nta#C#2_1.0|lv3p#-1_44.0|nta#C#1_1.0|nta#C_2.0|nta#A_1.0|lv3pT_172.0|canonical_471.0|mlv3p_139.0|nta#T_180.0|nta#UA_1.0|nta#A#1_1.0|mlv3p#2_139.0|total_974.0|nta#T#1_180.0|lv3p_172.0|NucVar_9.0|lv3p#-2_128.0
hsa-miR-196a-5p	hsa-mir-196a-1	944.0	31.0	76.78007778212286	242.35845585828397	5p	lv3p#-1_95.5|nta#C#1_0.5|lv5p_104.5|nta#C_0.5|nta#A_161.5|lv3pT_95.5|canonical_479.0|nta#T_94.0|lv3p#1_1.0|nta#A#1_161.5|lv5pT_104.5|total_944.0|nta#T#1_94.0|lv5p#-1_104.5|lv3p_96.5|lv3pE_1.0|NucVar_8.0
hsa-miR-10b-3p	hsa-mir-10b	938.0	18.0	76.2920688131687	240.81804194393047	3p	lv3p#-1_50.0|lv5p_212.0|nta#A_62.0|lv3pT_50.0|canonical_548.0|nta#A#3_33.0|nta#A#2_29.0|lv5pT_212.0|total_938.0|lv5p#-2_86.0|lv5p#-1_126.0|lv3p_50.0|mv_60.0|NucVar_6.0
hsa-miR-1260a	hsa-mir-1260a	910.0	5.0	74.0146936247159	233.6294436769475	5p	lv5p#1_1.0|lv5p_1.0|lv5pE_1.0|lv3p#3_257.0|lv3p#2_322.0|lv3p#1_252.0|total_910.0|lv3p_831.0|mv_78.0|lv3pE_831.0
hsa-miR-9-5p	hsa-mir-9-3	896.0000000000014	55.0	72.8760060304896	230.0351445434563	5p	nta#A#1_32.66666666666667|lv5p_0.3333333333333333|lv5p#-1_0.3333333333333333|canonical_203.66666666666666|nta#C#1_77.66666666666664|nta#C_77.66666666666664|lv3p_526.3333333333339|nta#A_32.66666666666667|NucVar_32.666666666666664|nta#T#1_22.333333333333332|mv_0.3333333333333333|lv3p#-4_18.666666666666664|lv3p#-3_35.00000000000001|lv3pT_526.3333333333339|lv3p#-2_275.99999999999983|lv3p#-1_196.6666666666667|lv5pT_0.3333333333333333|nta#T_22.333333333333332|total_896.0000000000014
hsa-miR-9-5p	hsa-mir-9-1	896.0000000000014	55.0	72.8760060304896	230.0351445434563	5p	nta#A#1_32.66666666666667|lv5p_0.3333333333333333|lv5p#-1_0.3333333333333333|canonical_203.66666666666666|nta#C#1_77.66666666666664|nta#C_77.66666666666664|lv3p_526.3333333333339|nta#A_32.66666666666667|NucVar_32.666666666666664|nta#T#1_22.333333333333332|mv_0.3333333333333333|lv3p#-4_18.666666666666664|lv3p#-3_35.00000000000001|lv3pT_526.3333333333339|lv3p#-2_275.99999999999983|lv3p#-1_196.6666666666667|lv5pT_0.3333333333333333|nta#T_22.333333333333332|total_896.0000000000014
hsa-miR-9-5p	hsa-mir-9-2	896.0000000000014	55.0	72.8760060304896	230.0351445434563	5p	nta#A#1_32.66666666666667|lv5p_0.3333333333333333|lv5p#-1_0.3333333333333333|canonical_203.66666666666666|nta#C#1_77.66666666666664|nta#C_77.66666666666664|lv3p_526.3333333333339|nta#A_32.66666666666667|NucVar_32.666666666666664|nta#T#1_22.333333333333332|mv_0.3333333333333333|lv3p#-4_18.666666666666664|lv3p#-3_35.00000000000001|lv3pT_526.3333333333339|lv3p#-2_275.99999999999983|lv3p#-1_196.6666666666667|lv5pT_0.3333333333333333|nta#T_22.333333333333332|total_896.0000000000014
hsa-miR-484	hsa-mir-484	880.0	32.0	71.57464877994505	225.92737410517998	5p	nta#A#1_74.0|canonical_93.0|lv3pE_154.0|nta#C#1_1.0|nta#G_1.0|nta#C_1.0|nta#G#1_1.0|lv3p_379.0|nta#A_102.0|lv3p#2_38.0|lv3p#1_116.0|nta#T#3_36.0|NucVar_3.0|nta#T#2_136.0|nta#T#1_129.0|lv3pT_225.0|lv3p#-1_225.0|nta#T_301.0|total_880.0|nta#A#2_28.0
hsa-miR-374a-5p	hsa-mir-374a	880.0	14.0	71.57464877994505	225.92737410517998	5p	canonical_608.0|lv3p#-1_28.0|nta#A_238.0|nta#A#1_238.0|total_880.0|lv3p_28.0|NucVar_6.0|lv3pT_28.0
hsa-miR-324-3p	hsa-mir-324	876.0	13.0	71.24930946730893	224.90043149561097	3p	nta#A#2_337.0|nta#A_412.0|nta#T#3_83.0|nta#A#1_75.0|nta#T#2_165.0|total_876.0|nta#T#1_216.0|nta#T_464.0
hsa-miR-106b-5p	hsa-mir-106b	854.0	17.0	69.4599432478103	219.25224714298147	5p	lv5p_1.0|nta#A_39.0|lv3pT_106.0|canonical_245.0|nta#T_202.0|lv3p#1_110.0|nta#A#1_39.0|lv5pT_1.0|total_854.0|nta#T#1_202.0|lv5p#-1_1.0|lv3p_216.0|nta#G#1_150.0|lv3pE_110.0|NucVar_1.0|lv3p#-2_106.0|nta#G_150.0
hsa-miR-335-5p	hsa-mir-335	853.0	16.0	69.37860841965127	218.99551149058922	5p	lv3p#-1_119.0|lv5p_199.0|nta#A_1.0|lv3pT_214.0|canonical_199.0|nta#T_42.0|nta#A#1_1.0|lv5pT_199.0|total_853.0|nta#T#1_42.0|lv5p#-1_199.0|lv3p_214.0|nta#G#1_1.0|mv_196.0|nta#G_1.0|NucVar_1.0|lv3p#-2_95.0
hsa-miR-320b	hsa-mir-320b-2	852.5666666666673	54.0	69.34336332744908	218.88425937455276	3p	nta#A#1_116.80000000000001|canonical_45.5|lv3pE_41.5|nta#C#1_0.3333333333333333|nta#G_1.2333333333333332|nta#C_0.3333333333333333|nta#G#1_1.2333333333333332|lv3p_171.58333333333337|nta#A_503.79999999999995|lv3p#2_15.5|lv3p#1_26.0|nta#T#3_0.75|NucVar_4.083333333333334|nta#T#2_49.333333333333336|nta#T#1_50.95|mv_25.0|lv3p#-3_29.0|lv3pT_130.08333333333337|lv3p#-2_100.3333333333333|lv3p#-1_0.75|nta#A#5_47.0|nta#T_101.03333333333332|nta#A#3_40.0|total_852.5666666666673|nta#A#2_300.0
hsa-miR-128-3p	hsa-mir-128-2	849.0	37.0	69.05326910701517	217.96856888102022	3p	lv3p#-1_73.0|lv5p_121.0|nta#A_120.0|lv3pT_113.5|canonical_419.0|nta#A#1_120.0|lv5pT_121.0|total_849.0|lv5p#-2_0.5|lv5p#-1_120.5|lv3p_113.5|mv_64.5|nta#G#1_1.0|nta#G_1.0|NucVar_10.0|lv3p#-2_40.5
hsa-miR-1307-3p	hsa-mir-1307	832.0	14.0	67.67057702831168	213.60406279035197	3p	nta#C#1_2.0|nta#C_2.0|lv5p_116.0|nta#A_411.0|nta#T_1.0|lv3p#2_55.0|lv3p#1_161.0|nta#A#1_411.0|lv5pT_116.0|total_832.0|nta#T#1_1.0|lv5p#-1_116.0|lv3p_216.0|mv_84.0|nta#G#1_2.0|lv3pE_216.0|nta#G_2.0
hsa-miR-125a-3p	hsa-mir-125a	790.0	10.0	64.25451424563248	202.82116538987748	3p	lv3p#-1_498.0|nta#A_126.0|lv3pT_498.0|canonical_164.0|nta#T_1.0|nta#A#3_125.0|nta#A#2_1.0|total_790.0|nta#T#1_1.0|lv3p_498.0|NucVar_1.0
hsa-miR-320b	hsa-mir-320b-1	770.0666666666673	48.0	62.63324000432924	197.70356805219214	3p	nta#A#1_96.80000000000001|canonical_45.5|lv3pE_26.0|nta#C#1_0.3333333333333333|nta#G_1.2333333333333334|nta#C_0.3333333333333333|nta#G#1_1.2333333333333334|lv3p_156.08333333333337|nta#A_436.79999999999995|lv3p#1_26.0|nta#T#3_0.75|NucVar_4.083333333333334|nta#T#2_49.333333333333336|nta#T#1_50.95|mv_25.0|lv3p#-3_29.0|lv3pT_130.08333333333337|lv3p#-2_100.3333333333333|lv3p#-1_0.75|nta#T_101.03333333333332|nta#A#3_40.0|total_770.0666666666673|nta#A#2_300.0
hsa-miR-320c	hsa-mir-320c-2	716.7333333333335	27.0	58.29538250251434	184.01099992460533	3p	nta#A#1_96.80000000000001|lv3pE_51.75|nta#G_0.8999999999999999|nta#G#1_0.8999999999999999|lv3p_80.75|nta#A_436.79999999999995|lv3p#2_51.0|lv3p#1_0.75|nta#T#3_0.25|nta#T#2_49.33333333333333|nta#T#1_28.45|mv_1.0|mlv3p_119.25|lv3pT_29.0|lv3p#-1_29.0|mlv3p#2_119.25|nta#T_78.03333333333333|nta#A#3_40.0|total_716.7333333333335|nta#A#2_300.0
hsa-miR-664a-5p	hsa-mir-664a	715.0	16.0	58.15440213370535	183.56599146045872	5p	lv3p#-1_106.0|nta#C#1_1.0|nta#C_1.0|lv5p_179.0|lv3pT_446.0|lv5pT_179.0|total_715.0|lv5p#-1_179.0|lv3p_446.0|nta#G#1_1.0|mv_88.0|nta#G_1.0|lv3p#-2_340.0
hsa-miR-664a-3p	hsa-mir-664a	671.0	16.0	54.5756696947081	172.26962275519972	3p	canonical_585.0|lv3p#-1_18.0|total_671.0|lv3p_18.0|nta#T#1_56.0|nta#T_56.0|NucVar_12.0|lv3pT_18.0
hsa-miR-149-5p	hsa-mir-149	624.0	13.0	50.75293277123376	160.203047092764	5p	canonical_176.0|nta#A_50.0|lv3p#-1_397.0|nta#A#1_50.0|total_624.0|lv3p_397.0|NucVar_1.0|lv3pT_397.0
hsa-miR-204-3p	hsa-mir-204	622.0	11.0	50.5902631149157	159.6895757879795	3p	nta#A_181.0|canonical_366.0|lv3p#1_70.0|nta#A#2_180.0|nta#A#1_1.0|total_622.0|lv3p_70.0|nta#G#1_1.0|lv3pE_70.0|nta#G_1.0|NucVar_4.0
hsa-miR-744-5p	hsa-mir-744	593.0	15.0	48.23155309830388	152.24424186860423	5p	lv3p#-1_202.0|lv5p_156.0|nta#A_119.0|lv3pT_202.0|nta#T_116.0|nta#A#2_1.0|nta#A#1_118.0|lv5pT_156.0|total_593.0|nta#T#1_116.0|lv5p#-1_156.0|lv3p_202.0
hsa-miR-106b-3p	hsa-mir-106b	560.0	18.0	45.547503769055936	143.77196533965997	3p	lv3p#-1_161.0|nta#C#1_1.0|nta#C_1.0|canonical_2.0|lv3pT_307.0|nta#T_168.0|total_560.0|nta#T#1_168.0|lv3p_307.0|mv_82.0|lv3p#-2_146.0
hsa-miR-378a-3p	hsa-mir-378a	548.0	8.0	44.5714858311476	140.69113751095298	3p	lv5p_76.0|nta#A_345.0|canonical_125.0|lv3p#1_1.0|nta#A#1_345.0|lv5pT_76.0|total_548.0|lv5p#-1_76.0|lv3p_1.0|lv3pE_1.0|NucVar_1.0
hsa-miR-320c	hsa-mir-320c-1	531.15	18.0	43.20099397666797	136.36514176814356	3p	lv3p#-1_29.0|nta#A_396.79999999999995|lv3pT_29.0|nta#T_54.7|lv3p#2_49.0|lv3p#1_0.75|nta#A#2_300.0|nta#A#1_96.80000000000001|nta#T#3_0.25|nta#T#2_28.0|total_531.15|nta#T#1_26.45|lv3p_78.75|lv3pE_49.75|nta#G#1_0.8999999999999999|nta#G_0.8999999999999999
hsa-miR-92b-5p	hsa-mir-92b	530.0	6.0	43.10745892428508	136.0698957678925	5p	lv3pE_359.0|nta#A_171.0|nta#A#1_171.0|total_530.0|lv3p_359.0|lv3p#2_297.0|lv3p#1_62.0
hsa-miR-345-5p	hsa-mir-345	513.0	11.0	41.7247668455816	131.70538967722425	5p	canonical_242.0|lv3p#-1_263.0|total_513.0|lv3p_263.0|NucVar_8.0|lv3pT_263.0
hsa-miR-140-3p	hsa-mir-140	483.0	17.0	39.284722000810746	124.00332010545674	3p	nta#C#2_1.0|nta#C_1.0|nta#A_121.0|canonical_51.0|nta#T_80.0|lv3p#3_36.0|nta#A#3_72.0|lv3p#2_20.0|nta#A#1_49.0|total_483.0|nta#T#1_80.0|lv3p_56.0|mv_173.0|lv3pE_56.0|NucVar_1.0
hsa-miR-3605-3p	hsa-mir-3605	478.0	7.0	38.878047860015606	122.71964184349548	3p	mv_66.0|lv3p#-2_412.0|total_478.0|lv3p_412.0|lv3pT_412.0
hsa-miR-148b-3p	hsa-mir-148b	477.0	15.0	38.79671303185658	122.46290619110324	3p	nta#C#1_1.0|lv5p_0.5|nta#C_1.0|nta#A_31.0|lv3pT_63.0|canonical_305.0|nta#T_70.0|lv3p#2_0.5|nta#A#1_31.0|lv5pT_0.5|total_477.0|nta#T#1_70.0|lv5p#-1_0.5|lv3p_63.5|lv3pE_0.5|NucVar_6.0|lv3p#-2_63.0
hsa-miR-2110	hsa-mir-2110	448.0	11.0	36.438003015244746	115.01757227172799	5p	lv3p#-1_87.0|nta#C#1_1.0|nta#C_1.0|lv3pT_87.0|nta#T_107.0|lv3p#2_103.0|lv3p#1_64.0|total_448.0|nta#T#1_107.0|lv3p_254.0|mv_86.0|lv3pE_167.0
hsa-miR-362-3p	hsa-mir-362	446.0	8.0	36.275333358926694	114.50410096694348	3p	canonical_236.0|lv3pE_205.0|total_446.0|lv3p_205.0|NucVar_5.0|lv3p#1_205.0
hsa-miR-3613-5p	hsa-mir-3613	433.0	5.0	35.21798059285932	111.16653748584424	5p	lv3p#-1_186.0|nta#A_110.0|lv3pT_186.0|canonical_136.0|nta#A#2_53.0|nta#A#1_57.0|total_433.0|lv3p_186.0|mv_1.0
hsa-miR-22-5p	hsa-mir-22	428.0	11.0	34.81130645206418	109.88285922388299	5p	canonical_285.0|lv3p#-1_138.0|total_428.0|lv3p_138.0|NucVar_5.0|lv3pT_138.0
hsa-miR-16-2-3p	hsa-mir-16-2	417.0	7.0	33.916623342314864	107.05876704756824	3p	mv_416.0|nta#A_1.0|nta#A#1_1.0|total_417.0
hsa-miR-3615	hsa-mir-3615	405.0	8.0	32.940605404406526	103.97793921886124	3p	nta#A_1.0|nta#A#1_1.0|total_405.0|nta#T#1_404.0|nta#T_404.0
hsa-miR-20a-5p	hsa-mir-20a	388.0	6.0	31.55791332570304	99.613433128193	5p	canonical_381.0|total_388.0|NucVar_7.0
hsa-miR-151b	hsa-mir-151b	376.0	10.0	30.5818953877947	96.532605299486	3p	nta#C#1_3.5|nta#C_3.5|nta#A_4.0|lv3p#3_3.0|lv3p#2_365.5|nta#A#1_4.0|total_376.0|lv3p_368.5|lv3pE_368.5
hsa-miR-1306-5p	hsa-mir-1306	370.0	13.0	30.09388641884053	94.99219138513249	5p	lv5p_67.0|canonical_52.0|lv5pT_67.0|lv3p#-1_251.0|lv5p#-1_67.0|total_370.0|lv3p_251.0|lv3pT_251.0
hsa-miR-29b-3p	hsa-mir-29b-1	362.0	19.0	29.443207793568302	92.93830616599449	3p	nta#A_90.0|lv3pT_31.5|nta#T_0.5|nta#A#2_39.5|nta#A#1_50.5|total_362.0|nta#T#1_0.5|lv3p_31.5|lv3p#-4_0.5|mv_240.0|lv3p#-2_31.0
hsa-miR-29b-3p	hsa-mir-29b-2	362.0	19.0	29.443207793568302	92.93830616599449	3p	nta#A_90.0|lv3pT_31.5|nta#T_0.5|nta#A#2_39.5|nta#A#1_50.5|total_362.0|nta#T#1_0.5|lv3p_31.5|lv3p#-4_0.5|mv_240.0|lv3p#-2_31.0
hsa-miR-196b-5p	hsa-mir-196b	359.5	9.0	29.239870723170732	92.29646703501386	5p	canonical_167.0|lv3pE_136.5|lv3p#-1_56.0|total_359.5|lv3p_192.5|lv3pT_56.0|lv3p#1_136.5
hsa-miR-335-3p	hsa-mir-335	356.0	5.0	28.955198824614133	91.397892251641	3p	canonical_295.0|nta#A_2.0|nta#A#1_2.0|total_356.0|nta#T#1_57.0|nta#T_57.0|NucVar_2.0
hsa-miR-455-5p	hsa-mir-455	351.0	7.0	28.54852468381899	90.11421398967974	5p	mv_108.0|nta#AU_1.0|nta#A_243.0|nta#A#1_243.0|total_351.0
hsa-miR-107	hsa-mir-107	350.6666666666665	19.0	28.521413074432633	90.02863543888228	3p	lv3p#-1_1.0|lv5p_2.0|nta#A_40.333333333333336|lv3pT_182.33333333333337|canonical_59.0|nta#T_1.3333333333333333|nta#A#2_13.333333333333334|nta#A#1_27.0|lv5pT_2.0|total_350.6666666666665|lv5p#-3_2.0|nta#T#1_1.3333333333333333|lv3p_182.33333333333337|mv_62.0|NucVar_3.6666666666666665|lv3p#-2_181.33333333333337
hsa-miR-874-3p	hsa-mir-874	335.0	9.0	27.247167433274534	86.00644355140373	3p	nta#C#2_1.0|nta#C_1.0|nta#A_1.0|canonical_92.0|nta#T_108.0|lv3p#2_75.0|lv3p#1_56.0|nta#A#1_1.0|total_335.0|nta#T#1_108.0|lv3p_131.0|lv3pE_131.0|NucVar_2.0
hsa-miR-625-3p	hsa-mir-625	331.0	13.0	26.92182812063842	84.97950094183474	3p	lv5p_100.0|nta#A_48.0|canonical_22.0|nta#T_85.0|nta#A#3_46.0|nta#A#2_1.0|nta#A#1_1.0|lv5pT_100.0|total_331.0|nta#T#1_85.0|lv5p#-2_100.0|mv_76.0
hsa-miR-152-3p	hsa-mir-152	329.0	13.0	26.759158464320365	84.46602963705024	3p	lv3pE_105.0|nta#T#2_1.0|total_329.0|lv3p_105.0|nta#T#1_223.0|nta#T_224.0|lv3p#1_105.0
hsa-miR-184	hsa-mir-184	317.0	5.0	25.783140526412023	81.38520180834324	3p	nta#C_88.0|nta#AU_1.0|nta#A_229.0|nta#A#1_229.0|total_317.0|nta#C#1_88.0
hsa-miR-93-3p	hsa-mir-93	317.0	3.0	25.783140526412023	81.38520180834324	3p	mv_1.0|total_317.0|nta#T#1_316.0|nta#T_316.0
hsa-miR-1468-5p	hsa-mir-1468	317.0	13.0	25.783140526412023	81.38520180834324	5p	lv3p#-1_136.0|lv3pT_136.0|canonical_106.0|nta#T_1.0|lv3p#1_71.0|nta#T#2_1.0|total_317.0|lv3p_207.0|lv3pE_71.0|NucVar_3.0
hsa-miR-193b-5p	hsa-mir-193b	316.0	4.0	25.701805698252993	81.12846615595099	5p	canonical_194.0|total_316.0|nta#T#1_121.0|nta#T_121.0|NucVar_1.0
hsa-miR-2116-3p	hsa-mir-2116	289.0	3.0	23.505765337959225	74.19660354136025	3p	mv_134.0|total_289.0|nta#T#1_155.0|nta#T_155.0
hsa-miR-127-5p	hsa-mir-127	287.0	4.0	23.343095681641167	73.68313223657574	5p	mv_286.0|nta#A_1.0|nta#A#1_1.0|total_287.0
hsa-miR-328-3p	hsa-mir-328	286.0	7.0	23.26176085348214	73.4263965841835	3p	lv5p_259.0|lv5pT_259.0|lv5p#-2_259.0|nta#T#3_26.0|nta#T#2_1.0|total_286.0|nta#T_27.0
hsa-miR-4525	hsa-mir-4525	280.0	7.0	22.773751884527968	71.88598266982999	5p	mv_280.0|total_280.0
hsa-miR-629-5p	hsa-mir-629	280.0	6.0	22.773751884527968	71.88598266982999	5p	mv_280.0|total_280.0
hsa-miR-362-5p	hsa-mir-362	280.0	7.0	22.773751884527968	71.88598266982999	5p	canonical_105.0|lv3pE_123.0|nta#G#1_51.0|total_280.0|lv3p_123.0|NucVar_1.0|nta#G_51.0|lv3p#1_123.0
hsa-miR-421	hsa-mir-421	276.0	6.0	22.448412571891854	70.859040060261	3p	mv_124.0|canonical_148.0|nta#A_1.0|nta#A#1_1.0|total_276.0|NucVar_3.0
hsa-miR-339-5p	hsa-mir-339	270.0	4.0	21.960403602937685	69.31862614590749	5p	canonical_246.0|nta#A_22.0|nta#A#1_22.0|total_270.0|NucVar_2.0
hsa-miR-3065-5p	hsa-mir-3065	265.0	5.0	21.55372946214254	68.03494788394624	5p	canonical_227.0|lv3p#-2_35.0|total_265.0|lv3p_35.0|NucVar_3.0|lv3pT_35.0
hsa-miR-598-3p	hsa-mir-598	249.0	8.0	20.252372211598086	63.927177445670246	3p	canonical_99.0|lv3p#-1_145.0|total_249.0|lv3p_145.0|NucVar_5.0|lv3pT_145.0
hsa-miR-642a-3p	hsa-mir-642a	237.0	2.0	19.276354273689744	60.846349616963245	3p	total_237.0|nta#T#1_237.0|nta#T_237.0
hsa-miR-1301-3p	hsa-mir-1301	231.0	7.0	18.788345304735575	59.305935702609744	3p	lv3p#-1_116.0|nta#A_1.0|lv3pT_186.0|nta#A#2_1.0|lv3p#1_44.0|total_231.0|lv3p_230.0|lv3p#-4_70.0|lv3pE_44.0
hsa-miR-149-3p	hsa-mir-149	227.0	6.0	18.46300599209946	58.27899309304075	3p	lv5p_226.0|nta#G#1_1.0|lv5p#1_226.0|lv5pE_226.0|total_227.0|nta#G_1.0
hsa-miR-454-3p	hsa-mir-454	223.0	6.0	18.137666679463347	57.25205048347174	3p	lv3pE_129.0|lv3p#-1_94.0|total_223.0|lv3p_223.0|lv3pT_94.0|lv3p#2_129.0
hsa-miR-6735-5p	hsa-mir-6735	222.0	3.0	18.056331851304318	56.9953148310795	5p	lv3p#-5_222.0|total_222.0|lv3p_222.0|lv3pT_222.0
hsa-miR-9-3p	hsa-mir-9-3	221.66666666666669	11.0	18.029220241917976	56.90973628028208	3p	lv5p_9.333333333333334|canonical_5.0|nta#T_121.99999999999999|lv3p#1_0.3333333333333333|lv5pT_9.333333333333334|total_221.66666666666669|nta#T#1_121.99999999999999|lv5p#-1_9.333333333333334|lv3p_0.3333333333333333|lv3pE_0.3333333333333333|mv_85.0
hsa-miR-9-3p	hsa-mir-9-1	221.66666666666669	11.0	18.029220241917976	56.90973628028208	3p	lv5p_9.333333333333334|canonical_5.0|nta#T_121.99999999999999|lv3p#1_0.3333333333333333|lv5pT_9.333333333333334|total_221.66666666666669|nta#T#1_121.99999999999999|lv5p#-1_9.333333333333334|lv3p_0.3333333333333333|lv3pE_0.3333333333333333|mv_85.0
hsa-miR-9-3p	hsa-mir-9-2	221.66666666666669	11.0	18.029220241917976	56.90973628028208	3p	lv5p_9.333333333333334|canonical_5.0|nta#T_121.99999999999999|lv3p#1_0.3333333333333333|lv5pT_9.333333333333334|total_221.66666666666669|nta#T#1_121.99999999999999|lv5p#-1_9.333333333333334|lv3p_0.3333333333333333|lv3pE_0.3333333333333333|mv_85.0
hsa-miR-339-3p	hsa-mir-339	216.0	7.0	17.56832288235015	55.454900916726	3p	nta#C_1.0|lv3p#-2_91.0|nta#A_124.0|nta#A#1_124.0|total_216.0|lv3p_91.0|nta#C#1_1.0|lv3pT_91.0
hsa-miR-126-3p	hsa-mir-126	211.0	5.0	17.161648741555005	54.17122265476475	3p	canonical_58.0|lv5p_62.0|lv3p#-2_91.0|lv5p#1_62.0|lv5pE_62.0|total_211.0|lv3p_91.0|lv3pT_91.0
hsa-miR-17-5p	hsa-mir-17	203.0	7.0	16.510970116282778	52.117337435626744	5p	lv3p#-1_103.0|lv5p_21.0|lv3pT_103.0|lv3p#1_79.0|total_203.0|lv5pT_21.0|lv5p#-1_21.0|lv3p_182.0|lv3pE_79.0
hsa-miR-452-5p	hsa-mir-452	200.0	5.0	16.266965631805693	51.34713047845	5p	mv_200.0|total_200.0
hsa-miR-132-3p	hsa-mir-132	198.0	4.0	16.104295975487634	50.833659173665495	3p	canonical_100.0|total_198.0|nta#T#1_96.0|nta#T_96.0|NucVar_2.0
hsa-let-7a-3p	hsa-let-7a-3	193.5	9.0	15.738289248772007	49.67834873790037	3p	mv_16.0|nta#A_40.0|nta#A#1_40.0|total_193.5|nta#T#1_137.5|nta#T_137.5
hsa-let-7a-3p	hsa-let-7a-1	193.5	9.0	15.738289248772007	49.67834873790037	3p	mv_16.0|nta#A_40.0|nta#A#1_40.0|total_193.5|nta#T#1_137.5|nta#T_137.5
hsa-miR-504-5p	hsa-mir-504	193.0	2.0	15.697621834692493	49.549980911704246	5p	canonical_192.0|total_193.0|NucVar_1.0
hsa-miR-499a-5p	hsa-mir-499a	190.0	8.0	15.453617350215406	48.77977395452749	5p	canonical_183.0|total_190.0|NucVar_7.0
hsa-miR-577	hsa-mir-577	188.0	4.0	15.29094769389735	48.266302649743	5p	lv3pE_133.0|total_188.0|lv3p_133.0|nta#T#1_55.0|nta#T_55.0|lv3p#1_133.0
hsa-miR-29c-5p	hsa-mir-29c	187.0	4.0	15.209612865738322	48.009566997350746	5p	mv_87.0|total_187.0|nta#T#1_100.0|nta#T_100.0
hsa-miR-6716-5p	hsa-mir-6716	184.0	4.0	14.965608381261237	47.23936004017399	5p	nta#A#2_184.0|nta#A_184.0|total_184.0
hsa-miR-342-5p	hsa-mir-342	180.0	6.0	14.640269068625123	46.212417430604994	5p	mv_117.0|lv3pE_63.0|total_180.0|lv3p_63.0|lv3p#2_63.0
hsa-miR-135a-5p	hsa-mir-135a-1	179.83333333333334	12.0	14.626713263931952	46.16962815520629	5p	canonical_173.5|lv3p#-1_0.8333333333333333|total_179.83333333333334|lv3p_0.8333333333333333|lv3pT_0.8333333333333333|NucVar_5.5
hsa-miR-135a-5p	hsa-mir-135a-2	179.83333333333334	12.0	14.626713263931952	46.16962815520629	5p	canonical_173.5|lv3p#-1_0.8333333333333333|total_179.83333333333334|lv3p_0.8333333333333333|lv3pT_0.8333333333333333|NucVar_5.5
hsa-miR-3928-3p	hsa-mir-3928	179.0	4.0	14.558934240466094	45.95568177821274	3p	total_179.0|nta#T#1_179.0|nta#UA_1.0|nta#T_179.0
hsa-miR-1180-5p	hsa-mir-1180	177.0	3.0	14.396264584148037	45.44221047342825	5p	canonical_175.0|total_177.0|NucVar_2.0
hsa-miR-340-3p	hsa-mir-340	175.0	2.0	14.23359492782998	44.928739168643745	3p	lv3p#-1_175.0|total_175.0|lv3p_175.0|lv3pT_175.0
hsa-miR-4728-3p	hsa-mir-4728	170.0	6.0	13.826920787034839	43.645060906682495	3p	total_170.0|nta#T#1_170.0|nta#T_170.0
hsa-miR-3144-5p	hsa-mir-3144	163.0	3.0	13.257576989921638	41.84791133993674	5p	lv5p_163.0|lv5p#1_163.0|lv5pE_163.0|total_163.0
hsa-miR-3173-5p	hsa-mir-3173	163.0	4.0	13.257576989921638	41.84791133993674	5p	canonical_160.0|total_163.0|NucVar_3.0
hsa-miR-194-5p	hsa-mir-194-1	159.5	13.0	12.972905091365039	40.94933655656387	5p	lv5p_53.0|canonical_102.0|nta#T_1.0|lv5pT_53.0|total_159.5|nta#T#1_1.0|lv5p#-2_52.5|lv5p#-1_0.5|nta#G#1_0.5|nta#G_0.5|NucVar_3.0
hsa-miR-218-1-3p	hsa-mir-218-1	154.0	3.0	12.525563536490383	39.537290468406496	3p	mv_154.0|total_154.0
hsa-miR-425-3p	hsa-mir-425	154.0	3.0	12.525563536490383	39.537290468406496	3p	nta#A_154.0|nta#A#1_154.0|total_154.0
hsa-miR-211-5p	hsa-mir-211	151.0	11.0	12.281559052013296	38.76708351122974	5p	canonical_138.0|lv3p#-2_0.5|lv3p#-1_0.5|total_151.0|lv3p_1.0|lv3pT_1.0|NucVar_12.0
hsa-miR-146a-5p	hsa-mir-146a	151.0	1.0	12.281559052013296	38.76708351122974	5p	canonical_151.0|total_151.0
hsa-miR-4446-3p	hsa-mir-4446	150.0	3.0	12.200224223854269	38.5103478588375	3p	nta#T#2_58.0|total_150.0|nta#T#1_92.0|nta#T_150.0
hsa-miR-4662a-5p	hsa-mir-4662a	150.0	4.0	12.200224223854269	38.5103478588375	5p	canonical_147.0|total_150.0|NucVar_3.0
hsa-miR-365a-5p	hsa-mir-365a	147.0	6.0	11.956219739377184	37.740140901660745	5p	canonical_109.0|nta#A#4_1.0|nta#A#3_34.0|nta#A_35.0|total_147.0|NucVar_3.0
hsa-miR-15a-5p	hsa-mir-15a	141.0	6.0	11.468210770423013	36.199726987307244	5p	nta#C_1.0|lv3p#-1_36.0|nta#A_104.0|nta#A#1_104.0|total_141.0|lv3p_36.0|nta#C#1_1.0|lv3pT_36.0
hsa-miR-449c-5p	hsa-mir-449c	140.0	6.0	11.386875942263984	35.94299133491499	5p	lv5p_139.0|lv5pT_139.0|nta#C_1.0|lv5p#-1_139.0|total_140.0|nta#C#1_1.0
hsa-miR-628-3p	hsa-mir-628	137.0	5.0	11.1428714577869	35.172784377738246	3p	canonical_1.0|mv_53.0|lv5p_83.0|lv5p#1_83.0|lv5pE_83.0|total_137.0
hsa-miR-338-5p	hsa-mir-338	132.0	1.0	10.736197316991756	33.889106115777	5p	lv3p#-1_132.0|total_132.0|lv3p_132.0|lv3pT_132.0
hsa-miR-190a-5p	hsa-mir-190a	129.0	4.0	10.492192832514672	33.11889915860024	5p	lv3pE_29.0|nta#C_100.0|total_129.0|lv3p_29.0|nta#C#2_1.0|nta#C#1_99.0|lv3p#1_29.0
hsa-miR-338-3p	hsa-mir-338	129.0	5.0	10.492192832514672	33.11889915860024	3p	canonical_125.0|total_129.0|NucVar_4.0
hsa-miR-340-5p	hsa-mir-340	126.0	2.0	10.248188348037585	32.348692201423496	5p	canonical_125.0|total_126.0|NucVar_1.0
hsa-miR-1296-5p	hsa-mir-1296	125.0	4.0	10.166853519878558	32.091956549031245	5p	lv3p#-1_125.0|total_125.0|lv3p_125.0|lv3pT_125.0
hsa-miR-19b-3p	hsa-mir-19b-2	123.5	4.0	10.044851277640015	31.70685307044287	3p	mv_77.0|canonical_46.5|total_123.5
hsa-miR-19b-3p	hsa-mir-19b-1	123.5	4.0	10.044851277640015	31.70685307044287	3p	mv_77.0|canonical_46.5|total_123.5
hsa-miR-1249-3p	hsa-mir-1249	123.0	5.0	10.0041838635605	31.578485244246746	3p	lv3p#-1_123.0|total_123.0|lv3p_123.0|lv3pT_123.0
hsa-miR-138-1-3p	hsa-mir-138-1	120.0	1.0	9.760179379083414	30.808278287069996	3p	nta#A_120.0|nta#A#1_120.0|total_120.0
hsa-miR-7706	hsa-mir-7706	119.0	5.0	9.678844550924387	30.551542634677748	3p	lv3p#-1_119.0|total_119.0|lv3p_119.0|lv3pT_119.0
hsa-miR-449a	hsa-mir-449a	119.0	2.0	9.678844550924387	30.551542634677748	5p	canonical_118.0|total_119.0|NucVar_1.0
hsa-miR-664b-5p	hsa-mir-664b	116.0	6.0	9.4348400664473	29.781335677500998	5p	canonical_60.0|nta#A_1.0|lv3p#-1_51.0|nta#A#1_1.0|total_116.0|lv3p_51.0|NucVar_4.0|lv3pT_51.0
hsa-miR-21-3p	hsa-mir-21	116.0	1.0	9.4348400664473	29.781335677500998	3p	canonical_116.0|total_116.0
hsa-miR-130b-5p	hsa-mir-130b	115.0	4.0	9.353505238288273	29.524600025108747	5p	lv3pE_115.0|total_115.0|lv3p_115.0|lv3p#1_115.0
hsa-miR-487b-3p	hsa-mir-487b	113.0	5.0	9.190835581970216	29.011128720324248	3p	mv_112.0|nta#A_1.0|nta#A#1_1.0|total_113.0
hsa-miR-5696	hsa-mir-5696	111.0	3.0	9.028165925652159	28.49765741553975	5p	mv_111.0|total_111.0
hsa-miR-1260b	hsa-mir-1260b	107.0	1.0	8.702826613016045	27.470714805970747	5p	total_107.0|NucVar_107.0
hsa-miR-365b-5p	hsa-mir-365b	107.0	2.0	8.702826613016045	27.470714805970747	5p	mv_107.0|total_107.0
hsa-miR-99b-3p	hsa-mir-99b	107.0	9.0	8.702826613016045	27.470714805970747	3p	lv3pE_52.0|nta#A_55.0|nta#A#1_55.0|total_107.0|lv3p_52.0|lv3p#1_52.0
hsa-miR-106a-5p	hsa-mir-106a	105.0	7.0	8.540156956697988	26.957243501186248	5p	lv3p#-1_1.0|lv5p_21.0|lv3pT_1.0|canonical_81.0|nta#T_1.0|lv5pT_21.0|total_105.0|nta#T#1_1.0|lv5p#-1_21.0|lv3p_1.0|NucVar_1.0
hsa-miR-98-3p	hsa-mir-98	104.0	4.0	8.45882212853896	26.700507848793997	3p	nta#A_1.0|nta#A#1_1.0|nta#T#2_103.0|total_104.0|nta#T_103.0
hsa-miR-20b-5p	hsa-mir-20b	103.0	2.0	8.377487300379931	26.443772196401746	5p	canonical_102.0|total_103.0|NucVar_1.0
hsa-miR-139-5p	hsa-mir-139	101.0	6.0	8.214817644061874	25.930300891617247	5p	lv5p_100.0|lv5pT_100.0|nta#A_1.0|nta#A#1_1.0|lv5p#-1_100.0|total_101.0
hsa-miR-29b-2-5p	hsa-mir-29b-2	101.0	3.0	8.214817644061874	25.930300891617247	5p	mv_101.0|total_101.0
hsa-miR-615-3p	hsa-mir-615	101.0	2.0	8.214817644061874	25.930300891617247	3p	mv_101.0|total_101.0
hsa-miR-181b-3p	hsa-mir-181b-1	95.0	2.0	7.726808675107703	24.389886977263746	3p	canonical_94.0|total_95.0|NucVar_1.0
hsa-miR-155-5p	hsa-mir-155	93.0	2.0	7.564139018789646	23.876415672479247	5p	canonical_92.0|total_93.0|NucVar_1.0
hsa-miR-3065-3p	hsa-mir-3065	91.0	1.0	7.40146936247159	23.362944367694748	3p	lv3p#-1_91.0|total_91.0|lv3p_91.0|lv3pT_91.0
hsa-miR-218-5p	hsa-mir-218-1	90.0	3.0	7.320134534312562	23.106208715302497	5p	nta#C_0.5|nta#A_89.5|nta#A#1_89.5|total_90.0|nta#C#1_0.5
hsa-miR-129-5p	hsa-mir-129-2	90.0	3.0	7.320134534312562	23.106208715302497	5p	lv5p_32.0|canonical_58.0|lv5pT_32.0|lv5p#-1_32.0|total_90.0
hsa-miR-129-5p	hsa-mir-129-1	90.0	3.0	7.320134534312562	23.106208715302497	5p	lv5p_32.0|canonical_58.0|lv5pT_32.0|lv5p#-1_32.0|total_90.0
hsa-miR-218-5p	hsa-mir-218-2	90.0	3.0	7.320134534312562	23.106208715302497	5p	nta#C_0.5|nta#A_89.5|nta#A#1_89.5|total_90.0|nta#C#1_0.5
hsa-miR-500b-5p	hsa-mir-500b	79.5	5.0	6.466118838642762	20.410484365183873	5p	mv_64.5|nta#A_15.0|nta#A#1_15.0|total_79.5
hsa-miR-500a-5p	hsa-mir-500a	79.5	5.0	6.466118838642762	20.410484365183873	5p	lv3pE_35.5|nta#A_15.0|lv3p#-1_29.0|nta#A#1_15.0|total_79.5|lv3p_64.5|lv3pT_29.0|lv3p#1_35.5
hsa-miR-26a-1-3p	hsa-mir-26a-1	79.0	3.0	6.425451424563248	20.282116538987747	3p	lv3p#-1_79.0|total_79.0|lv3p_79.0|lv3pT_79.0
hsa-miR-30d-3p	hsa-mir-30d	79.0	6.0	6.425451424563248	20.282116538987747	3p	lv3p#-1_65.0|nta#A_2.0|lv3pT_65.0|nta#T_2.0|nta#UA_2.0|nta#A#1_2.0|total_79.0|nta#T#1_2.0|lv3p_65.0|NucVar_10.0
hsa-miR-320d	hsa-mir-320d-1	79.0	7.0	6.425451424563248	20.282116538987747	3p	nta#A_69.0|mlv3p_8.0|nta#T_2.0|mlv3p#4_1.0|nta#A#2_68.5|nta#A#1_0.5|mlv3p#3_3.0|mlv3p#2_4.0|total_79.0|nta#T#1_2.0
hsa-miR-7-5p	hsa-mir-7-2	77.66666666666666	8.0	6.317004987017876	19.939802335798078	5p	lv3p#-1_43.666666666666664|nta#A_0.6666666666666666|lv3pT_43.666666666666664|canonical_32.333333333333336|nta#T_0.3333333333333333|nta#A#1_0.6666666666666666|total_77.66666666666666|nta#T#1_0.3333333333333333|lv3p_43.666666666666664|NucVar_0.6666666666666666
hsa-miR-7-5p	hsa-mir-7-3	77.66666666666666	8.0	6.317004987017876	19.939802335798078	5p	lv3p#-1_43.666666666666664|nta#A_0.6666666666666666|lv3pT_43.666666666666664|canonical_32.333333333333336|nta#T_0.3333333333333333|nta#A#1_0.6666666666666666|total_77.66666666666666|nta#T#1_0.3333333333333333|lv3p_43.666666666666664|NucVar_0.6666666666666666
hsa-miR-7-5p	hsa-mir-7-1	77.66666666666666	8.0	6.317004987017876	19.939802335798078	5p	lv3p#-1_43.666666666666664|nta#A_0.6666666666666666|lv3pT_43.666666666666664|canonical_32.333333333333336|nta#T_0.3333333333333333|nta#A#1_0.6666666666666666|total_77.66666666666666|nta#T#1_0.3333333333333333|lv3p_43.666666666666664|NucVar_0.6666666666666666
hsa-miR-32-3p	hsa-mir-32	77.0	1.0	6.262781768245191	19.768645234203248	3p	canonical_77.0|total_77.0
hsa-let-7i-3p	hsa-let-7i	75.0	2.0	6.100112111927134	19.25517392941875	3p	canonical_74.0|total_75.0|NucVar_1.0
hsa-miR-92a-1-5p	hsa-mir-92a-1	74.0	2.0	6.018777283768106	18.998438277026498	5p	canonical_72.0|total_74.0|NucVar_2.0
hsa-miR-32-5p	hsa-mir-32	74.0	1.0	6.018777283768106	18.998438277026498	5p	canonical_74.0|total_74.0
hsa-miR-454-5p	hsa-mir-454	73.0	3.0	5.9374424556090775	18.741702624634247	5p	canonical_71.0|total_73.0|NucVar_2.0
hsa-miR-135b-3p	hsa-mir-135b	72.0	3.0	5.856107627450049	18.484966972242	3p	nta#C_1.0|nta#A#3_71.0|nta#A_71.0|total_72.0|nta#C#1_1.0
hsa-miR-320d	hsa-mir-320d-2	69.0	3.0	5.6121031429729635	17.71476001506525	3p	nta#A#2_68.5|nta#A_69.0|nta#A#1_0.5|total_69.0
hsa-miR-576-5p	hsa-mir-576	64.0	2.0	5.205429002177821	16.431081753104	5p	canonical_63.0|total_64.0|NucVar_1.0
hsa-miR-424-5p	hsa-mir-424	63.0	2.0	5.124094174018793	16.174346100711748	5p	nta#A_63.0|nta#A#1_63.0|total_63.0
hsa-miR-4723-3p	hsa-mir-4723	57.0	1.0	4.636085205064622	14.633932186358248	3p	lv5p_57.0|lv5pT_57.0|lv5p#-1_57.0|total_57.0
hsa-miR-193b-3p	hsa-mir-193b	57.0	5.0	4.636085205064622	14.633932186358248	3p	nta#A_57.0|nta#A#1_57.0|total_57.0
hsa-miR-6865-5p	hsa-mir-6865	56.0	1.0	4.554750376905593	14.377196533965998	5p	lv5p_56.0|lv5p#1_56.0|lv5pE_56.0|total_56.0
hsa-miR-1910-5p	hsa-mir-1910	56.0	1.0	4.554750376905593	14.377196533965998	5p	mlv3p_56.0|total_56.0|mlv3p#2_56.0
hsa-miR-3622b-3p	hsa-mir-3622b	55.0	2.0	4.473415548746566	14.120460881573749	3p	mv_55.0|total_55.0
hsa-miR-6729-3p	hsa-mir-6729	53.0	1.0	4.310745892428509	13.606989576789248	3p	canonical_53.0|total_53.0
hsa-miR-542-3p	hsa-mir-542	52.0	1.0	4.22941106426948	13.350253924396998	3p	canonical_52.0|total_52.0
hsa-miR-505-5p	hsa-mir-505	49.0	2.0	3.9854065797923943	12.580046967220248	5p	lv3pE_49.0|total_49.0|lv3p_49.0|lv3p#2_49.0
hsa-miR-4286	hsa-mir-4286	48.0	3.0	3.904071751633366	12.323311314827999	5p	lv3pE_48.0|total_48.0|lv3p_48.0|lv3p#2_48.0
hsa-miR-188-5p	hsa-mir-188	46.0	1.0	3.7414020953153093	11.809840010043498	5p	nta#A#3_46.0|nta#A_46.0|total_46.0
hsa-miR-29b-1-5p	hsa-mir-29b-1	45.0	1.0	3.660067267156281	11.553104357651248	5p	canonical_45.0|total_45.0
hsa-miR-653-5p	hsa-mir-653	43.0	1.0	3.497397610838224	11.03963305286675	5p	mv_43.0|total_43.0
hsa-miR-374a-3p	hsa-mir-374a	43.0	1.0	3.497397610838224	11.03963305286675	3p	total_43.0|NucVar_43.0
hsa-miR-122-5p	hsa-mir-122	39.0	1.0	3.17205829820211	10.01269044329775	5p	canonical_39.0|total_39.0
hsa-miR-1292-5p	hsa-mir-1292	39.0	2.0	3.17205829820211	10.01269044329775	5p	nta#A#2_39.0|nta#A_39.0|total_39.0
hsa-miR-503-5p	hsa-mir-503	39.0	1.0	3.17205829820211	10.01269044329775	5p	nta#A#3_39.0|nta#A_39.0|total_39.0
hsa-miR-1293	hsa-mir-1293	37.0	1.0	3.009388641884053	9.499219138513249	5p	mv_37.0|total_37.0
hsa-miR-590-3p	hsa-mir-590	33.0	1.0	2.684049329247939	8.47227652894425	3p	nta#A#2_33.0|nta#A_33.0|total_33.0
hsa-miR-153-3p	hsa-mir-153-2	23.5	1.0	1.9113684617371687	6.033287831217875	3p	total_23.5|nta#T#1_23.5|nta#T_23.5
hsa-miR-153-3p	hsa-mir-153-1	23.5	1.0	1.9113684617371687	6.033287831217875	3p	total_23.5|nta#T#1_23.5|nta#T_23.5
hsa-miR-942-5p	hsa-mir-942	22.0	1.0	1.7893662194986262	5.6481843526294995	5p	mv_22.0|total_22.0
hsa-miR-514a-5p	hsa-mir-514a-2	17.2	2.0	1.3989590443352895	4.415853221146699	5p	canonical_17.0|total_17.2|NucVar_0.2
hsa-miR-514a-5p	hsa-mir-514a-3	17.2	2.0	1.3989590443352895	4.415853221146699	5p	canonical_17.0|total_17.2|NucVar_0.2
hsa-miR-514a-5p	hsa-mir-514a-3	17.2	2.0	1.3989590443352895	4.415853221146699	5p	canonical_17.0|total_17.2|NucVar_0.2
hsa-miR-514a-5p	hsa-mir-514a-1	17.2	2.0	1.3989590443352895	4.415853221146699	5p	canonical_17.0|total_17.2|NucVar_0.2
hsa-miR-514a-5p	hsa-mir-514a-2	17.2	2.0	1.3989590443352895	4.415853221146699	5p	canonical_17.0|total_17.2|NucVar_0.2
hsa-miR-6724-5p	hsa-mir-6724-3	13.875	3.0	1.1285207407065199	3.5622071769424686	5p	lv5p_13.875|lv5pT_13.875|lv5p#-1_13.875|total_13.875
hsa-miR-6724-5p	hsa-mir-6724-3	13.875	3.0	1.1285207407065199	3.5622071769424686	5p	lv5p_13.875|lv5pT_13.875|lv5p#-1_13.875|total_13.875
hsa-miR-6724-5p	hsa-mir-6724-1	13.875	3.0	1.1285207407065199	3.5622071769424686	5p	lv5p_13.875|lv5pT_13.875|lv5p#-1_13.875|total_13.875
hsa-miR-6724-5p	hsa-mir-6724-4	13.875	3.0	1.1285207407065199	3.5622071769424686	5p	lv5p_13.875|lv5pT_13.875|lv5p#-1_13.875|total_13.875
hsa-miR-6724-5p	hsa-mir-6724-1	13.875	3.0	1.1285207407065199	3.5622071769424686	5p	lv5p_13.875|lv5pT_13.875|lv5p#-1_13.875|total_13.875
hsa-miR-6724-5p	hsa-mir-6724-3	13.875	3.0	1.1285207407065199	3.5622071769424686	5p	lv5p_13.875|lv5pT_13.875|lv5p#-1_13.875|total_13.875
hsa-miR-6724-5p	hsa-mir-6724-1	13.875	3.0	1.1285207407065199	3.5622071769424686	5p	lv5p_13.875|lv5pT_13.875|lv5p#-1_13.875|total_13.875
hsa-miR-6724-5p	hsa-mir-6724-4	13.875	3.0	1.1285207407065199	3.5622071769424686	5p	lv5p_13.875|lv5pT_13.875|lv5p#-1_13.875|total_13.875
hsa-miR-6724-5p	hsa-mir-6724-2	13.875	3.0	1.1285207407065199	3.5622071769424686	5p	lv5p_13.875|lv5pT_13.875|lv5p#-1_13.875|total_13.875
hsa-miR-6724-5p	hsa-mir-6724-1	13.875	3.0	1.1285207407065199	3.5622071769424686	5p	lv5p_13.875|lv5pT_13.875|lv5p#-1_13.875|total_13.875
hsa-miR-6724-5p	hsa-mir-6724-2	13.875	3.0	1.1285207407065199	3.5622071769424686	5p	lv5p_13.875|lv5pT_13.875|lv5p#-1_13.875|total_13.875
hsa-miR-6724-5p	hsa-mir-6724-2	13.875	3.0	1.1285207407065199	3.5622071769424686	5p	lv5p_13.875|lv5pT_13.875|lv5p#-1_13.875|total_13.875
hsa-miR-6724-5p	hsa-mir-6724-4	13.875	3.0	1.1285207407065199	3.5622071769424686	5p	lv5p_13.875|lv5pT_13.875|lv5p#-1_13.875|total_13.875
hsa-miR-6724-5p	hsa-mir-6724-2	13.875	3.0	1.1285207407065199	3.5622071769424686	5p	lv5p_13.875|lv5pT_13.875|lv5p#-1_13.875|total_13.875
hsa-miR-6724-5p	hsa-mir-6724-3	13.875	3.0	1.1285207407065199	3.5622071769424686	5p	lv5p_13.875|lv5pT_13.875|lv5p#-1_13.875|total_13.875
hsa-miR-6724-5p	hsa-mir-6724-4	13.875	3.0	1.1285207407065199	3.5622071769424686	5p	lv5p_13.875|lv5pT_13.875|lv5p#-1_13.875|total_13.875
hsa-miR-190b-5p	hsa-mir-190b	12.0	1.0	0.9760179379083415	3.0808278287069997	5p	lv3pE_12.0|total_12.0|lv3p_12.0|lv3p#1_12.0
hsa-miR-4510	hsa-mir-4510	11.0	6.0	0.8946831097493131	2.8240921763147497	5p	lv3p#-1_1.0|lv5p_0.5|nta#A_1.5|lv3pT_1.0|nta#A#2_1.0|nta#A#1_0.5|lv5pT_0.5|total_11.0|lv5p#-1_0.5|lv3p_1.0|NucVar_8.0
hsa-miR-365b-3p	hsa-mir-365b	7.5	2.0	0.6100112111927134	1.9255173929418747	3p	canonical_7.0|nta#A_0.5|nta#A#1_0.5|total_7.5
hsa-miR-365a-3p	hsa-mir-365a	7.5	2.0	0.6100112111927134	1.9255173929418747	3p	canonical_7.0|nta#A_0.5|nta#A#1_0.5|total_7.5
hsa-miR-4429	hsa-mir-4429	6.0	3.0	0.48800896895417073	1.5404139143534998	5p	lv3pE_2.0|nta#G#1_1.0|nta#A#3_3.0|nta#A_3.0|total_6.0|lv3p_2.0|lv3p#1_2.0|nta#G_1.0
hsa-miR-9985	hsa-mir-9985	6.0	5.0	0.48800896895417073	1.5404139143534998	5p	lv3pE_3.0|nta#A_0.5|nta#A#1_0.5|total_6.0|lv3p_3.0|NucVar_2.5|lv3p#1_3.0
hsa-miR-1-3p	hsa-mir-1-1	5.5	1.0	0.44734155487465654	1.4120460881573749	3p	canonical_5.5|total_5.5
hsa-miR-320e	hsa-mir-320e	5.5	5.0	0.44734155487465654	1.4120460881573749	3p	mv_2.0|total_5.5|nta#T#1_3.5|nta#UA_0.5|nta#T_3.5
hsa-miR-1-3p	hsa-mir-1-2	5.5	1.0	0.44734155487465654	1.4120460881573749	3p	canonical_5.5|total_5.5
hsa-miR-23c	hsa-mir-23c	4.5	5.0	0.36600672671562806	1.155310435765125	3p	lv3p#-1_0.5|nta#A_2.5|lv3pT_0.5|nta#T_1.0|nta#A#1_2.5|total_4.5|nta#T#1_1.0|lv3p_0.5|mv_0.5
hsa-miR-6511a-3p	hsa-mir-6511a-2	3.625	1.0	0.29483875207647814	0.9306667399219062	3p	total_3.625|nta#T#1_3.625|nta#T_3.625
hsa-miR-6511a-3p	hsa-mir-6511a-4	3.625	1.0	0.29483875207647814	0.9306667399219062	3p	total_3.625|nta#T#1_3.625|nta#T_3.625
hsa-miR-6511a-3p	hsa-mir-6511a-3	3.625	1.0	0.29483875207647814	0.9306667399219062	3p	total_3.625|nta#T#1_3.625|nta#T_3.625
hsa-miR-6511a-3p	hsa-mir-6511a-1	3.625	1.0	0.29483875207647814	0.9306667399219062	3p	total_3.625|nta#T#1_3.625|nta#T_3.625
hsa-miR-6511a-3p	hsa-mir-6511a-3	3.625	1.0	0.29483875207647814	0.9306667399219062	3p	total_3.625|nta#T#1_3.625|nta#T_3.625
hsa-miR-6511a-3p	hsa-mir-6511a-4	3.625	1.0	0.29483875207647814	0.9306667399219062	3p	total_3.625|nta#T#1_3.625|nta#T_3.625
hsa-miR-6511a-3p	hsa-mir-6511a-1	3.625	1.0	0.29483875207647814	0.9306667399219062	3p	total_3.625|nta#T#1_3.625|nta#T_3.625
hsa-miR-6511a-3p	hsa-mir-6511a-2	3.625	1.0	0.29483875207647814	0.9306667399219062	3p	total_3.625|nta#T#1_3.625|nta#T_3.625
hsa-miR-6511a-3p	hsa-mir-6511a-2	3.625	1.0	0.29483875207647814	0.9306667399219062	3p	total_3.625|nta#T#1_3.625|nta#T_3.625
hsa-miR-6511a-3p	hsa-mir-6511a-3	3.625	1.0	0.29483875207647814	0.9306667399219062	3p	total_3.625|nta#T#1_3.625|nta#T_3.625
hsa-miR-6511a-3p	hsa-mir-6511a-4	3.625	1.0	0.29483875207647814	0.9306667399219062	3p	total_3.625|nta#T#1_3.625|nta#T_3.625
hsa-miR-6511a-3p	hsa-mir-6511a-4	3.625	1.0	0.29483875207647814	0.9306667399219062	3p	total_3.625|nta#T#1_3.625|nta#T_3.625
hsa-miR-6511a-3p	hsa-mir-6511a-3	3.625	1.0	0.29483875207647814	0.9306667399219062	3p	total_3.625|nta#T#1_3.625|nta#T_3.625
hsa-miR-6511a-3p	hsa-mir-6511a-1	3.625	1.0	0.29483875207647814	0.9306667399219062	3p	total_3.625|nta#T#1_3.625|nta#T_3.625
hsa-miR-6511a-3p	hsa-mir-6511a-2	3.625	1.0	0.29483875207647814	0.9306667399219062	3p	total_3.625|nta#T#1_3.625|nta#T_3.625
hsa-miR-6511a-3p	hsa-mir-6511a-1	3.625	1.0	0.29483875207647814	0.9306667399219062	3p	total_3.625|nta#T#1_3.625|nta#T_3.625
hsa-miR-143-3p	hsa-mir-143	3.0	3.0	0.24400448447708536	0.7702069571767499	3p	canonical_1.0|lv3p#-1_1.0|total_3.0|lv3p_1.0|nta#T#1_1.0|nta#T_1.0|lv3pT_1.0
hsa-miR-215-5p	hsa-mir-215	2.0	2.0	0.1626696563180569	0.5134713047845	5p	mv_1.0|nta#T#2_1.0|total_2.0|nta#T_1.0
hsa-miR-183-3p	hsa-mir-183	2.0	1.0	0.1626696563180569	0.5134713047845	3p	lv5p_2.0|lv5pT_2.0|lv5p#-1_2.0|total_2.0
hsa-miR-6133	hsa-mir-6133	1.0	1.0	0.08133482815902845	0.25673565239225	3p	nta#C_1.0|total_1.0|nta#C#1_1.0
hsa-miR-378g	hsa-mir-378g	1.0	1.0	0.08133482815902845	0.25673565239225	-	mlv3p_1.0|total_1.0|mlv3p#2_1.0
hsa-miR-378i	hsa-mir-378i	1.0	1.0	0.08133482815902845	0.25673565239225	5p	nta#A_1.0|nta#A#1_1.0|total_1.0
hsa-miR-219a-2-3p	hsa-mir-219a-2	1.0	1.0	0.08133482815902845	0.25673565239225	3p	canonical_1.0|total_1.0
hsa-miR-6511b-3p	hsa-mir-6511b-1	0.5	1.0	0.04066741407951423	0.128367826196125	3p	nta#T#3_0.5|total_0.5|nta#T_0.5
hsa-miR-30c-1-3p	hsa-mir-30c-1	0.5	1.0	0.04066741407951423	0.128367826196125	3p	lv3p#-2_0.5|total_0.5|lv3p_0.5|lv3pT_0.5
hsa-miR-6511b-3p	hsa-mir-6511b-1	0.5	1.0	0.04066741407951423	0.128367826196125	3p	nta#T#3_0.5|total_0.5|nta#T_0.5
hsa-miR-181d-5p	hsa-mir-181d	0.3333333333333333	1.0	0.027111609386342817	0.08557855079741665	5p	total_0.3333333333333333|NucVar_0.3333333333333333
hsa-miR-124-3p	hsa-mir-124-2	0.3333333333333333	1.0	0.027111609386342817	0.08557855079741665	3p	mv_0.3333333333333333|total_0.3333333333333333
hsa-miR-124-3p	hsa-mir-124-1	0.3333333333333333	1.0	0.027111609386342817	0.08557855079741665	3p	mv_0.3333333333333333|total_0.3333333333333333
hsa-miR-124-3p	hsa-mir-124-3	0.3333333333333333	1.0	0.027111609386342817	0.08557855079741665	3p	mv_0.3333333333333333|total_0.3333333333333333
hsa-miR-10401-3p	hsa-mir-10401	0.25	1.0	0.020333707039757114	0.0641839130980625	3p	nta#C_0.25|total_0.25|nta#C#1_0.25
hsa-miR-10401-3p	hsa-mir-10401	0.25	1.0	0.020333707039757114	0.0641839130980625	3p	nta#C_0.25|total_0.25|nta#C#1_0.25
hsa-miR-10401-3p	hsa-mir-10401	0.25	1.0	0.020333707039757114	0.0641839130980625	3p	nta#C_0.25|total_0.25|nta#C#1_0.25
hsa-miR-10401-3p	hsa-mir-10401	0.25	1.0	0.020333707039757114	0.0641839130980625	3p	nta#C_0.25|total_0.25|nta#C#1_0.25
hsa-miR-941	hsa-mir-941-3	0.058823529411764705	1.0	0.004784401656413439	0.015102097199544116	3p	nta#A_0.058823529411764705|nta#A#1_0.058823529411764705|total_0.058823529411764705
hsa-miR-941	hsa-mir-941-2	0.058823529411764705	1.0	0.004784401656413439	0.015102097199544116	3p	nta#A_0.058823529411764705|nta#A#1_0.058823529411764705|total_0.058823529411764705
hsa-miR-941	hsa-mir-941-3	0.058823529411764705	1.0	0.004784401656413439	0.015102097199544116	3p	nta#A_0.058823529411764705|nta#A#1_0.058823529411764705|total_0.058823529411764705
hsa-miR-941	hsa-mir-941-4	0.058823529411764705	1.0	0.004784401656413439	0.015102097199544116	3p	nta#A_0.058823529411764705|nta#A#1_0.058823529411764705|total_0.058823529411764705
hsa-miR-941	hsa-mir-941-5	0.058823529411764705	1.0	0.004784401656413439	0.015102097199544116	3p	nta#A_0.058823529411764705|nta#A#1_0.058823529411764705|total_0.058823529411764705
hsa-miR-941	hsa-mir-941-5	0.058823529411764705	1.0	0.004784401656413439	0.015102097199544116	3p	nta#A_0.058823529411764705|nta#A#1_0.058823529411764705|total_0.058823529411764705
hsa-miR-941	hsa-mir-941-5	0.058823529411764705	1.0	0.004784401656413439	0.015102097199544116	3p	nta#A_0.058823529411764705|nta#A#1_0.058823529411764705|total_0.058823529411764705
hsa-miR-941	hsa-mir-941-4	0.058823529411764705	1.0	0.004784401656413439	0.015102097199544116	3p	nta#A_0.058823529411764705|nta#A#1_0.058823529411764705|total_0.058823529411764705
hsa-miR-941	hsa-mir-941-2	0.058823529411764705	1.0	0.004784401656413439	0.015102097199544116	3p	nta#A_0.058823529411764705|nta#A#1_0.058823529411764705|total_0.058823529411764705
hsa-miR-941	hsa-mir-941-3	0.058823529411764705	1.0	0.004784401656413439	0.015102097199544116	3p	nta#A_0.058823529411764705|nta#A#1_0.058823529411764705|total_0.058823529411764705
hsa-miR-941	hsa-mir-941-5	0.058823529411764705	1.0	0.004784401656413439	0.015102097199544116	3p	nta#A_0.058823529411764705|nta#A#1_0.058823529411764705|total_0.058823529411764705
hsa-miR-941	hsa-mir-941-1	0.058823529411764705	1.0	0.004784401656413439	0.015102097199544116	3p	nta#A_0.058823529411764705|nta#A#1_0.058823529411764705|total_0.058823529411764705
hsa-miR-941	hsa-mir-941-2	0.058823529411764705	1.0	0.004784401656413439	0.015102097199544116	3p	nta#A_0.058823529411764705|nta#A#1_0.058823529411764705|total_0.058823529411764705
hsa-miR-941	hsa-mir-941-4	0.058823529411764705	1.0	0.004784401656413439	0.015102097199544116	3p	nta#A_0.058823529411764705|nta#A#1_0.058823529411764705|total_0.058823529411764705
hsa-miR-941	hsa-mir-941-3	0.058823529411764705	1.0	0.004784401656413439	0.015102097199544116	3p	nta#A_0.058823529411764705|nta#A#1_0.058823529411764705|total_0.058823529411764705
hsa-miR-941	hsa-mir-941-4	0.058823529411764705	1.0	0.004784401656413439	0.015102097199544116	3p	nta#A_0.058823529411764705|nta#A#1_0.058823529411764705|total_0.058823529411764705
hsa-miR-941	hsa-mir-941-2	0.058823529411764705	1.0	0.004784401656413439	0.015102097199544116	3p	nta#A_0.058823529411764705|nta#A#1_0.058823529411764705|total_0.058823529411764705
