name	unique reads 32152341_EXO_S35 32152341_EXO_S35	32152341_EXO_S35	32152341_EXO_S35 (mult. map. adj.)	32152341_EXO_S3532152341_EXO_S35(lib)	32152341_EXO_S3532152341_EXO_S35(total)	coordinateString 32152341_EXO_S35 32152341_EXO_S35	32152341_EXO_S35 (lib)	32152341_EXO_S35 (total)
URS000003B35A_9606:rRNA:Homo_sapiens	221.0	1244.0	82.9333333333335	337676.4386536373	833.5477507611819	21:hsa;URS000003B35A_9606:rRNA:Homo_sapiens,8399772,8399831,+	22511.762576909197	55.569850050745565
URS00000A5ABE_9606:rRNA:Homo_sapiens	221.0	1244.0	82.9333333333335	337676.4386536373	833.5477507611819	21:hsa;URS00000A5ABE_9606:rRNA:Homo_sapiens,8216738,8216797,+	22511.762576909197	55.569850050745565
URS000005D9C4_9606:rRNA:Homo_sapiens	221.0	1244.0	82.9333333333335	337676.4386536373	833.5477507611819	21:hsa;URS000005D9C4_9606:rRNA:Homo_sapiens,8399772,8399831,+	22511.762576909197	55.569850050745565
URS000003B35A_9606:rRNA:Homo_sapiens	221.0	1244.0	82.9333333333335	337676.4386536373	833.5477507611819	21:hsa;URS000003B35A_9606:rRNA:Homo_sapiens,8444007,8444066,+	22511.762576909197	55.569850050745565
URS0000086682_9606:rRNA:Homo_sapiens	221.0	1244.0	82.9333333333335	337676.4386536373	833.5477507611819	21:hsa;URS0000086682_9606:rRNA:Homo_sapiens,8216738,8216797,+	22511.762576909197	55.569850050745565
URS000008D842_9606:rRNA:Homo_sapiens	221.0	1244.0	82.9333333333335	337676.4386536373	833.5477507611819	21:hsa;URS000008D842_9606:rRNA:Homo_sapiens,8216738,8216797,+	22511.762576909197	55.569850050745565
URS000005D9C4_9606:rRNA:Homo_sapiens	221.0	1244.0	82.9333333333335	337676.4386536373	833.5477507611819	21:hsa;URS000005D9C4_9606:rRNA:Homo_sapiens,8216738,8216797,+	22511.762576909197	55.569850050745565
URS00000A5ABE_9606:rRNA:Homo_sapiens	221.0	1244.0	82.9333333333335	337676.4386536373	833.5477507611819	21:hsa;URS00000A5ABE_9606:rRNA:Homo_sapiens,8444007,8444066,+	22511.762576909197	55.569850050745565
URS000008D842_9606:rRNA:Homo_sapiens	221.0	1244.0	82.9333333333335	337676.4386536373	833.5477507611819	21:hsa;URS000008D842_9606:rRNA:Homo_sapiens,8399772,8399831,+	22511.762576909197	55.569850050745565
URS0000086682_9606:rRNA:Homo_sapiens	221.0	1244.0	82.9333333333335	337676.4386536373	833.5477507611819	21:hsa;URS0000086682_9606:rRNA:Homo_sapiens,8444007,8444066,+	22511.762576909197	55.569850050745565
URS000003B35A_9606:rRNA:Homo_sapiens	221.0	1244.0	82.9333333333335	337676.4386536373	833.5477507611819	21:hsa;URS000003B35A_9606:rRNA:Homo_sapiens,8216738,8216797,+	22511.762576909197	55.569850050745565
URS00000A5ABE_9606:rRNA:Homo_sapiens	221.0	1244.0	82.9333333333335	337676.4386536373	833.5477507611819	21:hsa;URS00000A5ABE_9606:rRNA:Homo_sapiens,8399772,8399831,+	22511.762576909197	55.569850050745565
URS000005D9C4_9606:rRNA:Homo_sapiens	221.0	1244.0	82.9333333333335	337676.4386536373	833.5477507611819	21:hsa;URS000005D9C4_9606:rRNA:Homo_sapiens,8444007,8444066,+	22511.762576909197	55.569850050745565
URS000008D842_9606:rRNA:Homo_sapiens	221.0	1244.0	82.9333333333335	337676.4386536373	833.5477507611819	21:hsa;URS000008D842_9606:rRNA:Homo_sapiens,8444007,8444066,+	22511.762576909197	55.569850050745565
URS0000086682_9606:rRNA:Homo_sapiens	221.0	1244.0	82.9333333333335	337676.4386536373	833.5477507611819	21:hsa;URS0000086682_9606:rRNA:Homo_sapiens,8399772,8399831,+	22511.762576909197	55.569850050745565
URS0000033B5D_9606_piR-36063:piRNA:Homo_sapiens	32.0	519.0	86.5	140879.47882736154	347.75826579184354	21:hsa;URS0000033B5D_9606_piR-36063:piRNA:Homo_sapiens,8217622,8217651,+	23479.913137893593	57.95971096530726
URS0000033B5D_9606_piR-36063:piRNA:Homo_sapiens	32.0	519.0	86.5	140879.47882736154	347.75826579184354	21:hsa;URS0000033B5D_9606_piR-36063:piRNA:Homo_sapiens,8444892,8444921,+	23479.913137893593	57.95971096530726
URS0000033B5D_9606_piR-36063:piRNA:Homo_sapiens	32.0	519.0	86.5	140879.47882736154	347.75826579184354	7:hsa;URS0000033B5D_9606_piR-36063:piRNA:Homo_sapiens,69062491,69062520,+	23479.913137893593	57.95971096530726
URS0000033B5D_9606_piR-36063:piRNA:Homo_sapiens	32.0	519.0	86.5	140879.47882736154	347.75826579184354	1:hsa;URS0000033B5D_9606_piR-36063:piRNA:Homo_sapiens,237603101,237603130,+	23479.913137893593	57.95971096530726
URS0000033B5D_9606_piR-36063:piRNA:Homo_sapiens	32.0	519.0	86.5	140879.47882736154	347.75826579184354	21:hsa;URS0000033B5D_9606_piR-36063:piRNA:Homo_sapiens,8400660,8400689,+	23479.913137893593	57.95971096530726
URS0000033B5D_9606_piR-36063:piRNA:Homo_sapiens	32.0	519.0	86.5	140879.47882736154	347.75826579184354	11:hsa;URS0000033B5D_9606_piR-36063:piRNA:Homo_sapiens,77886522,77886551,+	23479.913137893593	57.95971096530726
URS000009DDCA_9606_tRNA-Val (anticodon CAC) 2-1:tRNA:Homo_sapiens	46.0	257.0	190.35189393939396	69761.12920738327	172.2039967408551	6:hsa;URS000009DDCA_9606_tRNA-Val (anticodon CAC) 2-1:tRNA:Homo_sapiens,27280283,27280342,-	51669.89520613299	127.54613588931905
URS000004D273_9606_tRNA-Glu:tRNA:Homo_sapiens	34.0	195.0	24.375	52931.59609120521	130.66062009520135	1:hsa;URS000004D273_9606_tRNA-Glu:tRNA:Homo_sapiens,161447240,161447299,-	6616.449511400651	16.33257751190017
URS000004D273_9606_tRNA-Glu:tRNA:Homo_sapiens	34.0	195.0	24.375	52931.59609120521	130.66062009520135	6:hsa;URS000004D273_9606_tRNA-Glu:tRNA:Homo_sapiens,125780259,125780318,-	6616.449511400651	16.33257751190017
URS000004D273_9606_tRNA-Glu:tRNA:Homo_sapiens	34.0	195.0	24.375	52931.59609120521	130.66062009520135	1:hsa;URS000004D273_9606_tRNA-Glu:tRNA:Homo_sapiens,161469411,161469470,-	6616.449511400651	16.33257751190017
URS000004D273_9606_tRNA-Glu:tRNA:Homo_sapiens	34.0	195.0	24.375	52931.59609120521	130.66062009520135	1:hsa;URS000004D273_9606_tRNA-Glu:tRNA:Homo_sapiens,248874248,248874307,+	6616.449511400651	16.33257751190017
URS000004D273_9606_tRNA-Glu:tRNA:Homo_sapiens	34.0	195.0	24.375	52931.59609120521	130.66062009520135	1:hsa;URS000004D273_9606_tRNA-Glu:tRNA:Homo_sapiens,161462031,161462090,-	6616.449511400651	16.33257751190017
URS000004D273_9606_tRNA-Glu:tRNA:Homo_sapiens	34.0	195.0	24.375	52931.59609120521	130.66062009520135	1:hsa;URS000004D273_9606_tRNA-Glu:tRNA:Homo_sapiens,161454620,161454679,-	6616.449511400651	16.33257751190017
URS000004D273_9606_tRNA-Glu:tRNA:Homo_sapiens	34.0	195.0	24.375	52931.59609120521	130.66062009520135	6:hsa;URS000004D273_9606_tRNA-Glu:tRNA:Homo_sapiens,28982199,28982258,+	6616.449511400651	16.33257751190017
URS000004D273_9606_tRNA-Glu:tRNA:Homo_sapiens	34.0	195.0	24.375	52931.59609120521	130.66062009520135	1:hsa;URS000004D273_9606_tRNA-Glu:tRNA:Homo_sapiens,146035692,146035751,+	6616.449511400651	16.33257751190017
URS00000C18F2_9606_tRNA-Pro (anticodon CGG) 1-1:tRNA:Homo_sapiens	33.0	186.0	21.27272727272728	50488.5993485342	124.63012993696128	17:hsa;URS00000C18F2_9606_tRNA-Pro (anticodon CGG) 1-1:tRNA:Homo_sapiens,8222845,8222904,-	5774.355937222388	14.253885828567425
URS00000C18F2_9606_tRNA-Pro (anticodon CGG) 1-1:tRNA:Homo_sapiens	33.0	186.0	21.272727272727277	50488.5993485342	124.63012993696128	1:hsa;URS00000C18F2_9606_tRNA-Pro (anticodon CGG) 1-1:tRNA:Homo_sapiens,167714725,167714784,+	5774.355937222387	14.253885828567421
URS00000C18F2_9606_tRNA-Pro (anticodon CGG) 1-1:tRNA:Homo_sapiens	33.0	186.0	21.272727272727277	50488.5993485342	124.63012993696128	16:hsa;URS00000C18F2_9606_tRNA-Pro (anticodon CGG) 1-1:tRNA:Homo_sapiens,3172048,3172107,+	5774.355937222387	14.253885828567421
URS00000B0DA9_9606:rRNA:Homo_sapiens	25.0	181.0	90.5	49131.378935939196	121.2798576268279	MT:hsa;URS00000B0DA9_9606:rRNA:Homo_sapiens,1476,1535,+	24565.689467969598	60.63992881341395
URS00000B0DA9_9606:rRNA:Homo_sapiens	25.0	181.0	90.5	49131.378935939196	121.2798576268279	5:hsa;URS00000B0DA9_9606:rRNA:Homo_sapiens,80651183,80651242,-	24565.689467969598	60.63992881341395
URS0000009B16_9606_tRNA-Pro:tRNA:Homo_sapiens	27.0	168.0	15.272727272727282	45602.60586319218	112.56914962048116	14:hsa;URS0000009B16_9606_tRNA-Pro:tRNA:Homo_sapiens,20609346,20609405,-	4145.691442108383	10.233559056407383
URS0000009B16_9606_tRNA-Pro:tRNA:Homo_sapiens	27.0	168.0	15.272727272727272	45602.60586319218	112.56914962048116	16:hsa;URS0000009B16_9606_tRNA-Pro:tRNA:Homo_sapiens,3189636,3189695,+	4145.691442108379	10.233559056407376
URS0000009B16_9606_tRNA-Pro:tRNA:Homo_sapiens	27.0	168.0	15.272727272727272	45602.60586319218	112.56914962048116	7:hsa;URS0000009B16_9606_tRNA-Pro:tRNA:Homo_sapiens,128783452,128783511,+	4145.691442108379	10.233559056407376
URS0000009B16_9606_tRNA-Pro:tRNA:Homo_sapiens	27.0	168.0	15.272727272727282	45602.60586319218	112.56914962048116	1:hsa;URS0000009B16_9606_tRNA-Pro:tRNA:Homo_sapiens,167715498,167715557,-	4145.691442108383	10.233559056407383
URS0000009B16_9606_tRNA-Pro:tRNA:Homo_sapiens	27.0	168.0	15.272727272727272	45602.60586319218	112.56914962048116	6:hsa;URS0000009B16_9606_tRNA-Pro:tRNA:Homo_sapiens,26555272,26555331,+	4145.691442108379	10.233559056407376
URS0000009B16_9606_tRNA-Pro:tRNA:Homo_sapiens	27.0	168.0	15.272727272727272	45602.60586319218	112.56914962048116	11:hsa;URS0000009B16_9606_tRNA-Pro:tRNA:Homo_sapiens,76235515,76235574,+	4145.691442108379	10.233559056407376
URS0000009B16_9606_tRNA-Pro:tRNA:Homo_sapiens	27.0	168.0	15.272727272727282	45602.60586319218	112.56914962048116	16:hsa;URS0000009B16_9606_tRNA-Pro:tRNA:Homo_sapiens,3182645,3182704,-	4145.691442108383	10.233559056407383
URS0000009B16_9606_tRNA-Pro:tRNA:Homo_sapiens	27.0	168.0	15.272727272727282	45602.60586319218	112.56914962048116	14:hsa;URS0000009B16_9606_tRNA-Pro:tRNA:Homo_sapiens,20613411,20613470,-	4145.691442108383	10.233559056407383
URS000009AC8B_9606_tRNA-Gly (anticodon GCC) 3-1:tRNA:Homo_sapiens	21.0	154.0	30.444444444444443	41802.38870792616	103.18838715210772	16:hsa;URS000009AC8B_9606_tRNA-Gly (anticodon GCC) 3-1:tRNA:Homo_sapiens,70778222,70778281,-	8263.964290022921	20.39943584392317
URS00000173B3_9606_piR-34440:piRNA:Homo_sapiens	20.0	140.0	20.0	38002.17155266015	93.80762468373429	11:hsa;URS00000173B3_9606_piR-34440:piRNA:Homo_sapiens,66348120,66348150,+	5428.881650380022	13.401089240533471
URS00000173B3_9606_piR-34440:piRNA:Homo_sapiens	20.0	140.0	20.0	38002.17155266015	93.80762468373429	6:hsa;URS00000173B3_9606_piR-34440:piRNA:Homo_sapiens,27097306,27097336,+	5428.881650380022	13.401089240533471
URS00000173B3_9606_piR-34440:piRNA:Homo_sapiens	20.0	140.0	20.0	38002.17155266015	93.80762468373429	15:hsa;URS00000173B3_9606_piR-34440:piRNA:Homo_sapiens,40593876,40593906,-	5428.881650380022	13.401089240533471
URS00000173B3_9606_piR-34440:piRNA:Homo_sapiens	20.0	140.0	20.0	38002.17155266015	93.80762468373429	6:hsa;URS00000173B3_9606_piR-34440:piRNA:Homo_sapiens,28597391,28597421,-	5428.881650380022	13.401089240533471
URS00000173B3_9606_piR-34440:piRNA:Homo_sapiens	20.0	140.0	20.0	38002.17155266015	93.80762468373429	6:hsa;URS00000173B3_9606_piR-34440:piRNA:Homo_sapiens,28213037,28213067,+	5428.881650380022	13.401089240533471
URS00000173B3_9606_piR-34440:piRNA:Homo_sapiens	20.0	140.0	20.0	38002.17155266015	93.80762468373429	17:hsa;URS00000173B3_9606_piR-34440:piRNA:Homo_sapiens,8186866,8186896,+	5428.881650380022	13.401089240533471
URS00000173B3_9606_piR-34440:piRNA:Homo_sapiens	20.0	140.0	20.0	38002.17155266015	93.80762468373429	6:hsa;URS00000173B3_9606_piR-34440:piRNA:Homo_sapiens,27297996,27298026,+	5428.881650380022	13.401089240533471
URS0000009A89_9606_piR-34358:piRNA:Homo_sapiens	14.0	139.0	15.444444444444443	37730.72747014115	93.13757022170762	6:hsa;URS0000009A89_9606_piR-34358:piRNA:Homo_sapiens,27902952,27902979,-	4192.303052237905	10.348618913523069
URS0000009A89_9606_piR-34358:piRNA:Homo_sapiens	14.0	139.0	15.444444444444443	37730.72747014115	93.13757022170762	3:hsa;URS0000009A89_9606_piR-34358:piRNA:Homo_sapiens,15507991,15508018,+	4192.303052237905	10.348618913523069
URS00000792D8_9606_piR-35284:piRNA:Homo_sapiens	14.0	139.0	15.444444444444443	37730.72747014115	93.13757022170762	1:hsa;URS00000792D8_9606_piR-35284:piRNA:Homo_sapiens,229537857,229537886,+	4192.303052237905	10.348618913523069
URS0000009A89_9606_piR-34358:piRNA:Homo_sapiens	14.0	139.0	15.444444444444443	37730.72747014115	93.13757022170762	1:hsa;URS0000009A89_9606_piR-34358:piRNA:Homo_sapiens,16545983,16546010,-	4192.303052237905	10.348618913523069
URS0000009A89_9606_piR-34358:piRNA:Homo_sapiens	14.0	139.0	15.444444444444443	37730.72747014115	93.13757022170762	X:hsa;URS0000009A89_9606_piR-34358:piRNA:Homo_sapiens,65017960,65017987,-	4192.303052237905	10.348618913523069
URS0000009A89_9606_piR-34358:piRNA:Homo_sapiens	14.0	139.0	15.444444444444443	37730.72747014115	93.13757022170762	1:hsa;URS0000009A89_9606_piR-34358:piRNA:Homo_sapiens,16861920,16861947,+	4192.303052237905	10.348618913523069
URS0000009A89_9606_piR-34358:piRNA:Homo_sapiens	14.0	139.0	15.444444444444443	37730.72747014115	93.13757022170762	1:hsa;URS0000009A89_9606_piR-34358:piRNA:Homo_sapiens,229537856,229537883,+	4192.303052237905	10.348618913523069
URS0000009A89_9606_piR-34358:piRNA:Homo_sapiens	14.0	139.0	15.444444444444443	37730.72747014115	93.13757022170762	16:hsa;URS0000009A89_9606_piR-34358:piRNA:Homo_sapiens,70789506,70789533,+	4192.303052237905	10.348618913523069
URS00000C0E02_9606_piR-36511:piRNA:Homo_sapiens	16.0	121.0	24.199999999999996	32844.73398479913	81.0765899052275	21:hsa;URS00000C0E02_9606_piR-36511:piRNA:Homo_sapiens,8214167,8214194,+	6568.9467969598245	16.215317981045498
URS00000C0E02_9606_piR-36511:piRNA:Homo_sapiens	16.0	121.0	24.199999999999996	32844.73398479913	81.0765899052275	21:hsa;URS00000C0E02_9606_piR-36511:piRNA:Homo_sapiens,8397205,8397232,+	6568.9467969598245	16.215317981045498
URS00000C0E02_9606_piR-36511:piRNA:Homo_sapiens	16.0	121.0	24.199999999999996	32844.73398479913	81.0765899052275	11:hsa;URS00000C0E02_9606_piR-36511:piRNA:Homo_sapiens,85483985,85484012,+	6568.9467969598245	16.215317981045498
URS00000C0E02_9606_piR-36511:piRNA:Homo_sapiens	16.0	121.0	24.199999999999996	32844.73398479913	81.0765899052275	21:hsa;URS00000C0E02_9606_piR-36511:piRNA:Homo_sapiens,8258388,8258415,+	6568.9467969598245	16.215317981045498
URS00000C0E02_9606_piR-36511:piRNA:Homo_sapiens	16.0	121.0	24.199999999999996	32844.73398479913	81.0765899052275	21:hsa;URS00000C0E02_9606_piR-36511:piRNA:Homo_sapiens,8441425,8441452,+	6568.9467969598245	16.215317981045498
URS00000AED6F_9606_tRNA-Gly (anticodon TCC) 1-1:tRNA:Homo_sapiens	18.0	118.0	118.0	32030.401737242126	79.06642651914748	19:hsa;URS00000AED6F_9606_tRNA-Gly (anticodon TCC) 1-1:tRNA:Homo_sapiens,4724070,4724129,+	32030.401737242126	79.06642651914748
URS0000005270_9606:rRNA:Homo_sapiens	32.0	104.0	26.0	28230.18458197611	69.68566405077405	21:hsa;URS0000005270_9606:rRNA:Homo_sapiens,8439822,8439881,+	7057.546145494028	17.421416012693513
URS0000005270_9606:rRNA:Homo_sapiens	32.0	104.0	26.0	28230.18458197611	69.68566405077405	21:hsa;URS0000005270_9606:rRNA:Homo_sapiens,8256780,8256839,+	7057.546145494028	17.421416012693513
URS0000005270_9606:rRNA:Homo_sapiens	32.0	104.0	26.0	28230.18458197611	69.68566405077405	21:hsa;URS0000005270_9606:rRNA:Homo_sapiens,8395606,8395665,+	7057.546145494028	17.421416012693513
URS0000005270_9606:rRNA:Homo_sapiens	32.0	104.0	26.0	28230.18458197611	69.68566405077405	21:hsa;URS0000005270_9606:rRNA:Homo_sapiens,8212571,8212630,+	7057.546145494028	17.421416012693513
URS0000007D24_9606:otherRNA:Homo_sapiens	12.0	78.0	78.0	21172.638436482084	52.26424803808054	7:hsa;URS0000007D24_9606:otherRNA:Homo_sapiens,148963315,148963374,+	21172.638436482084	52.26424803808054
URS000001A289_9606_piR-35413:piRNA:Homo_sapiens	10.0	66.0	11.0	17915.309446254072	44.22359449376045	1:hsa;URS000001A289_9606_piR-35413:piRNA:Homo_sapiens,146039401,146039432,+	2985.8849077090117	7.370599082293409
URS000001A289_9606_piR-35413:piRNA:Homo_sapiens	10.0	66.0	11.0	17915.309446254072	44.22359449376045	16:hsa;URS000001A289_9606_piR-35413:piRNA:Homo_sapiens,3175691,3175722,+	2985.8849077090117	7.370599082293409
URS000001A289_9606_piR-35413:piRNA:Homo_sapiens	10.0	66.0	11.000000000000002	17915.309446254072	44.22359449376045	5:hsa;URS000001A289_9606_piR-35413:piRNA:Homo_sapiens,181222020,181222051,-	2985.884907709012	7.37059908229341
URS000001A289_9606_piR-35413:piRNA:Homo_sapiens	10.0	66.0	11.000000000000002	17915.309446254072	44.22359449376045	16:hsa;URS000001A289_9606_piR-35413:piRNA:Homo_sapiens,3157446,3157477,-	2985.884907709012	7.37059908229341
URS000001A289_9606_piR-35413:piRNA:Homo_sapiens	10.0	66.0	11.0	17915.309446254072	44.22359449376045	6:hsa;URS000001A289_9606_piR-35413:piRNA:Homo_sapiens,26556546,26556577,+	2985.8849077090117	7.370599082293409
URS000001A289_9606_piR-35413:piRNA:Homo_sapiens	10.0	66.0	11.0	17915.309446254072	44.22359449376045	5:hsa;URS000001A289_9606_piR-35413:piRNA:Homo_sapiens,181207755,181207786,+	2985.8849077090117	7.370599082293409
URS00000706BA_9606_piR-hsa-4104178:piRNA:Homo_sapiens	21.0	62.0	20.666666666666668	16829.533116178067	41.54337664565376	2:hsa;URS00000706BA_9606_piR-hsa-4104178:piRNA:Homo_sapiens,132254347,132254373,-	5609.844372059356	13.84779221521792
URS00000706BA_9606_piR-hsa-4104178:piRNA:Homo_sapiens	21.0	62.0	20.666666666666668	16829.533116178067	41.54337664565376	22:hsa;URS00000706BA_9606_piR-hsa-4104178:piRNA:Homo_sapiens,11251000,11251026,-	5609.844372059356	13.84779221521792
URS00000706BA_9606_piR-hsa-4104178:piRNA:Homo_sapiens	21.0	62.0	20.666666666666668	16829.533116178067	41.54337664565376	14:hsa;URS00000706BA_9606_piR-hsa-4104178:piRNA:Homo_sapiens,16056405,16056431,+	5609.844372059356	13.84779221521792
URS0000032A9D_9606_piR-60577:piRNA:Homo_sapiens	7.0	49.0	3.351893939393939	13300.760043431052	32.832668639307	1:hsa;URS0000032A9D_9606_piR-60577:piRNA:Homo_sapiens,143804033,143804064,-	909.851775079788	2.2459514903310733
URS0000032A9D_9606_piR-60577:piRNA:Homo_sapiens	7.0	49.0	3.351893939393939	13300.760043431052	32.832668639307	11:hsa;URS0000032A9D_9606_piR-60577:piRNA:Homo_sapiens,44762920,44762951,-	909.851775079788	2.2459514903310733
URS0000032A9D_9606_piR-60577:piRNA:Homo_sapiens	7.0	49.0	3.351893939393939	13300.760043431052	32.832668639307	5:hsa;URS0000032A9D_9606_piR-60577:piRNA:Homo_sapiens,181222434,181222465,-	909.851775079788	2.2459514903310733
URS0000032A9D_9606_piR-60577:piRNA:Homo_sapiens	7.0	49.0	3.351893939393939	13300.760043431052	32.832668639307	5:hsa;URS0000032A9D_9606_piR-60577:piRNA:Homo_sapiens,181097072,181097103,+	909.851775079788	2.2459514903310733
URS0000032A9D_9606_piR-60577:piRNA:Homo_sapiens	7.0	49.0	3.351893939393939	13300.760043431052	32.832668639307	1:hsa;URS0000032A9D_9606_piR-60577:piRNA:Homo_sapiens,161399739,161399770,-	909.851775079788	2.2459514903310733
URS0000032A9D_9606_piR-60577:piRNA:Homo_sapiens	7.0	49.0	3.351893939393939	13300.760043431052	32.832668639307	6:hsa;URS0000032A9D_9606_piR-60577:piRNA:Homo_sapiens,26538056,26538087,+	909.851775079788	2.2459514903310733
URS0000032A9D_9606_piR-60577:piRNA:Homo_sapiens	7.0	49.0	3.351893939393939	13300.760043431052	32.832668639307	5:hsa;URS0000032A9D_9606_piR-60577:piRNA:Homo_sapiens,181173652,181173683,+	909.851775079788	2.2459514903310733
URS0000032A9D_9606_piR-60577:piRNA:Homo_sapiens	7.0	49.0	3.351893939393939	13300.760043431052	32.832668639307	5:hsa;URS0000032A9D_9606_piR-60577:piRNA:Homo_sapiens,181102292,181102323,-	909.851775079788	2.2459514903310733
URS0000032A9D_9606_piR-60577:piRNA:Homo_sapiens	7.0	49.0	3.351893939393939	13300.760043431052	32.832668639307	1:hsa;URS0000032A9D_9606_piR-60577:piRNA:Homo_sapiens,121020768,121020799,-	909.851775079788	2.2459514903310733
URS0000032A9D_9606_piR-60577:piRNA:Homo_sapiens	7.0	49.0	3.351893939393939	13300.760043431052	32.832668639307	1:hsa;URS0000032A9D_9606_piR-60577:piRNA:Homo_sapiens,149712591,149712622,-	909.851775079788	2.2459514903310733
URS000005EEFA_9606:otherRNA:Homo_sapiens	10.0	42.0	7.579166666666667	11400.651465798044	28.14228740512029	5:hsa;URS000005EEFA_9606:otherRNA:Homo_sapiens,181218287,181218346,-	2057.319942091929	5.07845444344383
URS00000674BE_9606:otherRNA:Homo_sapiens	13.0	38.0	18.5	10314.87513572204	25.462069557013596	19:hsa;URS00000674BE_9606:otherRNA:Homo_sapiens,4724654,4724713,-	5021.71552660152	12.396007547493461
URS000005AEAB_9606_tRNA-Leu (anticodon TAG) 3-1:tRNA:Homo_sapiens	7.0	25.0	25.0	6786.1020629750265	16.75136155066684	16:hsa;URS000005AEAB_9606_tRNA-Leu (anticodon TAG) 3-1:tRNA:Homo_sapiens,22195733,22195792,-	6786.1020629750265	16.75136155066684
URS0000002575_9606_piR-hsa-1169534:piRNA:Homo_sapiens	7.0	22.0	5.5	5971.769815418023	14.741198164586818	17:hsa;URS0000002575_9606_piR-hsa-1169534:piRNA:Homo_sapiens,8119153,8119179,+	1492.9424538545059	3.6852995411467044
URS0000002575_9606_piR-hsa-1169534:piRNA:Homo_sapiens	7.0	22.0	5.5	5971.769815418023	14.741198164586818	1:hsa;URS0000002575_9606_piR-hsa-1169534:piRNA:Homo_sapiens,204507078,204507104,-	1492.9424538545059	3.6852995411467044
URS0000002575_9606_piR-hsa-1169534:piRNA:Homo_sapiens	7.0	22.0	5.5	5971.769815418023	14.741198164586818	6:hsa;URS0000002575_9606_piR-hsa-1169534:piRNA:Homo_sapiens,28951027,28951053,+	1492.9424538545059	3.6852995411467044
URS0000002575_9606_piR-hsa-1169534:piRNA:Homo_sapiens	7.0	22.0	5.5	5971.769815418023	14.741198164586818	11:hsa;URS0000002575_9606_piR-hsa-1169534:piRNA:Homo_sapiens,59560383,59560409,-	1492.9424538545059	3.6852995411467044
URS00000B383E_9606_piR-44719:piRNA:Homo_sapiens	3.0	21.0	1.6944444444444444	5700.325732899022	14.071143702560144	8:hsa;URS00000B383E_9606_piR-44719:piRNA:Homo_sapiens,66113425,66113454,+	459.9469176016407	1.135370060656308
URS00000B383E_9606_piR-44719:piRNA:Homo_sapiens	3.0	21.0	1.6944444444444444	5700.325732899022	14.071143702560144	14:hsa;URS00000B383E_9606_piR-44719:piRNA:Homo_sapiens,20653104,20653133,-	459.9469176016407	1.135370060656308
URS00000B383E_9606_piR-44719:piRNA:Homo_sapiens	3.0	21.0	1.6944444444444444	5700.325732899022	14.071143702560144	2:hsa;URS00000B383E_9606_piR-44719:piRNA:Homo_sapiens,27050836,27050865,+	459.9469176016407	1.135370060656308
URS000006A033_9606_piR-44717:piRNA:Homo_sapiens	3.0	21.0	1.6944444444444444	5700.325732899022	14.071143702560144	2:hsa;URS000006A033_9606_piR-44717:piRNA:Homo_sapiens,27050836,27050867,+	459.9469176016407	1.135370060656308
URS00000B383E_9606_piR-44719:piRNA:Homo_sapiens	3.0	21.0	1.6944444444444444	5700.325732899022	14.071143702560144	14:hsa;URS00000B383E_9606_piR-44719:piRNA:Homo_sapiens,20683327,20683356,+	459.9469176016407	1.135370060656308
URS000006A033_9606_piR-44717:piRNA:Homo_sapiens	3.0	21.0	1.6944444444444444	5700.325732899022	14.071143702560144	8:hsa;URS000006A033_9606_piR-44717:piRNA:Homo_sapiens,66113425,66113456,+	459.9469176016407	1.135370060656308
URS000006A033_9606_piR-44717:piRNA:Homo_sapiens	3.0	21.0	1.6944444444444444	5700.325732899022	14.071143702560144	14:hsa;URS000006A033_9606_piR-44717:piRNA:Homo_sapiens,20653102,20653133,-	459.9469176016407	1.135370060656308
URS00000B383E_9606_piR-44719:piRNA:Homo_sapiens	3.0	21.0	1.6944444444444444	5700.325732899022	14.071143702560144	14:hsa;URS00000B383E_9606_piR-44719:piRNA:Homo_sapiens,20663197,20663226,-	459.9469176016407	1.135370060656308
URS000006A033_9606_piR-44717:piRNA:Homo_sapiens	3.0	21.0	1.6944444444444444	5700.325732899022	14.071143702560144	14:hsa;URS000006A033_9606_piR-44717:piRNA:Homo_sapiens,20663195,20663226,-	459.9469176016407	1.135370060656308
URS00000B383E_9606_piR-44719:piRNA:Homo_sapiens	3.0	21.0	1.6944444444444444	5700.325732899022	14.071143702560144	8:hsa;URS00000B383E_9606_piR-44719:piRNA:Homo_sapiens,66114042,66114071,+	459.9469176016407	1.135370060656308
URS000006A033_9606_piR-44717:piRNA:Homo_sapiens	3.0	21.0	1.6944444444444444	5700.325732899022	14.071143702560144	8:hsa;URS000006A033_9606_piR-44717:piRNA:Homo_sapiens,66114042,66114073,+	459.9469176016407	1.135370060656308
URS000006A033_9606_piR-44717:piRNA:Homo_sapiens	3.0	21.0	1.6944444444444444	5700.325732899022	14.071143702560144	14:hsa;URS000006A033_9606_piR-44717:piRNA:Homo_sapiens,20683327,20683358,+	459.9469176016407	1.135370060656308
URS00000B61D3_9606_piR-hsa-691249:piRNA:Homo_sapiens	1.0	18.0	1.6363636363636365	4885.993485342019	12.060980316480125	1:hsa;URS00000B61D3_9606_piR-hsa-691249:piRNA:Homo_sapiens,161443339,161443366,+	444.1812259401836	1.0964527560436477
URS00000B61D3_9606_piR-hsa-691249:piRNA:Homo_sapiens	1.0	18.0	1.6363636363636365	4885.993485342019	12.060980316480125	1:hsa;URS00000B61D3_9606_piR-hsa-691249:piRNA:Homo_sapiens,161458143,161458170,+	444.1812259401836	1.0964527560436477
URS00000B61D3_9606_piR-hsa-691249:piRNA:Homo_sapiens	1.0	18.0	1.6363636363636365	4885.993485342019	12.060980316480125	6:hsa;URS00000B61D3_9606_piR-hsa-691249:piRNA:Homo_sapiens,27902916,27902943,-	444.1812259401836	1.0964527560436477
URS00000B61D3_9606_piR-hsa-691249:piRNA:Homo_sapiens	1.0	18.0	1.6363636363636365	4885.993485342019	12.060980316480125	17:hsa;URS00000B61D3_9606_piR-hsa-691249:piRNA:Homo_sapiens,8125781,8125808,+	444.1812259401836	1.0964527560436477
URS00000B61D3_9606_piR-hsa-691249:piRNA:Homo_sapiens	1.0	18.0	1.6363636363636365	4885.993485342019	12.060980316480125	21:hsa;URS00000B61D3_9606_piR-hsa-691249:piRNA:Homo_sapiens,17454797,17454824,-	444.1812259401836	1.0964527560436477
URS00000B61D3_9606_piR-hsa-691249:piRNA:Homo_sapiens	1.0	18.0	1.6363636363636365	4885.993485342019	12.060980316480125	1:hsa;URS00000B61D3_9606_piR-hsa-691249:piRNA:Homo_sapiens,161450712,161450739,+	444.1812259401836	1.0964527560436477
URS00000B61D3_9606_piR-hsa-691249:piRNA:Homo_sapiens	1.0	18.0	1.6363636363636365	4885.993485342019	12.060980316480125	1:hsa;URS00000B61D3_9606_piR-hsa-691249:piRNA:Homo_sapiens,161465503,161465530,+	444.1812259401836	1.0964527560436477
URS00000B61D3_9606_piR-hsa-691249:piRNA:Homo_sapiens	1.0	18.0	1.6363636363636365	4885.993485342019	12.060980316480125	16:hsa;URS00000B61D3_9606_piR-hsa-691249:piRNA:Homo_sapiens,70779047,70779074,-	444.1812259401836	1.0964527560436477
URS00000B61D3_9606_piR-hsa-691249:piRNA:Homo_sapiens	1.0	18.0	1.6363636363636365	4885.993485342019	12.060980316480125	2:hsa;URS00000B61D3_9606_piR-hsa-691249:piRNA:Homo_sapiens,156401155,156401182,-	444.1812259401836	1.0964527560436477
URS00000B61D3_9606_piR-hsa-691249:piRNA:Homo_sapiens	1.0	18.0	1.6363636363636365	4885.993485342019	12.060980316480125	16:hsa;URS00000B61D3_9606_piR-hsa-691249:piRNA:Homo_sapiens,70789542,70789569,+	444.1812259401836	1.0964527560436477
URS00000B61D3_9606_piR-hsa-691249:piRNA:Homo_sapiens	1.0	18.0	1.6363636363636365	4885.993485342019	12.060980316480125	1:hsa;URS00000B61D3_9606_piR-hsa-691249:piRNA:Homo_sapiens,161523855,161523882,-	444.1812259401836	1.0964527560436477
URS000002D2B3_9606_piR-33164:piRNA:Homo_sapiens	2.0	15.0	0.32916666666666666	4071.661237785016	10.050816930400103	5:hsa;URS000002D2B3_9606_piR-33164:piRNA:Homo_sapiens,181173654,181173681,+	89.35034382917118	0.2205595937504467
URS000003BDE2_9606_piR-hsa-170555:piRNA:Homo_sapiens	2.0	15.0	0.32916666666666666	4071.661237785016	10.050816930400103	5:hsa;URS000003BDE2_9606_piR-hsa-170555:piRNA:Homo_sapiens,181222436,181222467,-	89.35034382917118	0.2205595937504467
URS000003BDE2_9606_piR-hsa-170555:piRNA:Homo_sapiens	2.0	15.0	0.32916666666666666	4071.661237785016	10.050816930400103	1:hsa;URS000003BDE2_9606_piR-hsa-170555:piRNA:Homo_sapiens,121020770,121020801,-	89.35034382917118	0.2205595937504467
URS000003BDE2_9606_piR-hsa-170555:piRNA:Homo_sapiens	2.0	15.0	0.32916666666666666	4071.661237785016	10.050816930400103	3:hsa;URS000003BDE2_9606_piR-hsa-170555:piRNA:Homo_sapiens,169772230,169772261,+	89.35034382917118	0.2205595937504467
URS000002D2B3_9606_piR-33164:piRNA:Homo_sapiens	2.0	15.0	0.32916666666666666	4071.661237785016	10.050816930400103	5:hsa;URS000002D2B3_9606_piR-33164:piRNA:Homo_sapiens,181222436,181222463,-	89.35034382917118	0.2205595937504467
URS000003BDE2_9606_piR-hsa-170555:piRNA:Homo_sapiens	2.0	15.0	0.32916666666666666	4071.661237785016	10.050816930400103	5:hsa;URS000003BDE2_9606_piR-hsa-170555:piRNA:Homo_sapiens,181218311,181218342,-	89.35034382917118	0.2205595937504467
URS000002D2B3_9606_piR-33164:piRNA:Homo_sapiens	2.0	15.0	0.32916666666666666	4071.661237785016	10.050816930400103	11:hsa;URS000002D2B3_9606_piR-33164:piRNA:Homo_sapiens,44762922,44762949,-	89.35034382917118	0.2205595937504467
URS000003BDE2_9606_piR-hsa-170555:piRNA:Homo_sapiens	2.0	15.0	0.32916666666666666	4071.661237785016	10.050816930400103	6:hsa;URS000003BDE2_9606_piR-hsa-170555:piRNA:Homo_sapiens,27753441,27753472,-	89.35034382917118	0.2205595937504467
URS000002D2B3_9606_piR-33164:piRNA:Homo_sapiens	2.0	15.0	0.32916666666666666	4071.661237785016	10.050816930400103	5:hsa;URS000002D2B3_9606_piR-33164:piRNA:Homo_sapiens,181164158,181164185,+	89.35034382917118	0.2205595937504467
URS000003BDE2_9606_piR-hsa-170555:piRNA:Homo_sapiens	2.0	15.0	0.32916666666666666	4071.661237785016	10.050816930400103	2:hsa;URS000003BDE2_9606_piR-hsa-170555:piRNA:Homo_sapiens,47280762,47280793,-	89.35034382917118	0.2205595937504467
URS000003BDE2_9606_piR-hsa-170555:piRNA:Homo_sapiens	2.0	15.0	0.32916666666666666	4071.661237785016	10.050816930400103	1:hsa;URS000003BDE2_9606_piR-hsa-170555:piRNA:Homo_sapiens,149712593,149712624,-	89.35034382917118	0.2205595937504467
URS000002D2B3_9606_piR-33164:piRNA:Homo_sapiens	2.0	15.0	0.32916666666666666	4071.661237785016	10.050816930400103	5:hsa;URS000002D2B3_9606_piR-33164:piRNA:Homo_sapiens,181218311,181218338,-	89.35034382917118	0.2205595937504467
URS000002D2B3_9606_piR-33164:piRNA:Homo_sapiens	2.0	15.0	0.32916666666666666	4071.661237785016	10.050816930400103	6:hsa;URS000002D2B3_9606_piR-33164:piRNA:Homo_sapiens,26538058,26538085,+	89.35034382917118	0.2205595937504467
URS000003BDE2_9606_piR-hsa-170555:piRNA:Homo_sapiens	2.0	15.0	0.32916666666666666	4071.661237785016	10.050816930400103	11:hsa;URS000003BDE2_9606_piR-hsa-170555:piRNA:Homo_sapiens,44762922,44762953,-	89.35034382917118	0.2205595937504467
URS000002D2B3_9606_piR-33164:piRNA:Homo_sapiens	2.0	15.0	0.32916666666666666	4071.661237785016	10.050816930400103	3:hsa;URS000002D2B3_9606_piR-33164:piRNA:Homo_sapiens,169772234,169772261,+	89.35034382917118	0.2205595937504467
URS000002D2B3_9606_piR-33164:piRNA:Homo_sapiens	2.0	15.0	0.32916666666666666	4071.661237785016	10.050816930400103	6:hsa;URS000002D2B3_9606_piR-33164:piRNA:Homo_sapiens,27753441,27753468,-	89.35034382917118	0.2205595937504467
URS000002D2B3_9606_piR-33164:piRNA:Homo_sapiens	2.0	15.0	0.32916666666666666	4071.661237785016	10.050816930400103	5:hsa;URS000002D2B3_9606_piR-33164:piRNA:Homo_sapiens,181097074,181097101,+	89.35034382917118	0.2205595937504467
URS000003BDE2_9606_piR-hsa-170555:piRNA:Homo_sapiens	2.0	15.0	0.32916666666666666	4071.661237785016	10.050816930400103	6:hsa;URS000003BDE2_9606_piR-hsa-170555:piRNA:Homo_sapiens,27681147,27681178,-	89.35034382917118	0.2205595937504467
URS000002D2B3_9606_piR-33164:piRNA:Homo_sapiens	2.0	15.0	0.32916666666666666	4071.661237785016	10.050816930400103	1:hsa;URS000002D2B3_9606_piR-33164:piRNA:Homo_sapiens,149712593,149712620,-	89.35034382917118	0.2205595937504467
URS000002D2B3_9606_piR-33164:piRNA:Homo_sapiens	2.0	15.0	0.32916666666666666	4071.661237785016	10.050816930400103	6:hsa;URS000002D2B3_9606_piR-33164:piRNA:Homo_sapiens,27681147,27681174,-	89.35034382917118	0.2205595937504467
URS000002D2B3_9606_piR-33164:piRNA:Homo_sapiens	2.0	15.0	0.32916666666666666	4071.661237785016	10.050816930400103	1:hsa;URS000002D2B3_9606_piR-33164:piRNA:Homo_sapiens,161399741,161399768,-	89.35034382917118	0.2205595937504467
URS000003BDE2_9606_piR-hsa-170555:piRNA:Homo_sapiens	2.0	15.0	0.32916666666666666	4071.661237785016	10.050816930400103	5:hsa;URS000003BDE2_9606_piR-hsa-170555:piRNA:Homo_sapiens,181102294,181102325,-	89.35034382917118	0.2205595937504467
URS000002D2B3_9606_piR-33164:piRNA:Homo_sapiens	2.0	15.0	0.32916666666666666	4071.661237785016	10.050816930400103	5:hsa;URS000002D2B3_9606_piR-33164:piRNA:Homo_sapiens,181102294,181102321,-	89.35034382917118	0.2205595937504467
URS000002D2B3_9606_piR-33164:piRNA:Homo_sapiens	2.0	15.0	0.32916666666666666	4071.661237785016	10.050816930400103	6:hsa;URS000002D2B3_9606_piR-33164:piRNA:Homo_sapiens,27650969,27650996,-	89.35034382917118	0.2205595937504467
URS000003BDE2_9606_piR-hsa-170555:piRNA:Homo_sapiens	2.0	15.0	0.32916666666666666	4071.661237785016	10.050816930400103	1:hsa;URS000003BDE2_9606_piR-hsa-170555:piRNA:Homo_sapiens,161399741,161399772,-	89.35034382917118	0.2205595937504467
URS000003BDE2_9606_piR-hsa-170555:piRNA:Homo_sapiens	2.0	15.0	0.32916666666666666	4071.661237785016	10.050816930400103	5:hsa;URS000003BDE2_9606_piR-hsa-170555:piRNA:Homo_sapiens,181169610,181169641,+	89.35034382917118	0.2205595937504467
URS000002D2B3_9606_piR-33164:piRNA:Homo_sapiens	2.0	15.0	0.32916666666666666	4071.661237785016	10.050816930400103	2:hsa;URS000002D2B3_9606_piR-33164:piRNA:Homo_sapiens,47280762,47280789,-	89.35034382917118	0.2205595937504467
URS000003BDE2_9606_piR-hsa-170555:piRNA:Homo_sapiens	2.0	15.0	0.32916666666666666	4071.661237785016	10.050816930400103	5:hsa;URS000003BDE2_9606_piR-hsa-170555:piRNA:Homo_sapiens,181164154,181164185,+	89.35034382917118	0.2205595937504467
URS000002D2B3_9606_piR-33164:piRNA:Homo_sapiens	2.0	15.0	0.32916666666666666	4071.661237785016	10.050816930400103	1:hsa;URS000002D2B3_9606_piR-33164:piRNA:Homo_sapiens,121020770,121020797,-	89.35034382917118	0.2205595937504467
URS000003BDE2_9606_piR-hsa-170555:piRNA:Homo_sapiens	2.0	15.0	0.32916666666666666	4071.661237785016	10.050816930400103	6:hsa;URS000003BDE2_9606_piR-hsa-170555:piRNA:Homo_sapiens,27650969,27651000,-	89.35034382917118	0.2205595937504467
URS000003BDE2_9606_piR-hsa-170555:piRNA:Homo_sapiens	2.0	15.0	0.32916666666666666	4071.661237785016	10.050816930400103	1:hsa;URS000003BDE2_9606_piR-hsa-170555:piRNA:Homo_sapiens,143804035,143804066,-	89.35034382917118	0.2205595937504467
URS000002D2B3_9606_piR-33164:piRNA:Homo_sapiens	2.0	15.0	0.32916666666666666	4071.661237785016	10.050816930400103	1:hsa;URS000002D2B3_9606_piR-33164:piRNA:Homo_sapiens,143804035,143804062,-	89.35034382917118	0.2205595937504467
URS000002D2B3_9606_piR-33164:piRNA:Homo_sapiens	2.0	15.0	0.32916666666666666	4071.661237785016	10.050816930400103	5:hsa;URS000002D2B3_9606_piR-33164:piRNA:Homo_sapiens,181169614,181169641,+	89.35034382917118	0.2205595937504467
URS000001545A_9606_piR-31368:piRNA:Homo_sapiens	2.0	14.0	14.0	3800.217155266015	9.38076246837343	14:hsa;URS000001545A_9606_piR-31368:piRNA:Homo_sapiens,20633005,20633034,+	3800.217155266015	9.38076246837343
URS00000711F0_9606:miscRNA:Homo_sapiens	6.0	13.0	1.0833333333333333	3528.773072747014	8.710708006346756	12:hsa;URS00000711F0_9606:miscRNA:Homo_sapiens,124939648,124939686,-	294.0644227289178	0.7258923338622296
URS00000711F0_9606:miscRNA:Homo_sapiens	6.0	13.0	1.0833333333333333	3528.773072747014	8.710708006346756	1:hsa;URS00000711F0_9606:miscRNA:Homo_sapiens,161463035,161463073,-	294.0644227289178	0.7258923338622296
URS00000711F0_9606:miscRNA:Homo_sapiens	6.0	13.0	1.0833333333333333	3528.773072747014	8.710708006346756	6:hsa;URS00000711F0_9606:miscRNA:Homo_sapiens,27503776,27503814,+	294.0644227289178	0.7258923338622296
URS00000711F0_9606:miscRNA:Homo_sapiens	6.0	13.0	1.0833333333333333	3528.773072747014	8.710708006346756	1:hsa;URS00000711F0_9606:miscRNA:Homo_sapiens,161470416,161470454,-	294.0644227289178	0.7258923338622296
URS00000711F0_9606:miscRNA:Homo_sapiens	6.0	13.0	1.0833333333333333	3528.773072747014	8.710708006346756	1:hsa;URS00000711F0_9606:miscRNA:Homo_sapiens,161440826,161440864,-	294.0644227289178	0.7258923338622296
URS00000711F0_9606:miscRNA:Homo_sapiens	6.0	13.0	1.0833333333333333	3528.773072747014	8.710708006346756	1:hsa;URS00000711F0_9606:miscRNA:Homo_sapiens,161455625,161455663,-	294.0644227289178	0.7258923338622296
URS00000711F0_9606:miscRNA:Homo_sapiens	6.0	13.0	1.0833333333333333	3528.773072747014	8.710708006346756	12:hsa;URS00000711F0_9606:miscRNA:Homo_sapiens,96036053,96036091,+	294.0644227289178	0.7258923338622296
URS00000711F0_9606:miscRNA:Homo_sapiens	6.0	13.0	1.0833333333333333	3528.773072747014	8.710708006346756	1:hsa;URS00000711F0_9606:miscRNA:Homo_sapiens,161448244,161448282,-	294.0644227289178	0.7258923338622296
URS00000711F0_9606:miscRNA:Homo_sapiens	6.0	13.0	1.0833333333333333	3528.773072747014	8.710708006346756	6:hsa;URS00000711F0_9606:miscRNA:Homo_sapiens,27479706,27479744,+	294.0644227289178	0.7258923338622296
URS00000711F0_9606:miscRNA:Homo_sapiens	6.0	13.0	1.0833333333333333	3528.773072747014	8.710708006346756	6:hsa;URS00000711F0_9606:miscRNA:Homo_sapiens,27583458,27583496,-	294.0644227289178	0.7258923338622296
URS00000711F0_9606:miscRNA:Homo_sapiens	6.0	13.0	1.0833333333333333	3528.773072747014	8.710708006346756	12:hsa;URS00000711F0_9606:miscRNA:Homo_sapiens,124927346,124927384,-	294.0644227289178	0.7258923338622296
URS00000711F0_9606:miscRNA:Homo_sapiens	6.0	13.0	1.0833333333333333	3528.773072747014	8.710708006346756	17:hsa;URS00000711F0_9606:miscRNA:Homo_sapiens,8222239,8222277,-	294.0644227289178	0.7258923338622296
URS000002EC8C_9606_piR-hsa-373334:piRNA:Homo_sapiens	4.0	11.0	5.5	2985.8849077090117	7.370599082293409	16:hsa;URS000002EC8C_9606_piR-hsa-373334:piRNA:Homo_sapiens,3188136,3188168,+	1492.9424538545059	3.6852995411467044
URS000002EC8C_9606_piR-hsa-373334:piRNA:Homo_sapiens	4.0	11.0	5.5	2985.8849077090117	7.370599082293409	16:hsa;URS000002EC8C_9606_piR-hsa-373334:piRNA:Homo_sapiens,3184130,3184162,-	1492.9424538545059	3.6852995411467044
URS000003B38D_9606:tRNA:Homo_sapiens	4.0	10.0	2.9166666666666665	2714.440825190011	6.700544620266736	6:hsa;URS000003B38D_9606:tRNA:Homo_sapiens,26322817,26322876,+	791.7119073470864	1.9543255142444644
URS00000A1A88_9606_tRNA-Thr (anticodon AGT) 1-2:tRNA:Homo_sapiens	2.0	10.0	3.3333333333333335	2714.440825190011	6.700544620266736	19:hsa;URS00000A1A88_9606_tRNA-Thr (anticodon AGT) 1-2:tRNA:Homo_sapiens,33177057,33177116,+	904.8136083966702	2.233514873422245
URS00000A1A88_9606_tRNA-Thr (anticodon AGT) 1-2:tRNA:Homo_sapiens	2.0	10.0	3.3333333333333335	2714.440825190011	6.700544620266736	17:hsa;URS00000A1A88_9606_tRNA-Thr (anticodon AGT) 1-2:tRNA:Homo_sapiens,8187160,8187219,+	904.8136083966702	2.233514873422245
URS000003B38D_9606:tRNA:Homo_sapiens	4.0	10.0	2.9166666666666665	2714.440825190011	6.700544620266736	6:hsa;URS000003B38D_9606:tRNA:Homo_sapiens,26299676,26299735,+	791.7119073470864	1.9543255142444644
URS000003B38D_9606:tRNA:Homo_sapiens	4.0	10.0	2.9166666666666665	2714.440825190011	6.700544620266736	6:hsa;URS000003B38D_9606:tRNA:Homo_sapiens,28543128,28543187,-	791.7119073470864	1.9543255142444644
URS00000A1A88_9606_tRNA-Thr (anticodon AGT) 1-2:tRNA:Homo_sapiens	2.0	10.0	3.3333333333333335	2714.440825190011	6.700544620266736	17:hsa;URS00000A1A88_9606_tRNA-Thr (anticodon AGT) 1-2:tRNA:Homo_sapiens,8226249,8226308,-	904.8136083966702	2.233514873422245
URS000005A7A9_9606_tRNA-Arg (anticodon CCT) 3-1:tRNA:Homo_sapiens	3.0	9.0	9.0	2442.9967426710095	6.030490158240062	16:hsa;URS000005A7A9_9606_tRNA-Arg (anticodon CCT) 3-1:tRNA:Homo_sapiens,3152900,3152959,+	2442.9967426710095	6.030490158240062
URS0000095676_9606_piR-58756:piRNA:Homo_sapiens	4.0	9.0	9.0	2442.9967426710095	6.030490158240062	9:hsa;URS0000095676_9606_piR-58756:piRNA:Homo_sapiens,81994622,81994651,+	2442.9967426710095	6.030490158240062
URS0000023412_9606_tRNA-Thr (anticodon TGT) 2-1:tRNA:Homo_sapiens	3.0	8.0	8.0	2171.5526601520087	5.360435696213388	1:hsa;URS0000023412_9606_tRNA-Thr (anticodon TGT) 2-1:tRNA:Homo_sapiens,222465005,222465064,+	2171.5526601520087	5.360435696213388
URS00000C8761_9606_piR-35462:piRNA:Homo_sapiens	4.0	7.0	1.75	1900.1085776330076	4.690381234186715	16:hsa;URS00000C8761_9606_piR-35462:piRNA:Homo_sapiens,73478361,73478389,-	475.0271444082519	1.1725953085466787
URS0000002D9E_9606_piR-36743:piRNA:Homo_sapiens	2.0	7.0	3.5	1900.1085776330076	4.690381234186715	5:hsa;URS0000002D9E_9606_piR-36743:piRNA:Homo_sapiens,181188457,181188488,-	950.0542888165038	2.3451906170933574
URS0000030422_9606:rRNA:Homo_sapiens	4.0	7.0	1.75	1900.1085776330076	4.690381234186715	21:hsa;URS0000030422_9606:rRNA:Homo_sapiens,8215937,8215996,+	475.0271444082519	1.1725953085466787
URS00000712D0_9606_piR-hsa-140643:piRNA:Homo_sapiens	3.0	7.0	2.333333333333333	1900.1085776330076	4.690381234186715	6:hsa;URS00000712D0_9606_piR-hsa-140643:piRNA:Homo_sapiens,28673835,28673865,-	633.369525877669	1.5634604113955715
URS00000712D0_9606_piR-hsa-140643:piRNA:Homo_sapiens	3.0	7.0	2.333333333333333	1900.1085776330076	4.690381234186715	5:hsa;URS00000712D0_9606_piR-hsa-140643:piRNA:Homo_sapiens,181206910,181206940,+	633.369525877669	1.5634604113955715
URS000001AABB_9606_piR-35463:piRNA:Homo_sapiens	4.0	7.0	1.75	1900.1085776330076	4.690381234186715	16:hsa;URS000001AABB_9606_piR-35463:piRNA:Homo_sapiens,73478359,73478389,-	475.0271444082519	1.1725953085466787
URS0000030422_9606:rRNA:Homo_sapiens	4.0	7.0	1.75	1900.1085776330076	4.690381234186715	21:hsa;URS0000030422_9606:rRNA:Homo_sapiens,8260166,8260225,+	475.0271444082519	1.1725953085466787
URS00000712D0_9606_piR-hsa-140643:piRNA:Homo_sapiens	3.0	7.0	2.333333333333333	1900.1085776330076	4.690381234186715	12:hsa;URS00000712D0_9606_piR-hsa-140643:piRNA:Homo_sapiens,124921754,124921784,-	633.369525877669	1.5634604113955715
URS0000030422_9606:rRNA:Homo_sapiens	4.0	7.0	1.75	1900.1085776330076	4.690381234186715	21:hsa;URS0000030422_9606:rRNA:Homo_sapiens,8398971,8399030,+	475.0271444082519	1.1725953085466787
URS0000030422_9606:rRNA:Homo_sapiens	4.0	7.0	1.75	1900.1085776330076	4.690381234186715	21:hsa;URS0000030422_9606:rRNA:Homo_sapiens,8443200,8443259,+	475.0271444082519	1.1725953085466787
URS000001AABB_9606_piR-35463:piRNA:Homo_sapiens	4.0	7.0	1.75	1900.1085776330076	4.690381234186715	11:hsa;URS000001AABB_9606_piR-35463:piRNA:Homo_sapiens,122559947,122559977,+	475.0271444082519	1.1725953085466787
URS00000C8761_9606_piR-35462:piRNA:Homo_sapiens	4.0	7.0	1.75	1900.1085776330076	4.690381234186715	11:hsa;URS00000C8761_9606_piR-35462:piRNA:Homo_sapiens,122559947,122559975,+	475.0271444082519	1.1725953085466787
URS00000CC06A_9606_tRNA-Arg (anticodon TCG) 1-1:tRNA:Homo_sapiens	3.0	7.0	3.25	1900.1085776330076	4.690381234186715	15:hsa;URS00000CC06A_9606_tRNA-Arg (anticodon TCG) 1-1:tRNA:Homo_sapiens,89335073,89335132,+	882.1932681867535	2.177677001586689
URS00000BDE9E_9606_piR-35304:piRNA:Homo_sapiens	4.0	6.0	0.6666666666666667	1628.6644951140065	4.0203267721600415	6:hsa;URS00000BDE9E_9606_piR-35304:piRNA:Homo_sapiens,26780662,26780692,+	180.96272167933407	0.4467029746844491
URS0000092302_9606_tRNA-Ser (anticodon TGA) 1-1:tRNA:Homo_sapiens	4.0	6.0	6.0	1628.6644951140065	4.0203267721600415	10:hsa;URS0000092302_9606_tRNA-Ser (anticodon TGA) 1-1:tRNA:Homo_sapiens,67764503,67764562,+	1628.6644951140065	4.0203267721600415
URS00000BDE9E_9606_piR-35304:piRNA:Homo_sapiens	4.0	6.0	0.6666666666666666	1628.6644951140065	4.0203267721600415	6:hsa;URS00000BDE9E_9606_piR-35304:piRNA:Homo_sapiens,27177218,27177248,-	180.96272167933404	0.44670297468444903
URS00000BDE9E_9606_piR-35304:piRNA:Homo_sapiens	4.0	6.0	0.6666666666666667	1628.6644951140065	4.0203267721600415	6:hsa;URS00000BDE9E_9606_piR-35304:piRNA:Homo_sapiens,27668623,27668653,+	180.96272167933407	0.4467029746844491
URS00000BDE9E_9606_piR-35304:piRNA:Homo_sapiens	4.0	6.0	0.6666666666666667	1628.6644951140065	4.0203267721600415	6:hsa;URS00000BDE9E_9606_piR-35304:piRNA:Homo_sapiens,26554162,26554192,+	180.96272167933407	0.4467029746844491
URS00000BDE9E_9606_piR-35304:piRNA:Homo_sapiens	4.0	6.0	0.6666666666666667	1628.6644951140065	4.0203267721600415	6:hsa;URS00000BDE9E_9606_piR-35304:piRNA:Homo_sapiens,57823013,57823043,+	180.96272167933407	0.4467029746844491
URS00000BDE9E_9606_piR-35304:piRNA:Homo_sapiens	4.0	6.0	0.6666666666666667	1628.6644951140065	4.0203267721600415	17:hsa;URS00000BDE9E_9606_piR-35304:piRNA:Homo_sapiens,8187633,8187663,+	180.96272167933407	0.4467029746844491
URS00000BDE9E_9606_piR-35304:piRNA:Homo_sapiens	4.0	6.0	0.6666666666666666	1628.6644951140065	4.0203267721600415	6:hsa;URS00000BDE9E_9606_piR-35304:piRNA:Homo_sapiens,26720995,26721025,-	180.96272167933404	0.44670297468444903
URS00000BDE9E_9606_piR-35304:piRNA:Homo_sapiens	4.0	6.0	0.6666666666666666	1628.6644951140065	4.0203267721600415	6:hsa;URS00000BDE9E_9606_piR-35304:piRNA:Homo_sapiens,27237574,27237604,-	180.96272167933404	0.44670297468444903
URS00000BDE9E_9606_piR-35304:piRNA:Homo_sapiens	4.0	6.0	0.6666666666666667	1628.6644951140065	4.0203267721600415	14:hsa;URS00000BDE9E_9606_piR-35304:piRNA:Homo_sapiens,102317132,102317162,+	180.96272167933407	0.4467029746844491
URS00000B8F4E_9606_piR-33519:piRNA:Homo_sapiens	1.0	5.0	2.5	1357.2204125950054	3.350272310133368	5:hsa;URS00000B8F4E_9606_piR-33519:piRNA:Homo_sapiens,181188456,181188483,-	678.6102062975027	1.675136155066684
URS000009C1FC_9606_piR-36339:piRNA:Homo_sapiens	1.0	4.0	4.0	1085.7763300760043	2.680217848106694	6:hsa;URS000009C1FC_9606_piR-36339:piRNA:Homo_sapiens,26575631,26575661,+	1085.7763300760043	2.680217848106694
URS00000570B0_9606:otherRNA:Homo_sapiens	1.0	4.0	4.0	1085.7763300760043	2.680217848106694	10:hsa;URS00000570B0_9606:otherRNA:Homo_sapiens,106163348,106163407,+	1085.7763300760043	2.680217848106694
URS000003BDE2_9606_piR-hsa-170555:piRNA:Homo_sapiens	1.0	3.0	0.0625	814.3322475570033	2.0101633860800208	5:hsa;URS000003BDE2_9606_piR-hsa-170555:piRNA:Homo_sapiens,181173650,181173681,+	16.965255157437568	0.041878403876667095
URS0000097CB7_9606_piR-hsa-2993862:piRNA:Homo_sapiens	3.0	3.0	0.375	814.3322475570033	2.0101633860800208	6:hsa;URS0000097CB7_9606_piR-hsa-2993862:piRNA:Homo_sapiens,26286560,26286588,+	101.7915309446254	0.2512704232600026
URS0000097CB7_9606_piR-hsa-2993862:piRNA:Homo_sapiens	3.0	3.0	0.375	814.3322475570033	2.0101633860800208	1:hsa;URS0000097CB7_9606_piR-hsa-2993862:piRNA:Homo_sapiens,153671284,153671312,+	101.7915309446254	0.2512704232600026
URS000007B049_9606_piR-33636:piRNA:Homo_sapiens	1.0	3.0	3.0	814.3322475570033	2.0101633860800208	7:hsa;URS000007B049_9606_piR-33636:piRNA:Homo_sapiens,99012539,99012567,+	814.3322475570033	2.0101633860800208
URS000003BDE2_9606_piR-hsa-170555:piRNA:Homo_sapiens	1.0	3.0	0.0625	814.3322475570033	2.0101633860800208	5:hsa;URS000003BDE2_9606_piR-hsa-170555:piRNA:Homo_sapiens,181097070,181097101,+	16.965255157437568	0.041878403876667095
URS0000097CB7_9606_piR-hsa-2993862:piRNA:Homo_sapiens	3.0	3.0	0.375	814.3322475570033	2.0101633860800208	17:hsa;URS0000097CB7_9606_piR-hsa-2993862:piRNA:Homo_sapiens,82494730,82494758,-	101.7915309446254	0.2512704232600026
URS0000097CB7_9606_piR-hsa-2993862:piRNA:Homo_sapiens	3.0	3.0	0.375	814.3322475570033	2.0101633860800208	6:hsa;URS0000097CB7_9606_piR-hsa-2993862:piRNA:Homo_sapiens,26313133,26313161,-	101.7915309446254	0.2512704232600026
URS000003BDE2_9606_piR-hsa-170555:piRNA:Homo_sapiens	1.0	3.0	0.0625	814.3322475570033	2.0101633860800208	6:hsa;URS000003BDE2_9606_piR-hsa-170555:piRNA:Homo_sapiens,26538054,26538085,+	16.965255157437568	0.041878403876667095
URS0000097CB7_9606_piR-hsa-2993862:piRNA:Homo_sapiens	3.0	3.0	0.375	814.3322475570033	2.0101633860800208	6:hsa;URS0000097CB7_9606_piR-hsa-2993862:piRNA:Homo_sapiens,27902502,27902530,-	101.7915309446254	0.2512704232600026
URS0000001346_9606_tRNA-Lys:tRNA:Homo_sapiens	1.0	3.0	1.5	814.3322475570033	2.0101633860800208	16:hsa;URS0000001346_9606_tRNA-Lys:tRNA:Homo_sapiens,3180569,3180628,-	407.1661237785016	1.0050816930400104
URS000004E6C0_9606:snoRNA:Homo_sapiens	1.0	3.0	3.0	814.3322475570033	2.0101633860800208	2:hsa;URS000004E6C0_9606:snoRNA:Homo_sapiens,206161881,206161940,+	814.3322475570033	2.0101633860800208
URS0000097CB7_9606_piR-hsa-2993862:piRNA:Homo_sapiens	3.0	3.0	0.375	814.3322475570033	2.0101633860800208	6:hsa;URS0000097CB7_9606_piR-hsa-2993862:piRNA:Homo_sapiens,27592830,27592858,-	101.7915309446254	0.2512704232600026
URS0000097CB7_9606_piR-hsa-2993862:piRNA:Homo_sapiens	3.0	3.0	0.375	814.3322475570033	2.0101633860800208	6:hsa;URS0000097CB7_9606_piR-hsa-2993862:piRNA:Homo_sapiens,26330310,26330338,-	101.7915309446254	0.2512704232600026
URS0000097CB7_9606_piR-hsa-2993862:piRNA:Homo_sapiens	3.0	3.0	0.375	814.3322475570033	2.0101633860800208	6:hsa;URS0000097CB7_9606_piR-hsa-2993862:piRNA:Homo_sapiens,27332994,27333022,-	101.7915309446254	0.2512704232600026
URS000001986D_9606_tRNA-OTHER:tRNA:Homo_sapiens	1.0	3.0	1.5	814.3322475570033	2.0101633860800208	16:hsa;URS000001986D_9606_tRNA-OTHER:tRNA:Homo_sapiens,3196155,3196214,+	407.1661237785016	1.0050816930400104
URS000000C8CD_9606:ncRNA:Homo_sapiens	2.0	2.0	1.0	542.8881650380022	1.340108924053347	12:hsa;URS000000C8CD_9606:ncRNA:Homo_sapiens,120291844,120291903,-	271.4440825190011	0.6700544620266735
URS00000273B8_9606:otherRNA:Homo_sapiens	1.0	2.0	1.0	542.8881650380022	1.340108924053347	1:hsa;URS00000273B8_9606:otherRNA:Homo_sapiens,28648600,28648659,+	271.4440825190011	0.6700544620266735
URS0000052CEF_741158:tRNA:Homo_sapiens	1.0	2.0	0.25	542.8881650380022	1.340108924053347	5:hsa;URS0000052CEF_741158:tRNA:Homo_sapiens,134926599,134926658,-	67.86102062975027	0.16751361550666838
URS00000A7307_9606_tRNA-His:tRNA:Homo_sapiens	1.0	2.0	0.25	542.8881650380022	1.340108924053347	MT:hsa;URS00000A7307_9606_tRNA-His:tRNA:Homo_sapiens,12138,12197,+	67.86102062975027	0.16751361550666838
URS00000237F6_9606_piR-35283:piRNA:Homo_sapiens	1.0	2.0	0.5	542.8881650380022	1.340108924053347	11:hsa;URS00000237F6_9606_piR-35283:piRNA:Homo_sapiens,11510564,11510591,+	135.72204125950054	0.33502723101333676
URS00000508D0_9606_piR-34021:piRNA:Homo_sapiens	1.0	2.0	0.1111111111111111	542.8881650380022	1.340108924053347	8:hsa;URS00000508D0_9606_piR-34021:piRNA:Homo_sapiens,66114044,66114069,+	30.16045361322234	0.0744504957807415
URS00000508D0_9606_piR-34021:piRNA:Homo_sapiens	1.0	2.0	0.1111111111111111	542.8881650380022	1.340108924053347	14:hsa;URS00000508D0_9606_piR-34021:piRNA:Homo_sapiens,20653106,20653131,-	30.16045361322234	0.0744504957807415
URS000000EB00_9606_tRNA-His:tRNA:Homo_sapiens	1.0	2.0	0.25	542.8881650380022	1.340108924053347	MT:hsa;URS000000EB00_9606_tRNA-His:tRNA:Homo_sapiens,12138,12197,+	67.86102062975027	0.16751361550666838
URS00000123A5_9606_piR-hsa-555919:piRNA:Homo_sapiens	1.0	2.0	0.6666666666666666	542.8881650380022	1.340108924053347	11:hsa;URS00000123A5_9606_piR-hsa-555919:piRNA:Homo_sapiens,59550992,59551025,-	180.96272167933404	0.44670297468444903
URS00000A48F5_9606:ncRNA:Homo_sapiens	2.0	2.0	1.0	542.8881650380022	1.340108924053347	12:hsa;URS00000A48F5_9606:ncRNA:Homo_sapiens,120291845,120291904,-	271.4440825190011	0.6700544620266735
URS00000123A5_9606_piR-hsa-555919:piRNA:Homo_sapiens	1.0	2.0	0.6666666666666666	542.8881650380022	1.340108924053347	11:hsa;URS00000123A5_9606_piR-hsa-555919:piRNA:Homo_sapiens,59550634,59550667,-	180.96272167933404	0.44670297468444903
URS000005CD72_9606_tRNA-His:tRNA:Homo_sapiens	1.0	2.0	0.25	542.8881650380022	1.340108924053347	MT:hsa;URS000005CD72_9606_tRNA-His:tRNA:Homo_sapiens,12138,12197,+	67.86102062975027	0.16751361550666838
URS0000044DA8_63221_tRNA-His:tRNA:Homo_sapiens	1.0	2.0	0.25	542.8881650380022	1.340108924053347	5:hsa;URS0000044DA8_63221_tRNA-His:tRNA:Homo_sapiens,134926600,134926659,-	67.86102062975027	0.16751361550666838
URS000004B6C0_9606_tRNA-His:tRNA:Homo_sapiens	1.0	2.0	0.25	542.8881650380022	1.340108924053347	MT:hsa;URS000004B6C0_9606_tRNA-His:tRNA:Homo_sapiens,12138,12197,+	67.86102062975027	0.16751361550666838
URS00000508D0_9606_piR-34021:piRNA:Homo_sapiens	1.0	2.0	0.1111111111111111	542.8881650380022	1.340108924053347	2:hsa;URS00000508D0_9606_piR-34021:piRNA:Homo_sapiens,27050838,27050863,+	30.16045361322234	0.0744504957807415
URS00000237F6_9606_piR-35283:piRNA:Homo_sapiens	1.0	2.0	0.5	542.8881650380022	1.340108924053347	6:hsa;URS00000237F6_9606_piR-35283:piRNA:Homo_sapiens,166883937,166883964,-	135.72204125950054	0.33502723101333676
URS0000052CEF_9606_tRNA-His:tRNA:Homo_sapiens	1.0	2.0	0.25	542.8881650380022	1.340108924053347	5:hsa;URS0000052CEF_9606_tRNA-His:tRNA:Homo_sapiens,134926599,134926658,-	67.86102062975027	0.16751361550666838
URS000000A142_9606:otherRNA:Homo_sapiens	1.0	2.0	1.0	542.8881650380022	1.340108924053347	1:hsa;URS000000A142_9606:otherRNA:Homo_sapiens,28648600,28648659,+	271.4440825190011	0.6700544620266735
URS0000012524_9606:asRNA:Homo_sapiens	1.0	2.0	2.0	542.8881650380022	1.340108924053347	15:hsa;URS0000012524_9606:asRNA:Homo_sapiens,40844328,40844387,-	542.8881650380022	1.340108924053347
URS00000508D0_9606_piR-34021:piRNA:Homo_sapiens	1.0	2.0	0.1111111111111111	542.8881650380022	1.340108924053347	8:hsa;URS00000508D0_9606_piR-34021:piRNA:Homo_sapiens,66113427,66113452,+	30.16045361322234	0.0744504957807415
URS0000013C59_9606_tRNA-His:tRNA:Homo_sapiens	1.0	2.0	0.25	542.8881650380022	1.340108924053347	MT:hsa;URS0000013C59_9606_tRNA-His:tRNA:Homo_sapiens,12138,12197,+	67.86102062975027	0.16751361550666838
URS0000068EE0_9606_piR-36742:piRNA:Homo_sapiens	1.0	2.0	1.0	542.8881650380022	1.340108924053347	5:hsa;URS0000068EE0_9606_piR-36742:piRNA:Homo_sapiens,181188458,181188488,-	271.4440825190011	0.6700544620266735
URS00000508D0_9606_piR-34021:piRNA:Homo_sapiens	1.0	2.0	0.1111111111111111	542.8881650380022	1.340108924053347	14:hsa;URS00000508D0_9606_piR-34021:piRNA:Homo_sapiens,20663199,20663224,-	30.16045361322234	0.0744504957807415
URS00000123A5_9606_piR-hsa-555919:piRNA:Homo_sapiens	1.0	2.0	0.6666666666666666	542.8881650380022	1.340108924053347	X:hsa;URS00000123A5_9606_piR-hsa-555919:piRNA:Homo_sapiens,18674914,18674947,-	180.96272167933404	0.44670297468444903
URS00000237F6_9606_piR-35283:piRNA:Homo_sapiens	1.0	2.0	0.5	542.8881650380022	1.340108924053347	14:hsa;URS00000237F6_9606_piR-35283:piRNA:Homo_sapiens,76582239,76582266,-	135.72204125950054	0.33502723101333676
URS00000237F6_9606_piR-35283:piRNA:Homo_sapiens	1.0	2.0	0.5	542.8881650380022	1.340108924053347	3:hsa;URS00000237F6_9606_piR-35283:piRNA:Homo_sapiens,119772625,119772652,+	135.72204125950054	0.33502723101333676
URS00000508D0_9606_piR-34021:piRNA:Homo_sapiens	1.0	2.0	0.1111111111111111	542.8881650380022	1.340108924053347	14:hsa;URS00000508D0_9606_piR-34021:piRNA:Homo_sapiens,20683329,20683354,+	30.16045361322234	0.0744504957807415
URS0000044942_9606_tRNA-Lys:tRNA:Homo_sapiens	1.0	1.0	0.07142857142857142	271.4440825190011	0.6700544620266735	1:hsa;URS0000044942_9606_tRNA-Lys:tRNA:Homo_sapiens,633464,633523,+	19.388863037071506	0.04786103300190525
URS0000042CB1_9606_tRNA-Pro:tRNA:Homo_sapiens	1.0	1.0	0.1	271.4440825190011	0.6700544620266735	MT:hsa;URS0000042CB1_9606_tRNA-Pro:tRNA:Homo_sapiens,15964,16023,-	27.14440825190011	0.06700544620266735
URS0000072EF0_9606_piR-60668:piRNA:Homo_sapiens	1.0	1.0	1.0	271.4440825190011	0.6700544620266735	11:hsa;URS0000072EF0_9606_piR-60668:piRNA:Homo_sapiens,75400392,75400421,+	271.4440825190011	0.6700544620266735
URS00000AE0C5_9606_piR-36245:piRNA:Homo_sapiens	1.0	1.0	0.16666666666666666	271.4440825190011	0.6700544620266735	17:hsa;URS00000AE0C5_9606_piR-36245:piRNA:Homo_sapiens,38869334,38869363,-	45.24068041983351	0.11167574367111226
URS0000036192_9606_piR-34810:piRNA:Homo_sapiens	1.0	1.0	0.2	271.4440825190011	0.6700544620266735	21:hsa;URS0000036192_9606_piR-34810:piRNA:Homo_sapiens,8443822,8443850,+	54.28881650380022	0.1340108924053347
URS00000AE0C5_9606_piR-36245:piRNA:Homo_sapiens	1.0	1.0	0.16666666666666666	271.4440825190011	0.6700544620266735	4:hsa;URS00000AE0C5_9606_piR-36245:piRNA:Homo_sapiens,123508892,123508921,-	45.24068041983351	0.11167574367111226
URS00000B1681_9606:otherRNA:Homo_sapiens	1.0	1.0	1.0	271.4440825190011	0.6700544620266735	2:hsa;URS00000B1681_9606:otherRNA:Homo_sapiens,20052134,20052193,+	271.4440825190011	0.6700544620266735
URS00000889D7_9606_tRNA-Lys:tRNA:Homo_sapiens	1.0	1.0	0.07142857142857142	271.4440825190011	0.6700544620266735	MT:hsa;URS00000889D7_9606_tRNA-Lys:tRNA:Homo_sapiens,8295,8354,+	19.388863037071506	0.04786103300190525
URS00000A8EF5_9606_tRNA-Pro:tRNA:Homo_sapiens	1.0	1.0	0.1	271.4440825190011	0.6700544620266735	MT:hsa;URS00000A8EF5_9606_tRNA-Pro:tRNA:Homo_sapiens,15964,16023,-	27.14440825190011	0.06700544620266735
URS000007A90A_63221:tRNA:Homo_sapiens	1.0	1.0	0.07142857142857142	271.4440825190011	0.6700544620266735	1:hsa;URS000007A90A_63221:tRNA:Homo_sapiens,633464,633523,+	19.388863037071506	0.04786103300190525
URS000000920F_9606_tRNA-Pro:tRNA:Homo_sapiens	1.0	1.0	0.1	271.4440825190011	0.6700544620266735	MT:hsa;URS000000920F_9606_tRNA-Pro:tRNA:Homo_sapiens,15964,16023,-	27.14440825190011	0.06700544620266735
URS000002EF94_9606_tRNA-Pro:tRNA:Homo_sapiens	1.0	1.0	0.1	271.4440825190011	0.6700544620266735	MT:hsa;URS000002EF94_9606_tRNA-Pro:tRNA:Homo_sapiens,15962,16021,-	27.14440825190011	0.06700544620266735
URS00000AE0C5_9606_piR-36245:piRNA:Homo_sapiens	1.0	1.0	1.0	271.4440825190011	0.6700544620266735	10:hsa;URS00000AE0C5_9606_piR-36245:piRNA:Homo_sapiens,96692722,96692751,+	271.4440825190011	0.6700544620266735
URS0000036192_9606_piR-34810:piRNA:Homo_sapiens	1.0	1.0	0.2	271.4440825190011	0.6700544620266735	21:hsa;URS0000036192_9606_piR-34810:piRNA:Homo_sapiens,8216553,8216581,+	54.28881650380022	0.1340108924053347
URS00000250B1_9606_piR-58503:piRNA:Homo_sapiens	1.0	1.0	1.0	271.4440825190011	0.6700544620266735	15:hsa;URS00000250B1_9606_piR-58503:piRNA:Homo_sapiens,62219942,62219969,-	271.4440825190011	0.6700544620266735
URS0000003B66_9606_tRNA-Pro:tRNA:Homo_sapiens	1.0	1.0	0.1	271.4440825190011	0.6700544620266735	MT:hsa;URS0000003B66_9606_tRNA-Pro:tRNA:Homo_sapiens,15963,16022,-	27.14440825190011	0.06700544620266735
URS000002176F_9606_tRNA-Pro (CCN):tRNA:Homo_sapiens	1.0	1.0	0.1	271.4440825190011	0.6700544620266735	MT:hsa;URS000002176F_9606_tRNA-Pro (CCN):tRNA:Homo_sapiens,15964,16023,-	27.14440825190011	0.06700544620266735
URS000002176F_741158:tRNA:Homo_sapiens	1.0	1.0	0.1	271.4440825190011	0.6700544620266735	MT:hsa;URS000002176F_741158:tRNA:Homo_sapiens,15964,16023,-	27.14440825190011	0.06700544620266735
URS000007A90A_741158:tRNA:Homo_sapiens	1.0	1.0	0.07142857142857142	271.4440825190011	0.6700544620266735	1:hsa;URS000007A90A_741158:tRNA:Homo_sapiens,633464,633523,+	19.388863037071506	0.04786103300190525
URS00000C0DF7_9606_tRNA-Pro:tRNA:Homo_sapiens	1.0	1.0	0.1	271.4440825190011	0.6700544620266735	MT:hsa;URS00000C0DF7_9606_tRNA-Pro:tRNA:Homo_sapiens,15964,16023,-	27.14440825190011	0.06700544620266735
URS0000036192_9606_piR-34810:piRNA:Homo_sapiens	1.0	1.0	0.2	271.4440825190011	0.6700544620266735	21:hsa;URS0000036192_9606_piR-34810:piRNA:Homo_sapiens,8260782,8260810,+	54.28881650380022	0.1340108924053347
URS00000889D7_9606_tRNA-Lys:tRNA:Homo_sapiens	1.0	1.0	0.07142857142857142	271.4440825190011	0.6700544620266735	1:hsa;URS00000889D7_9606_tRNA-Lys:tRNA:Homo_sapiens,633464,633523,+	19.388863037071506	0.04786103300190525
URS0000051A30_9606:otherRNA:Homo_sapiens	1.0	1.0	1.0	271.4440825190011	0.6700544620266735	9:hsa;URS0000051A30_9606:otherRNA:Homo_sapiens,35657959,35658018,-	271.4440825190011	0.6700544620266735
URS0000036192_9606_piR-34810:piRNA:Homo_sapiens	1.0	1.0	0.2	271.4440825190011	0.6700544620266735	21:hsa;URS0000036192_9606_piR-34810:piRNA:Homo_sapiens,8399587,8399615,+	54.28881650380022	0.1340108924053347
URS00000033F3_9606_piR-31447:piRNA:Homo_sapiens	1.0	1.0	1.0	271.4440825190011	0.6700544620266735	11:hsa;URS00000033F3_9606_piR-31447:piRNA:Homo_sapiens,93731506,93731535,-	271.4440825190011	0.6700544620266735
URS00000141BF_9606_tRNA-Pro:tRNA:Homo_sapiens	1.0	1.0	0.1	271.4440825190011	0.6700544620266735	MT:hsa;URS00000141BF_9606_tRNA-Pro:tRNA:Homo_sapiens,15964,16023,-	27.14440825190011	0.06700544620266735
URS00000AE0C5_9606_piR-36245:piRNA:Homo_sapiens	1.0	1.0	0.16666666666666666	271.4440825190011	0.6700544620266735	17:hsa;URS00000AE0C5_9606_piR-36245:piRNA:Homo_sapiens,38867645,38867674,+	45.24068041983351	0.11167574367111226
URS000006DD90_9606_tRNA-Lys:tRNA:Homo_sapiens	1.0	1.0	0.07142857142857142	271.4440825190011	0.6700544620266735	MT:hsa;URS000006DD90_9606_tRNA-Lys:tRNA:Homo_sapiens,8295,8354,+	19.388863037071506	0.04786103300190525
URS0000086DBC_9606_piR-36711:piRNA:Homo_sapiens	1.0	1.0	0.5	271.4440825190011	0.6700544620266735	1:hsa;URS0000086DBC_9606_piR-36711:piRNA:Homo_sapiens,30968168,30968195,-	135.72204125950054	0.33502723101333676
URS0000044942_9606_tRNA-Lys:tRNA:Homo_sapiens	1.0	1.0	0.07142857142857142	271.4440825190011	0.6700544620266735	MT:hsa;URS0000044942_9606_tRNA-Lys:tRNA:Homo_sapiens,8295,8354,+	19.388863037071506	0.04786103300190525
URS0000025E11_9606_piR-36712:piRNA:Homo_sapiens	1.0	1.0	0.5	271.4440825190011	0.6700544620266735	1:hsa;URS0000025E11_9606_piR-36712:piRNA:Homo_sapiens,30968166,30968195,-	135.72204125950054	0.33502723101333676
URS000007A90A_741158:tRNA:Homo_sapiens	1.0	1.0	0.07142857142857142	271.4440825190011	0.6700544620266735	MT:hsa;URS000007A90A_741158:tRNA:Homo_sapiens,8295,8354,+	19.388863037071506	0.04786103300190525
URS00000AE0C5_9606_piR-36245:piRNA:Homo_sapiens	1.0	1.0	0.16666666666666666	271.4440825190011	0.6700544620266735	17:hsa;URS00000AE0C5_9606_piR-36245:piRNA:Homo_sapiens,39154533,39154562,-	45.24068041983351	0.11167574367111226
URS000007A90A_9606_tRNA-Lys (AAA/G):tRNA:Homo_sapiens	1.0	1.0	0.07142857142857142	271.4440825190011	0.6700544620266735	1:hsa;URS000007A90A_9606_tRNA-Lys (AAA/G):tRNA:Homo_sapiens,633464,633523,+	19.388863037071506	0.04786103300190525
URS000007A90A_9606_tRNA-Lys (AAA/G):tRNA:Homo_sapiens	1.0	1.0	0.07142857142857142	271.4440825190011	0.6700544620266735	MT:hsa;URS000007A90A_9606_tRNA-Lys (AAA/G):tRNA:Homo_sapiens,8295,8354,+	19.388863037071506	0.04786103300190525
URS000002176F_63221_tRNA-Pro:tRNA:Homo_sapiens	1.0	1.0	0.1	271.4440825190011	0.6700544620266735	MT:hsa;URS000002176F_63221_tRNA-Pro:tRNA:Homo_sapiens,15964,16023,-	27.14440825190011	0.06700544620266735
URS000006DD90_9606_tRNA-Lys:tRNA:Homo_sapiens	1.0	1.0	0.07142857142857142	271.4440825190011	0.6700544620266735	1:hsa;URS000006DD90_9606_tRNA-Lys:tRNA:Homo_sapiens,633464,633523,+	19.388863037071506	0.04786103300190525
URS000007A90A_63221:tRNA:Homo_sapiens	1.0	1.0	0.07142857142857142	271.4440825190011	0.6700544620266735	MT:hsa;URS000007A90A_63221:tRNA:Homo_sapiens,8295,8354,+	19.388863037071506	0.04786103300190525
URS0000036192_9606_piR-34810:piRNA:Homo_sapiens	1.0	1.0	0.2	271.4440825190011	0.6700544620266735	5:hsa;URS0000036192_9606_piR-34810:piRNA:Homo_sapiens,71851022,71851050,+	54.28881650380022	0.1340108924053347
URS000000EE2E_9606_tRNA-Lys:tRNA:Homo_sapiens	1.0	1.0	0.07142857142857142	271.4440825190011	0.6700544620266735	1:hsa;URS000000EE2E_9606_tRNA-Lys:tRNA:Homo_sapiens,633464,633523,+	19.388863037071506	0.04786103300190525
URS00000AE0C5_9606_piR-36245:piRNA:Homo_sapiens	1.0	1.0	0.16666666666666666	271.4440825190011	0.6700544620266735	17:hsa;URS00000AE0C5_9606_piR-36245:piRNA:Homo_sapiens,39153776,39153805,-	45.24068041983351	0.11167574367111226
URS000000EE2E_9606_tRNA-Lys:tRNA:Homo_sapiens	1.0	1.0	0.07142857142857142	271.4440825190011	0.6700544620266735	MT:hsa;URS000000EE2E_9606_tRNA-Lys:tRNA:Homo_sapiens,8295,8354,+	19.388863037071506	0.04786103300190525
URS00000AE0C5_9606_piR-36245:piRNA:Homo_sapiens	1.0	1.0	0.16666666666666666	271.4440825190011	0.6700544620266735	19:hsa;URS00000AE0C5_9606_piR-36245:piRNA:Homo_sapiens,36047113,36047142,-	45.24068041983351	0.11167574367111226
