name	unique reads 32161349_EXO_S5 32161349_EXO_S5	32161349_EXO_S5	32161349_EXO_S5 (mult. map. adj.)	32161349_EXO_S532161349_EXO_S5(lib)	32161349_EXO_S532161349_EXO_S5(total)	coordinateString 32161349_EXO_S5 32161349_EXO_S5	32161349_EXO_S5 (lib)	32161349_EXO_S5 (total)
Homo_sapiens_chr1.trna127-CysGCA:tRNA	14.0	758.0	336.66666666666663	142107.23659542558	86.05126089504891	1:hsa;Homo_sapiens_chr1.trna127-CysGCA:tRNA,93516277,93516349,-	63117.11036120484	38.219777266490496
Homo_sapiens_chr1.trna126-CysGCA:tRNA	14.0	758.0	336.66666666666663	142107.23659542558	86.05126089504891	1:hsa;Homo_sapiens_chr1.trna126-CysGCA:tRNA,93516277,93516349,-	63117.11036120484	38.219777266490496
Homo_sapiens_chr2.trna9-LeuTAA:tRNA	4.0	538.0	538.0	100862.39220097488	61.075960899124425	2:hsa;Homo_sapiens_chr2.trna9-LeuTAA:tRNA,117023841,117023915,+	100862.39220097488	61.075960899124425
Homo_sapiens_chr12.trna5-AspGTC:tRNA	3.0	392.0	392.0	73490.81364829396	44.501443629101814	12:hsa;Homo_sapiens_chr12.trna5-AspGTC:tRNA,98503503,98503574,+	73490.81364829396	44.501443629101814
Homo_sapiens_chr11.trna17-ValTAC:tRNA	1.0	358.0	59.666666666666664	67116.61042369704	40.641624538822576	X:hsa;Homo_sapiens_chr11.trna17-ValTAC:tRNA,18674909,18674981,-	11186.10173728284	6.773604089803762
Homo_sapiens_chr5.trna8-AlaTGC:tRNA	7.0	358.0	35.800000000000004	67116.61042369704	40.641624538822576	12:hsa;Homo_sapiens_chr5.trna8-AlaTGC:tRNA,124921755,124921826,-	6711.661042369705	4.064162453882258
Homo_sapiens_chrX.trna4-ValTAC:tRNA	1.0	358.0	59.666666666666664	67116.61042369704	40.641624538822576	X:hsa;Homo_sapiens_chrX.trna4-ValTAC:tRNA,18674909,18674981,-	11186.10173728284	6.773604089803762
Homo_sapiens_chrX.trna4-ValTAC:tRNA	1.0	358.0	59.666666666666664	67116.61042369704	40.641624538822576	11:hsa;Homo_sapiens_chrX.trna4-ValTAC:tRNA,59550629,59550701,-	11186.10173728284	6.773604089803762
Homo_sapiens_chr10.trna6-ValTAC:tRNA	1.0	358.0	59.666666666666664	67116.61042369704	40.641624538822576	10:hsa;Homo_sapiens_chr10.trna6-ValTAC:tRNA,5853711,5853783,-	11186.10173728284	6.773604089803762
Homo_sapiens_chr5.trna8-AlaTGC:tRNA	7.0	358.0	35.800000000000004	67116.61042369704	40.641624538822576	5:hsa;Homo_sapiens_chr5.trna8-AlaTGC:tRNA,181206868,181206939,+	6711.661042369705	4.064162453882258
Homo_sapiens_chr11.trna17-ValTAC:tRNA	1.0	358.0	59.666666666666664	67116.61042369704	40.641624538822576	11:hsa;Homo_sapiens_chr11.trna17-ValTAC:tRNA,59550629,59550701,-	11186.10173728284	6.773604089803762
Homo_sapiens_chr2.trna13-AlaCGC:tRNA	7.0	358.0	35.800000000000004	67116.61042369704	40.641624538822576	2:hsa;Homo_sapiens_chr2.trna13-AlaCGC:tRNA,156400769,156400840,+	6711.661042369705	4.064162453882258
Homo_sapiens_chr12.trna13-AlaTGC:tRNA	7.0	358.0	35.800000000000004	67116.61042369704	40.641624538822576	12:hsa;Homo_sapiens_chr12.trna13-AlaTGC:tRNA,124921755,124921826,-	6711.661042369705	4.064162453882258
Homo_sapiens_chr6.trna66-AlaTGC:tRNA	7.0	358.0	35.800000000000004	67116.61042369704	40.641624538822576	6:hsa;Homo_sapiens_chr6.trna66-AlaTGC:tRNA,28643445,28643516,+	6711.661042369705	4.064162453882258
Homo_sapiens_chr6.trna119-AlaCGC:tRNA	7.0	358.0	35.800000000000004	67116.61042369704	40.641624538822576	6:hsa;Homo_sapiens_chr6.trna119-AlaCGC:tRNA,28673836,28673907,-	6711.661042369705	4.064162453882258
Homo_sapiens_chr12.trna8-AlaTGC:tRNA	7.0	358.0	35.800000000000004	67116.61042369704	40.641624538822576	12:hsa;Homo_sapiens_chr12.trna8-AlaTGC:tRNA,124939966,124940037,+	6711.661042369705	4.064162453882258
Homo_sapiens_chr6.trna10-AlaCGC:tRNA	7.0	358.0	35.800000000000004	67116.61042369704	40.641624538822576	6:hsa;Homo_sapiens_chr6.trna10-AlaCGC:tRNA,26553503,26553574,+	6711.661042369705	4.064162453882258
Homo_sapiens_chr11.trna16-ValTAC:tRNA	1.0	358.0	59.666666666666664	67116.61042369704	40.641624538822576	11:hsa;Homo_sapiens_chr11.trna16-ValTAC:tRNA,59550987,59551059,-	11186.10173728284	6.773604089803762
Homo_sapiens_chr6.trna120-AlaAGC:tRNA	7.0	358.0	35.800000000000004	67116.61042369704	40.641624538822576	6:hsa;Homo_sapiens_chr6.trna120-AlaAGC:tRNA,28658237,28658308,-	6711.661042369705	4.064162453882258
Homo_sapiens_chr12.trna13-AlaTGC:tRNA	7.0	358.0	35.800000000000004	67116.61042369704	40.641624538822576	5:hsa;Homo_sapiens_chr12.trna13-AlaTGC:tRNA,181206868,181206939,+	6711.661042369705	4.064162453882258
Homo_sapiens_chr5.trna3-LeuAAG:tRNA	6.0	329.0	32.9	61679.790026246716	37.34942590299617	5:hsa;Homo_sapiens_chr5.trna3-LeuAAG:tRNA,181174044,181174125,-	6167.979002624671	3.734942590299616
Homo_sapiens_chr5.trna16-LeuAAG:tRNA	6.0	329.0	32.9	61679.790026246716	37.34942590299617	5:hsa;Homo_sapiens_chr5.trna16-LeuAAG:tRNA,181097474,181097555,-	6167.979002624671	3.734942590299616
Homo_sapiens_chr17.trna42-LeuTAG:tRNA	6.0	329.0	32.9	61679.790026246716	37.34942590299617	17:hsa;Homo_sapiens_chr17.trna42-LeuTAG:tRNA,8120314,8120395,-	6167.979002624671	3.734942590299616
Homo_sapiens_chr5.trna19-LeuAAG:tRNA	6.0	329.0	32.9	61679.790026246716	37.34942590299617	5:hsa;Homo_sapiens_chr5.trna19-LeuAAG:tRNA,181174044,181174125,-	6167.979002624671	3.734942590299616
Homo_sapiens_chr5.trna16-LeuAAG:tRNA	6.0	329.0	32.9	61679.790026246716	37.34942590299617	5:hsa;Homo_sapiens_chr5.trna16-LeuAAG:tRNA,181174044,181174125,-	6167.979002624671	3.734942590299616
Homo_sapiens_chr5.trna3-LeuAAG:tRNA	6.0	329.0	32.9	61679.790026246716	37.34942590299617	5:hsa;Homo_sapiens_chr5.trna3-LeuAAG:tRNA,181101840,181101921,+	6167.979002624671	3.734942590299616
Homo_sapiens_chr5.trna16-LeuAAG:tRNA	6.0	329.0	32.9	61679.790026246716	37.34942590299617	5:hsa;Homo_sapiens_chr5.trna16-LeuAAG:tRNA,181101840,181101921,+	6167.979002624671	3.734942590299616
Homo_sapiens_chr5.trna19-LeuAAG:tRNA	6.0	329.0	32.9	61679.790026246716	37.34942590299617	5:hsa;Homo_sapiens_chr5.trna19-LeuAAG:tRNA,181101840,181101921,+	6167.979002624671	3.734942590299616
Homo_sapiens_chr5.trna3-LeuAAG:tRNA	6.0	329.0	32.9	61679.790026246716	37.34942590299617	5:hsa;Homo_sapiens_chr5.trna3-LeuAAG:tRNA,181097474,181097555,-	6167.979002624671	3.734942590299616
Homo_sapiens_chr5.trna19-LeuAAG:tRNA	6.0	329.0	32.9	61679.790026246716	37.34942590299617	5:hsa;Homo_sapiens_chr5.trna19-LeuAAG:tRNA,181097474,181097555,-	6167.979002624671	3.734942590299616
Homo_sapiens_chr13.trna7-AsnGTT:tRNA	5.0	307.0	5.792452830188679	57555.305586801645	34.851895903403715	1:hsa;Homo_sapiens_chr13.trna7-AsnGTT:tRNA,144567515,144567588,-	1085.9491620151252	0.6575829415736549
Homo_sapiens_chr10.trna4-AsnGTT:tRNA	5.0	307.0	5.792452830188679	57555.305586801645	34.851895903403715	1:hsa;Homo_sapiens_chr10.trna4-AsnGTT:tRNA,161428077,161428150,-	1085.9491620151252	0.6575829415736549
Homo_sapiens_chr1.trna83-AsnGTT:tRNA	5.0	307.0	5.792452830188679	57555.305586801645	34.851895903403715	1:hsa;Homo_sapiens_chr1.trna83-AsnGTT:tRNA,144567515,144567588,-	1085.9491620151252	0.6575829415736549
Homo_sapiens_chr1.trna26-AsnGTT:tRNA	5.0	307.0	5.792452830188679	57555.305586801645	34.851895903403715	10:hsa;Homo_sapiens_chr1.trna26-AsnGTT:tRNA,22229509,22229582,-	1085.9491620151252	0.6575829415736549
Homo_sapiens_chr19.trna1-AsnGTT:tRNA	5.0	307.0	5.792452830188679	57555.305586801645	34.851895903403715	13:hsa;Homo_sapiens_chr19.trna1-AsnGTT:tRNA,30673964,30674037,-	1085.9491620151252	0.6575829415736549
Homo_sapiens_chr1.trna83-AsnGTT:tRNA	5.0	307.0	5.792452830188679	57555.305586801645	34.851895903403715	1:hsa;Homo_sapiens_chr1.trna83-AsnGTT:tRNA,161428077,161428150,-	1085.9491620151252	0.6575829415736549
Homo_sapiens_chr1.trna103-AsnGTT:tRNA	5.0	307.0	5.792452830188679	57555.305586801645	34.851895903403715	1:hsa;Homo_sapiens_chr1.trna103-AsnGTT:tRNA,143735920,143735993,-	1085.9491620151252	0.6575829415736549
Homo_sapiens_chr1.trna83-AsnGTT:tRNA	5.0	307.0	5.792452830188679	57555.305586801645	34.851895903403715	13:hsa;Homo_sapiens_chr1.trna83-AsnGTT:tRNA,30673964,30674037,-	1085.9491620151252	0.6575829415736549
Homo_sapiens_chr1.trna26-AsnGTT:tRNA	5.0	307.0	5.792452830188679	57555.305586801645	34.851895903403715	13:hsa;Homo_sapiens_chr1.trna26-AsnGTT:tRNA,30673964,30674037,-	1085.9491620151252	0.6575829415736549
Homo_sapiens_chr1.trna83-AsnGTT:tRNA	5.0	307.0	5.792452830188679	57555.305586801645	34.851895903403715	10:hsa;Homo_sapiens_chr1.trna83-AsnGTT:tRNA,22229509,22229582,-	1085.9491620151252	0.6575829415736549
Homo_sapiens_chr19.trna1-AsnGTT:tRNA	5.0	307.0	5.792452830188679	57555.305586801645	34.851895903403715	10:hsa;Homo_sapiens_chr19.trna1-AsnGTT:tRNA,22229509,22229582,-	1085.9491620151252	0.6575829415736549
Homo_sapiens_chr1.trna26-AsnGTT:tRNA	5.0	307.0	5.792452830188679	57555.305586801645	34.851895903403715	17:hsa;Homo_sapiens_chr1.trna26-AsnGTT:tRNA,38751781,38751854,-	1085.9491620151252	0.6575829415736549
Homo_sapiens_chr10.trna4-AsnGTT:tRNA	5.0	307.0	5.792452830188679	57555.305586801645	34.851895903403715	1:hsa;Homo_sapiens_chr10.trna4-AsnGTT:tRNA,145287766,145287839,+	1085.9491620151252	0.6575829415736549
Homo_sapiens_chr10.trna4-AsnGTT:tRNA	5.0	307.0	5.792452830188679	57555.305586801645	34.851895903403715	10:hsa;Homo_sapiens_chr10.trna4-AsnGTT:tRNA,22229509,22229582,-	1085.9491620151252	0.6575829415736549
Homo_sapiens_chr17.trna31-AsnGTT:tRNA	5.0	307.0	5.792452830188679	57555.305586801645	34.851895903403715	1:hsa;Homo_sapiens_chr17.trna31-AsnGTT:tRNA,161428077,161428150,-	1085.9491620151252	0.6575829415736549
Homo_sapiens_chr17.trna31-AsnGTT:tRNA	5.0	307.0	5.792452830188679	57555.305586801645	34.851895903403715	19:hsa;Homo_sapiens_chr17.trna31-AsnGTT:tRNA,1383563,1383636,+	1085.9491620151252	0.6575829415736549
Homo_sapiens_chr19.trna1-AsnGTT:tRNA	5.0	307.0	5.792452830188679	57555.305586801645	34.851895903403715	1:hsa;Homo_sapiens_chr19.trna1-AsnGTT:tRNA,145287766,145287839,+	1085.9491620151252	0.6575829415736549
Homo_sapiens_chr13.trna7-AsnGTT:tRNA	5.0	307.0	5.792452830188679	57555.305586801645	34.851895903403715	1:hsa;Homo_sapiens_chr13.trna7-AsnGTT:tRNA,148529257,148529330,+	1085.9491620151252	0.6575829415736549
Homo_sapiens_chr10.trna4-AsnGTT:tRNA	5.0	307.0	5.792452830188679	57555.305586801645	34.851895903403715	13:hsa;Homo_sapiens_chr10.trna4-AsnGTT:tRNA,30673964,30674037,-	1085.9491620151252	0.6575829415736549
Homo_sapiens_chr1.trna26-AsnGTT:tRNA	5.0	307.0	5.792452830188679	57555.305586801645	34.851895903403715	1:hsa;Homo_sapiens_chr1.trna26-AsnGTT:tRNA,145287766,145287839,+	1085.9491620151252	0.6575829415736549
Homo_sapiens_chr19.trna1-AsnGTT:tRNA	5.0	307.0	5.792452830188679	57555.305586801645	34.851895903403715	1:hsa;Homo_sapiens_chr19.trna1-AsnGTT:tRNA,144567515,144567588,-	1085.9491620151252	0.6575829415736549
Homo_sapiens_chr17.trna31-AsnGTT:tRNA	5.0	307.0	5.792452830188679	57555.305586801645	34.851895903403715	1:hsa;Homo_sapiens_chr17.trna31-AsnGTT:tRNA,148529257,148529330,+	1085.9491620151252	0.6575829415736549
Homo_sapiens_chr1.trna47-AsnGTT:tRNA	5.0	307.0	5.792452830188679	57555.305586801645	34.851895903403715	1:hsa;Homo_sapiens_chr1.trna47-AsnGTT:tRNA,161540241,161540314,+	1085.9491620151252	0.6575829415736549
Homo_sapiens_chr17.trna31-AsnGTT:tRNA	5.0	307.0	5.792452830188679	57555.305586801645	34.851895903403715	1:hsa;Homo_sapiens_chr17.trna31-AsnGTT:tRNA,145287766,145287839,+	1085.9491620151252	0.6575829415736549
Homo_sapiens_chr1.trna83-AsnGTT:tRNA	5.0	307.0	5.792452830188679	57555.305586801645	34.851895903403715	17:hsa;Homo_sapiens_chr1.trna83-AsnGTT:tRNA,38751781,38751854,-	1085.9491620151252	0.6575829415736549
Homo_sapiens_chr1.trna83-AsnGTT:tRNA	5.0	307.0	5.792452830188679	57555.305586801645	34.851895903403715	19:hsa;Homo_sapiens_chr1.trna83-AsnGTT:tRNA,1383563,1383636,+	1085.9491620151252	0.6575829415736549
Homo_sapiens_chr13.trna7-AsnGTT:tRNA	5.0	307.0	5.792452830188679	57555.305586801645	34.851895903403715	19:hsa;Homo_sapiens_chr13.trna7-AsnGTT:tRNA,1383563,1383636,+	1085.9491620151252	0.6575829415736549
Homo_sapiens_chr13.trna7-AsnGTT:tRNA	5.0	307.0	5.792452830188679	57555.305586801645	34.851895903403715	1:hsa;Homo_sapiens_chr13.trna7-AsnGTT:tRNA,145287766,145287839,+	1085.9491620151252	0.6575829415736549
Homo_sapiens_chr10.trna4-AsnGTT:tRNA	5.0	307.0	5.792452830188679	57555.305586801645	34.851895903403715	1:hsa;Homo_sapiens_chr10.trna4-AsnGTT:tRNA,148529257,148529330,+	1085.9491620151252	0.6575829415736549
Homo_sapiens_chr10.trna4-AsnGTT:tRNA	5.0	307.0	5.792452830188679	57555.305586801645	34.851895903403715	1:hsa;Homo_sapiens_chr10.trna4-AsnGTT:tRNA,144567515,144567588,-	1085.9491620151252	0.6575829415736549
Homo_sapiens_chr1.trna107-AsnGTT:tRNA	5.0	307.0	5.792452830188679	57555.305586801645	34.851895903403715	1:hsa;Homo_sapiens_chr1.trna107-AsnGTT:tRNA,144419267,144419340,+	1085.9491620151252	0.6575829415736549
Homo_sapiens_chr17.trna31-AsnGTT:tRNA	5.0	307.0	5.792452830188679	57555.305586801645	34.851895903403715	13:hsa;Homo_sapiens_chr17.trna31-AsnGTT:tRNA,30673964,30674037,-	1085.9491620151252	0.6575829415736549
Homo_sapiens_chr1.trna26-AsnGTT:tRNA	5.0	307.0	5.792452830188679	57555.305586801645	34.851895903403715	1:hsa;Homo_sapiens_chr1.trna26-AsnGTT:tRNA,148529257,148529330,+	1085.9491620151252	0.6575829415736549
Homo_sapiens_chr13.trna7-AsnGTT:tRNA	5.0	307.0	5.792452830188679	57555.305586801645	34.851895903403715	10:hsa;Homo_sapiens_chr13.trna7-AsnGTT:tRNA,22229509,22229582,-	1085.9491620151252	0.6575829415736549
Homo_sapiens_chr1.trna83-AsnGTT:tRNA	5.0	307.0	5.792452830188679	57555.305586801645	34.851895903403715	1:hsa;Homo_sapiens_chr1.trna83-AsnGTT:tRNA,148529257,148529330,+	1085.9491620151252	0.6575829415736549
Homo_sapiens_chr17.trna31-AsnGTT:tRNA	5.0	307.0	5.792452830188679	57555.305586801645	34.851895903403715	1:hsa;Homo_sapiens_chr17.trna31-AsnGTT:tRNA,144567515,144567588,-	1085.9491620151252	0.6575829415736549
Homo_sapiens_chr19.trna1-AsnGTT:tRNA	5.0	307.0	5.792452830188679	57555.305586801645	34.851895903403715	17:hsa;Homo_sapiens_chr19.trna1-AsnGTT:tRNA,38751781,38751854,-	1085.9491620151252	0.6575829415736549
Homo_sapiens_chr19.trna1-AsnGTT:tRNA	5.0	307.0	5.792452830188679	57555.305586801645	34.851895903403715	19:hsa;Homo_sapiens_chr19.trna1-AsnGTT:tRNA,1383563,1383636,+	1085.9491620151252	0.6575829415736549
Homo_sapiens_chr13.trna7-AsnGTT:tRNA	5.0	307.0	5.792452830188679	57555.305586801645	34.851895903403715	1:hsa;Homo_sapiens_chr13.trna7-AsnGTT:tRNA,161428077,161428150,-	1085.9491620151252	0.6575829415736549
Homo_sapiens_chr10.trna4-AsnGTT:tRNA	5.0	307.0	5.792452830188679	57555.305586801645	34.851895903403715	19:hsa;Homo_sapiens_chr10.trna4-AsnGTT:tRNA,1383563,1383636,+	1085.9491620151252	0.6575829415736549
Homo_sapiens_chr1.trna26-AsnGTT:tRNA	5.0	307.0	5.792452830188679	57555.305586801645	34.851895903403715	19:hsa;Homo_sapiens_chr1.trna26-AsnGTT:tRNA,1383563,1383636,+	1085.9491620151252	0.6575829415736549
Homo_sapiens_chr10.trna4-AsnGTT:tRNA	5.0	307.0	5.792452830188679	57555.305586801645	34.851895903403715	17:hsa;Homo_sapiens_chr10.trna4-AsnGTT:tRNA,38751781,38751854,-	1085.9491620151252	0.6575829415736549
Homo_sapiens_chr1.trna26-AsnGTT:tRNA	5.0	307.0	5.792452830188679	57555.305586801645	34.851895903403715	1:hsa;Homo_sapiens_chr1.trna26-AsnGTT:tRNA,161428077,161428150,-	1085.9491620151252	0.6575829415736549
Homo_sapiens_chr1.trna108-AsnGTT:tRNA	5.0	307.0	5.792452830188679	57555.305586801645	34.851895903403715	1:hsa;Homo_sapiens_chr1.trna108-AsnGTT:tRNA,144419267,144419340,+	1085.9491620151252	0.6575829415736549
Homo_sapiens_chr1.trna26-AsnGTT:tRNA	5.0	307.0	5.792452830188679	57555.305586801645	34.851895903403715	1:hsa;Homo_sapiens_chr1.trna26-AsnGTT:tRNA,144567515,144567588,-	1085.9491620151252	0.6575829415736549
Homo_sapiens_chr19.trna1-AsnGTT:tRNA	5.0	307.0	5.792452830188679	57555.305586801645	34.851895903403715	1:hsa;Homo_sapiens_chr19.trna1-AsnGTT:tRNA,161428077,161428150,-	1085.9491620151252	0.6575829415736549
Homo_sapiens_chr1.trna25-AsnGTT:tRNA	5.0	307.0	5.792452830188679	57555.305586801645	34.851895903403715	1:hsa;Homo_sapiens_chr1.trna25-AsnGTT:tRNA,120844262,120844335,-	1085.9491620151252	0.6575829415736549
Homo_sapiens_chr13.trna7-AsnGTT:tRNA	5.0	307.0	5.792452830188679	57555.305586801645	34.851895903403715	13:hsa;Homo_sapiens_chr13.trna7-AsnGTT:tRNA,30673964,30674037,-	1085.9491620151252	0.6575829415736549
Homo_sapiens_chr19.trna1-AsnGTT:tRNA	5.0	307.0	5.792452830188679	57555.305586801645	34.851895903403715	1:hsa;Homo_sapiens_chr19.trna1-AsnGTT:tRNA,148529257,148529330,+	1085.9491620151252	0.6575829415736549
Homo_sapiens_chr17.trna31-AsnGTT:tRNA	5.0	307.0	5.792452830188679	57555.305586801645	34.851895903403715	10:hsa;Homo_sapiens_chr17.trna31-AsnGTT:tRNA,22229509,22229582,-	1085.9491620151252	0.6575829415736549
Homo_sapiens_chr1.trna83-AsnGTT:tRNA	5.0	307.0	5.792452830188679	57555.305586801645	34.851895903403715	1:hsa;Homo_sapiens_chr1.trna83-AsnGTT:tRNA,145287766,145287839,+	1085.9491620151252	0.6575829415736549
Homo_sapiens_chr17.trna31-AsnGTT:tRNA	5.0	307.0	5.792452830188679	57555.305586801645	34.851895903403715	17:hsa;Homo_sapiens_chr17.trna31-AsnGTT:tRNA,38751781,38751854,-	1085.9491620151252	0.6575829415736549
Homo_sapiens_chr13.trna7-AsnGTT:tRNA	5.0	307.0	5.792452830188679	57555.305586801645	34.851895903403715	17:hsa;Homo_sapiens_chr13.trna7-AsnGTT:tRNA,38751781,38751854,-	1085.9491620151252	0.6575829415736549
Homo_sapiens_chr14.trna17-TyrGTA:tRNA	4.0	305.0	305.0	57180.35245594301	34.62484772162259	14:hsa;Homo_sapiens_chr14.trna17-TyrGTA:tRNA,20659958,20660051,-	57180.35245594301	34.62484772162259
Homo_sapiens_chr6.trna88-PheGAA:tRNA	3.0	231.0	231.0	43307.086614173226	26.22406499572071	6:hsa;Homo_sapiens_chr6.trna88-PheGAA:tRNA,78958293,78958365,-	43307.086614173226	26.22406499572071
Homo_sapiens_chr15.trna3-CysGCA:tRNA	4.0	198.0	56.66666666666667	37120.359955005624	22.47776999633204	15:hsa;Homo_sapiens_chr15.trna3-CysGCA:tRNA,79744655,79744727,+	10623.672040994876	6.433031817132065
Homo_sapiens_chr6.trna52-ArgTCT:tRNA	4.0	196.0	196.0	36745.40682414698	22.250721814550907	6:hsa;Homo_sapiens_chr6.trna52-ArgTCT:tRNA,27562184,27562270,+	36745.40682414698	22.250721814550907
Homo_sapiens_chr17.trna4-ArgTCT:tRNA	4.0	178.0	178.0	33370.8286464192	20.20728817852072	17:hsa;Homo_sapiens_chr17.trna4-ArgTCT:tRNA,8120925,8121012,+	33370.8286464192	20.20728817852072
Homo_sapiens_chr6.trna83-LeuTAA:tRNA	7.0	174.0	174.0	32620.92238470191	19.75319181495846	6:hsa;Homo_sapiens_chr6.trna83-LeuTAA:tRNA,144216547,144216629,+	32620.92238470191	19.75319181495846
Homo_sapiens_chr6.trna148-SerTGA:tRNA	7.0	157.0	52.54761904761905	29433.820772403447	17.823282269818836	6:hsa;Homo_sapiens_chr6.trna148-SerTGA:tRNA,27505828,27505909,-	9851.447140536005	5.965420680844734
Homo_sapiens_chr14.trna13-LysCTT:tRNA	6.0	147.0	23.281250000000004	27559.055118110235	16.68804136091318	14:hsa;Homo_sapiens_chr14.trna13-LysCTT:tRNA,58239895,58239967,-	4364.688788901388	2.6429827410459867
Homo_sapiens_chr15.trna2-LysCTT:tRNA	6.0	147.0	23.281250000000004	27559.055118110235	16.68804136091318	14:hsa;Homo_sapiens_chr15.trna2-LysCTT:tRNA,58239895,58239967,-	4364.688788901388	2.6429827410459867
Homo_sapiens_chr15.trna2-LysCTT:tRNA	6.0	147.0	23.281250000000004	27559.055118110235	16.68804136091318	15:hsa;Homo_sapiens_chr15.trna2-LysCTT:tRNA,78860562,78860634,+	4364.688788901388	2.6429827410459867
Homo_sapiens_chr14.trna13-LysCTT:tRNA	6.0	147.0	23.281250000000004	27559.055118110235	16.68804136091318	15:hsa;Homo_sapiens_chr14.trna13-LysCTT:tRNA,78860562,78860634,+	4364.688788901388	2.6429827410459867
Homo_sapiens_chr16.trna10-LysCTT:tRNA	6.0	147.0	23.281250000000004	27559.055118110235	16.68804136091318	16:hsa;Homo_sapiens_chr16.trna10-LysCTT:tRNA,3191501,3191573,+	4364.688788901388	2.6429827410459867
Homo_sapiens_chr6.trna165-IleAAT:tRNA	3.0	146.0	36.5	27371.578552680912	16.574517270022614	6:hsa;Homo_sapiens_chr6.trna165-IleAAT:tRNA,26720992,26721065,-	6842.894638170228	4.1436293175056536
Homo_sapiens_chr6.trna28-IleAAT:tRNA	3.0	146.0	36.5	27371.578552680912	16.574517270022614	6:hsa;Homo_sapiens_chr6.trna28-IleAAT:tRNA,26720992,26721065,-	6842.894638170228	4.1436293175056536
Homo_sapiens_chr6.trna165-IleAAT:tRNA	3.0	146.0	36.5	27371.578552680912	16.574517270022614	6:hsa;Homo_sapiens_chr6.trna165-IleAAT:tRNA,26780622,26780695,+	6842.894638170228	4.1436293175056536
Homo_sapiens_chr6.trna28-IleAAT:tRNA	3.0	146.0	36.5	27371.578552680912	16.574517270022614	6:hsa;Homo_sapiens_chr6.trna28-IleAAT:tRNA,26780622,26780695,+	6842.894638170228	4.1436293175056536
Homo_sapiens_chr18.trna4-LysCTT:tRNA	5.0	138.0	23.000000000000004	25871.766029246344	15.666324542898087	18:hsa;Homo_sapiens_chr18.trna4-LysCTT:tRNA,46089305,46089377,-	4311.961004874392	2.611054090483015
Homo_sapiens_chr1.trna130-GlyCCC:tRNA	3.0	130.0	31.4	24371.953505811773	14.75813181577356	1:hsa;Homo_sapiens_chr1.trna130-GlyCCC:tRNA,16678271,16678341,-	5886.764154480689	3.5646564539637673
Homo_sapiens_chr1.trna131-GlyCCC:tRNA	3.0	130.0	31.4	24371.953505811773	14.75813181577356	1:hsa;Homo_sapiens_chr1.trna131-GlyCCC:tRNA,16678271,16678341,-	5886.764154480689	3.5646564539637673
Homo_sapiens_chr6.trna39-IleAAT:tRNA	1.0	129.0	129.0	24184.47694038245	14.644607724882995	6:hsa;Homo_sapiens_chr6.trna39-IleAAT:tRNA,27284085,27284158,+	24184.47694038245	14.644607724882995
Homo_sapiens_chr16.trna7-LysCTT:tRNA	7.0	122.0	4.316964285714286	22872.1409823772	13.849939088649034	5:hsa;Homo_sapiens_chr16.trna7-LysCTT:tRNA,181207755,181207827,+	809.3296373667577	0.4900794459427552
Homo_sapiens_chr6.trna13-LysCTT:tRNA	7.0	122.0	4.316964285714286	22872.1409823772	13.849939088649034	16:hsa;Homo_sapiens_chr6.trna13-LysCTT:tRNA,3175691,3175763,+	809.3296373667577	0.4900794459427552
Homo_sapiens_chr1.trna119-LysCTT:tRNA	7.0	122.0	4.316964285714286	22872.1409823772	13.849939088649034	5:hsa;Homo_sapiens_chr1.trna119-LysCTT:tRNA,181221979,181222051,-	809.3296373667577	0.4900794459427552
Homo_sapiens_chr5.trna11-LysCTT:tRNA	7.0	122.0	4.316964285714286	22872.1409823772	13.849939088649034	5:hsa;Homo_sapiens_chr5.trna11-LysCTT:tRNA,181207755,181207827,+	809.3296373667577	0.4900794459427552
Homo_sapiens_chr5.trna11-LysCTT:tRNA	7.0	122.0	4.316964285714286	22872.1409823772	13.849939088649034	1:hsa;Homo_sapiens_chr5.trna11-LysCTT:tRNA,146039401,146039473,+	809.3296373667577	0.4900794459427552
Homo_sapiens_chr16.trna7-LysCTT:tRNA	7.0	122.0	4.316964285714286	22872.1409823772	13.849939088649034	6:hsa;Homo_sapiens_chr16.trna7-LysCTT:tRNA,26556546,26556618,+	809.3296373667577	0.4900794459427552
Homo_sapiens_chr16.trna7-LysCTT:tRNA	7.0	122.0	4.316964285714286	22872.1409823772	13.849939088649034	16:hsa;Homo_sapiens_chr16.trna7-LysCTT:tRNA,3175691,3175763,+	809.3296373667577	0.4900794459427552
Homo_sapiens_chr6.trna13-LysCTT:tRNA	7.0	122.0	4.316964285714286	22872.1409823772	13.849939088649034	5:hsa;Homo_sapiens_chr6.trna13-LysCTT:tRNA,181221979,181222051,-	809.3296373667577	0.4900794459427552
Homo_sapiens_chr1.trna119-LysCTT:tRNA	7.0	122.0	4.316964285714286	22872.1409823772	13.849939088649034	16:hsa;Homo_sapiens_chr1.trna119-LysCTT:tRNA,3175691,3175763,+	809.3296373667577	0.4900794459427552
Homo_sapiens_chr1.trna119-LysCTT:tRNA	7.0	122.0	4.316964285714286	22872.1409823772	13.849939088649034	5:hsa;Homo_sapiens_chr1.trna119-LysCTT:tRNA,181207755,181207827,+	809.3296373667577	0.4900794459427552
Homo_sapiens_chr6.trna13-LysCTT:tRNA	7.0	122.0	4.316964285714286	22872.1409823772	13.849939088649034	5:hsa;Homo_sapiens_chr6.trna13-LysCTT:tRNA,181207755,181207827,+	809.3296373667577	0.4900794459427552
Homo_sapiens_chr16.trna7-LysCTT:tRNA	7.0	122.0	4.316964285714286	22872.1409823772	13.849939088649034	1:hsa;Homo_sapiens_chr16.trna7-LysCTT:tRNA,146039401,146039473,+	809.3296373667577	0.4900794459427552
Homo_sapiens_chr5.trna11-LysCTT:tRNA	7.0	122.0	4.316964285714286	22872.1409823772	13.849939088649034	6:hsa;Homo_sapiens_chr5.trna11-LysCTT:tRNA,26556546,26556618,+	809.3296373667577	0.4900794459427552
Homo_sapiens_chr5.trna11-LysCTT:tRNA	7.0	122.0	4.316964285714286	22872.1409823772	13.849939088649034	5:hsa;Homo_sapiens_chr5.trna11-LysCTT:tRNA,181221979,181222051,-	809.3296373667577	0.4900794459427552
Homo_sapiens_chr6.trna13-LysCTT:tRNA	7.0	122.0	4.316964285714286	22872.1409823772	13.849939088649034	1:hsa;Homo_sapiens_chr6.trna13-LysCTT:tRNA,146039401,146039473,+	809.3296373667577	0.4900794459427552
Homo_sapiens_chr5.trna9-LysCTT:tRNA	7.0	122.0	4.316964285714286	22872.1409823772	13.849939088649034	1:hsa;Homo_sapiens_chr5.trna9-LysCTT:tRNA,146039401,146039473,+	809.3296373667577	0.4900794459427552
Homo_sapiens_chr16.trna7-LysCTT:tRNA	7.0	122.0	4.316964285714286	22872.1409823772	13.849939088649034	5:hsa;Homo_sapiens_chr16.trna7-LysCTT:tRNA,181221979,181222051,-	809.3296373667577	0.4900794459427552
Homo_sapiens_chr5.trna9-LysCTT:tRNA	7.0	122.0	4.316964285714286	22872.1409823772	13.849939088649034	5:hsa;Homo_sapiens_chr5.trna9-LysCTT:tRNA,181221979,181222051,-	809.3296373667577	0.4900794459427552
Homo_sapiens_chr19.trna6-LysCTT:tRNA	7.0	122.0	4.316964285714286	22872.1409823772	13.849939088649034	19:hsa;Homo_sapiens_chr19.trna6-LysCTT:tRNA,51922143,51922215,-	809.3296373667577	0.4900794459427552
Homo_sapiens_chr5.trna9-LysCTT:tRNA	7.0	122.0	4.316964285714286	22872.1409823772	13.849939088649034	5:hsa;Homo_sapiens_chr5.trna9-LysCTT:tRNA,181207755,181207827,+	809.3296373667577	0.4900794459427552
Homo_sapiens_chr5.trna9-LysCTT:tRNA	7.0	122.0	4.316964285714286	22872.1409823772	13.849939088649034	16:hsa;Homo_sapiens_chr5.trna9-LysCTT:tRNA,3175691,3175763,+	809.3296373667577	0.4900794459427552
Homo_sapiens_chr6.trna13-LysCTT:tRNA	7.0	122.0	4.316964285714286	22872.1409823772	13.849939088649034	6:hsa;Homo_sapiens_chr6.trna13-LysCTT:tRNA,26556546,26556618,+	809.3296373667577	0.4900794459427552
Homo_sapiens_chr1.trna119-LysCTT:tRNA	7.0	122.0	4.316964285714286	22872.1409823772	13.849939088649034	6:hsa;Homo_sapiens_chr1.trna119-LysCTT:tRNA,26556546,26556618,+	809.3296373667577	0.4900794459427552
Homo_sapiens_chr1.trna119-LysCTT:tRNA	7.0	122.0	4.316964285714286	22872.1409823772	13.849939088649034	1:hsa;Homo_sapiens_chr1.trna119-LysCTT:tRNA,146039401,146039473,+	809.3296373667577	0.4900794459427552
Homo_sapiens_chr5.trna11-LysCTT:tRNA	7.0	122.0	4.316964285714286	22872.1409823772	13.849939088649034	16:hsa;Homo_sapiens_chr5.trna11-LysCTT:tRNA,3175691,3175763,+	809.3296373667577	0.4900794459427552
Homo_sapiens_chr5.trna9-LysCTT:tRNA	7.0	122.0	4.316964285714286	22872.1409823772	13.849939088649034	6:hsa;Homo_sapiens_chr5.trna9-LysCTT:tRNA,26556546,26556618,+	809.3296373667577	0.4900794459427552
Homo_sapiens_chr1.trna128-LysCTT:tRNA	6.0	113.0	4.035714285714286	21184.85189351331	12.82822227063394	1:hsa;Homo_sapiens_chr1.trna128-LysCTT:tRNA,54957869,54957941,-	756.6018533397611	0.4581507953797836
Homo_sapiens_chr1.trna127-LysCTT:tRNA	6.0	113.0	4.035714285714286	21184.85189351331	12.82822227063394	1:hsa;Homo_sapiens_chr1.trna127-LysCTT:tRNA,54957869,54957941,-	756.6018533397611	0.4581507953797836
Homo_sapiens_chr1.trna88-ArgCCT:tRNA	1.0	112.0	22.4	20997.37532808399	12.714698179743374	1:hsa;Homo_sapiens_chr1.trna88-ArgCCT:tRNA,149756721,149756791,-	4199.475065616797	2.5429396359486747
Homo_sapiens_chr1.trna88-ArgCCT:tRNA	1.0	112.0	22.4	20997.37532808399	12.714698179743374	1:hsa;Homo_sapiens_chr1.trna88-ArgCCT:tRNA,121061371,121061441,-	4199.475065616797	2.5429396359486747
Homo_sapiens_chr1.trna96-ArgCCT:tRNA	1.0	112.0	22.4	20997.37532808399	12.714698179743374	1:hsa;Homo_sapiens_chr1.trna96-ArgCCT:tRNA,143848514,143848584,-	4199.475065616797	2.5429396359486747
Homo_sapiens_chr8.trna11-SerAGA:tRNA	5.0	107.0	2.5476190476190474	20059.992500937384	12.147077725290545	6:hsa;Homo_sapiens_chr8.trna11-SerAGA:tRNA,26327589,26327670,+	477.61886906993766	0.28921613631644155
Homo_sapiens_chr6.trna47-SerAGA:tRNA	5.0	107.0	2.5476190476190474	20059.992500937384	12.147077725290545	6:hsa;Homo_sapiens_chr6.trna47-SerAGA:tRNA,27478812,27478893,+	477.61886906993766	0.28921613631644155
Homo_sapiens_chr17.trna35-SerAGA:tRNA	5.0	107.0	2.5476190476190474	20059.992500937384	12.147077725290545	6:hsa;Homo_sapiens_chr17.trna35-SerAGA:tRNA,27478812,27478893,+	477.61886906993766	0.28921613631644155
Homo_sapiens_chr6.trna46-SerAGA:tRNA	5.0	107.0	2.5476190476190474	20059.992500937384	12.147077725290545	17:hsa;Homo_sapiens_chr6.trna46-SerAGA:tRNA,8226610,8226691,-	477.61886906993766	0.28921613631644155
Homo_sapiens_chr6.trna5-SerAGA:tRNA	5.0	107.0	2.5476190476190474	20059.992500937384	12.147077725290545	8:hsa;Homo_sapiens_chr6.trna5-SerAGA:tRNA,95269657,95269738,-	477.61886906993766	0.28921613631644155
Homo_sapiens_chr6.trna5-SerAGA:tRNA	5.0	107.0	2.5476190476190474	20059.992500937384	12.147077725290545	6:hsa;Homo_sapiens_chr6.trna5-SerAGA:tRNA,27503039,27503120,+	477.61886906993766	0.28921613631644155
Homo_sapiens_chr6.trna50-SerAGA:tRNA	5.0	107.0	2.5476190476190474	20059.992500937384	12.147077725290545	6:hsa;Homo_sapiens_chr6.trna50-SerAGA:tRNA,27532208,27532289,+	477.61886906993766	0.28921613631644155
Homo_sapiens_chr6.trna44-SerAGA:tRNA	5.0	107.0	2.5476190476190474	20059.992500937384	12.147077725290545	8:hsa;Homo_sapiens_chr6.trna44-SerAGA:tRNA,95269657,95269738,-	477.61886906993766	0.28921613631644155
Homo_sapiens_chr8.trna11-SerAGA:tRNA	5.0	107.0	2.5476190476190474	20059.992500937384	12.147077725290545	17:hsa;Homo_sapiens_chr8.trna11-SerAGA:tRNA,8226610,8226691,-	477.61886906993766	0.28921613631644155
Homo_sapiens_chr6.trna46-SerAGA:tRNA	5.0	107.0	2.5476190476190474	20059.992500937384	12.147077725290545	6:hsa;Homo_sapiens_chr6.trna46-SerAGA:tRNA,26327589,26327670,+	477.61886906993766	0.28921613631644155
Homo_sapiens_chr6.trna44-SerAGA:tRNA	5.0	107.0	2.5476190476190474	20059.992500937384	12.147077725290545	6:hsa;Homo_sapiens_chr6.trna44-SerAGA:tRNA,27495814,27495895,+	477.61886906993766	0.28921613631644155
Homo_sapiens_chr6.trna5-SerAGA:tRNA	5.0	107.0	2.5476190476190474	20059.992500937384	12.147077725290545	6:hsa;Homo_sapiens_chr6.trna5-SerAGA:tRNA,27478812,27478893,+	477.61886906993766	0.28921613631644155
Homo_sapiens_chr17.trna35-SerAGA:tRNA	5.0	107.0	2.5476190476190474	20059.992500937384	12.147077725290545	17:hsa;Homo_sapiens_chr17.trna35-SerAGA:tRNA,8226610,8226691,-	477.61886906993766	0.28921613631644155
Homo_sapiens_chr6.trna46-SerAGA:tRNA	5.0	107.0	2.5476190476190474	20059.992500937384	12.147077725290545	6:hsa;Homo_sapiens_chr6.trna46-SerAGA:tRNA,27503039,27503120,+	477.61886906993766	0.28921613631644155
Homo_sapiens_chr17.trna35-SerAGA:tRNA	5.0	107.0	2.5476190476190474	20059.992500937384	12.147077725290545	6:hsa;Homo_sapiens_chr17.trna35-SerAGA:tRNA,26327589,26327670,+	477.61886906993766	0.28921613631644155
Homo_sapiens_chr6.trna5-SerAGA:tRNA	5.0	107.0	2.5476190476190474	20059.992500937384	12.147077725290545	6:hsa;Homo_sapiens_chr6.trna5-SerAGA:tRNA,27495814,27495895,+	477.61886906993766	0.28921613631644155
Homo_sapiens_chr6.trna147-SerAGA:tRNA	5.0	107.0	2.5476190476190474	20059.992500937384	12.147077725290545	6:hsa;Homo_sapiens_chr6.trna147-SerAGA:tRNA,27541775,27541856,-	477.61886906993766	0.28921613631644155
Homo_sapiens_chr8.trna11-SerAGA:tRNA	5.0	107.0	2.5476190476190474	20059.992500937384	12.147077725290545	6:hsa;Homo_sapiens_chr8.trna11-SerAGA:tRNA,27503039,27503120,+	477.61886906993766	0.28921613631644155
Homo_sapiens_chr17.trna35-SerAGA:tRNA	5.0	107.0	2.5476190476190474	20059.992500937384	12.147077725290545	8:hsa;Homo_sapiens_chr17.trna35-SerAGA:tRNA,95269657,95269738,-	477.61886906993766	0.28921613631644155
Homo_sapiens_chr6.trna47-SerAGA:tRNA	5.0	107.0	2.5476190476190474	20059.992500937384	12.147077725290545	8:hsa;Homo_sapiens_chr6.trna47-SerAGA:tRNA,95269657,95269738,-	477.61886906993766	0.28921613631644155
Homo_sapiens_chr8.trna11-SerAGA:tRNA	5.0	107.0	2.5476190476190474	20059.992500937384	12.147077725290545	6:hsa;Homo_sapiens_chr8.trna11-SerAGA:tRNA,27495814,27495895,+	477.61886906993766	0.28921613631644155
Homo_sapiens_chr6.trna47-SerAGA:tRNA	5.0	107.0	2.5476190476190474	20059.992500937384	12.147077725290545	6:hsa;Homo_sapiens_chr6.trna47-SerAGA:tRNA,27495814,27495895,+	477.61886906993766	0.28921613631644155
Homo_sapiens_chr6.trna46-SerAGA:tRNA	5.0	107.0	2.5476190476190474	20059.992500937384	12.147077725290545	6:hsa;Homo_sapiens_chr6.trna46-SerAGA:tRNA,27478812,27478893,+	477.61886906993766	0.28921613631644155
Homo_sapiens_chr6.trna44-SerAGA:tRNA	5.0	107.0	2.5476190476190474	20059.992500937384	12.147077725290545	6:hsa;Homo_sapiens_chr6.trna44-SerAGA:tRNA,27503039,27503120,+	477.61886906993766	0.28921613631644155
Homo_sapiens_chr6.trna46-SerAGA:tRNA	5.0	107.0	2.5476190476190474	20059.992500937384	12.147077725290545	6:hsa;Homo_sapiens_chr6.trna46-SerAGA:tRNA,27495814,27495895,+	477.61886906993766	0.28921613631644155
Homo_sapiens_chr6.trna47-SerAGA:tRNA	5.0	107.0	2.5476190476190474	20059.992500937384	12.147077725290545	17:hsa;Homo_sapiens_chr6.trna47-SerAGA:tRNA,8226610,8226691,-	477.61886906993766	0.28921613631644155
Homo_sapiens_chr8.trna11-SerAGA:tRNA	5.0	107.0	2.5476190476190474	20059.992500937384	12.147077725290545	6:hsa;Homo_sapiens_chr8.trna11-SerAGA:tRNA,27478812,27478893,+	477.61886906993766	0.28921613631644155
Homo_sapiens_chr17.trna35-SerAGA:tRNA	5.0	107.0	2.5476190476190474	20059.992500937384	12.147077725290545	6:hsa;Homo_sapiens_chr17.trna35-SerAGA:tRNA,27495814,27495895,+	477.61886906993766	0.28921613631644155
Homo_sapiens_chr6.trna51-SerTGA:tRNA	5.0	107.0	2.5476190476190474	20059.992500937384	12.147077725290545	6:hsa;Homo_sapiens_chr6.trna51-SerTGA:tRNA,27545689,27545770,+	477.61886906993766	0.28921613631644155
Homo_sapiens_chr6.trna44-SerAGA:tRNA	5.0	107.0	2.5476190476190474	20059.992500937384	12.147077725290545	17:hsa;Homo_sapiens_chr6.trna44-SerAGA:tRNA,8226610,8226691,-	477.61886906993766	0.28921613631644155
Homo_sapiens_chr6.trna172-SerTGA:tRNA	5.0	107.0	2.5476190476190474	20059.992500937384	12.147077725290545	6:hsa;Homo_sapiens_chr6.trna172-SerTGA:tRNA,26312596,26312677,-	477.61886906993766	0.28921613631644155
Homo_sapiens_chr6.trna44-SerAGA:tRNA	5.0	107.0	2.5476190476190474	20059.992500937384	12.147077725290545	6:hsa;Homo_sapiens_chr6.trna44-SerAGA:tRNA,27478812,27478893,+	477.61886906993766	0.28921613631644155
Homo_sapiens_chr17.trna35-SerAGA:tRNA	5.0	107.0	2.5476190476190474	20059.992500937384	12.147077725290545	6:hsa;Homo_sapiens_chr17.trna35-SerAGA:tRNA,27503039,27503120,+	477.61886906993766	0.28921613631644155
Homo_sapiens_chr6.trna46-SerAGA:tRNA	5.0	107.0	2.5476190476190474	20059.992500937384	12.147077725290545	8:hsa;Homo_sapiens_chr6.trna46-SerAGA:tRNA,95269657,95269738,-	477.61886906993766	0.28921613631644155
Homo_sapiens_chr6.trna145-SerAGA:tRNA	5.0	107.0	2.5476190476190474	20059.992500937384	12.147077725290545	6:hsa;Homo_sapiens_chr6.trna145-SerAGA:tRNA,27553413,27553494,-	477.61886906993766	0.28921613631644155
Homo_sapiens_chr8.trna11-SerAGA:tRNA	5.0	107.0	2.5476190476190474	20059.992500937384	12.147077725290545	8:hsa;Homo_sapiens_chr8.trna11-SerAGA:tRNA,95269657,95269738,-	477.61886906993766	0.28921613631644155
Homo_sapiens_chr6.trna5-SerAGA:tRNA	5.0	107.0	2.5476190476190474	20059.992500937384	12.147077725290545	17:hsa;Homo_sapiens_chr6.trna5-SerAGA:tRNA,8226610,8226691,-	477.61886906993766	0.28921613631644155
Homo_sapiens_chr6.trna44-SerAGA:tRNA	5.0	107.0	2.5476190476190474	20059.992500937384	12.147077725290545	6:hsa;Homo_sapiens_chr6.trna44-SerAGA:tRNA,26327589,26327670,+	477.61886906993766	0.28921613631644155
Homo_sapiens_chr6.trna5-SerAGA:tRNA	5.0	107.0	2.5476190476190474	20059.992500937384	12.147077725290545	6:hsa;Homo_sapiens_chr6.trna5-SerAGA:tRNA,26327589,26327670,+	477.61886906993766	0.28921613631644155
Homo_sapiens_chr6.trna47-SerAGA:tRNA	5.0	107.0	2.5476190476190474	20059.992500937384	12.147077725290545	6:hsa;Homo_sapiens_chr6.trna47-SerAGA:tRNA,27503039,27503120,+	477.61886906993766	0.28921613631644155
Homo_sapiens_chr6.trna47-SerAGA:tRNA	5.0	107.0	2.5476190476190474	20059.992500937384	12.147077725290545	6:hsa;Homo_sapiens_chr6.trna47-SerAGA:tRNA,26327589,26327670,+	477.61886906993766	0.28921613631644155
Homo_sapiens_chr17.trna16-GlnTTG:tRNA	1.0	101.0	9.181818181818182	18935.133108361453	11.46593317994715	17:hsa;Homo_sapiens_chr17.trna16-GlnTTG:tRNA,49192528,49192599,+	1721.3757371237684	1.0423575618133774
Homo_sapiens_chr6.trna130-GlnTTG:tRNA	1.0	101.0	9.181818181818182	18935.133108361453	11.46593317994715	6:hsa;Homo_sapiens_chr6.trna130-GlnTTG:tRNA,26311196,26311267,-	1721.3757371237684	1.0423575618133774
Homo_sapiens_chr6.trna173-GlnTTG:tRNA	1.0	101.0	9.181818181818182	18935.133108361453	11.46593317994715	6:hsa;Homo_sapiens_chr6.trna173-GlnTTG:tRNA,26311196,26311267,-	1721.3757371237684	1.0423575618133774
Homo_sapiens_chr6.trna173-GlnTTG:tRNA	1.0	101.0	9.181818181818182	18935.133108361453	11.46593317994715	6:hsa;Homo_sapiens_chr6.trna173-GlnTTG:tRNA,27795861,27795932,-	1721.3757371237684	1.0423575618133774
Homo_sapiens_chr6.trna64-GlnTTG:tRNA	1.0	101.0	9.181818181818182	18935.133108361453	11.46593317994715	6:hsa;Homo_sapiens_chr6.trna64-GlnTTG:tRNA,28589379,28589450,+	1721.3757371237684	1.0423575618133774
Homo_sapiens_chr6.trna130-GlnTTG:tRNA	1.0	101.0	9.181818181818182	18935.133108361453	11.46593317994715	6:hsa;Homo_sapiens_chr6.trna130-GlnTTG:tRNA,27795861,27795932,-	1721.3757371237684	1.0423575618133774
Homo_sapiens_chr6.trna174-GlnTTG:tRNA	1.0	101.0	9.181818181818182	18935.133108361453	11.46593317994715	6:hsa;Homo_sapiens_chr6.trna174-GlnTTG:tRNA,27795861,27795932,-	1721.3757371237684	1.0423575618133774
Homo_sapiens_chr6.trna173-GlnTTG:tRNA	1.0	101.0	9.181818181818182	18935.133108361453	11.46593317994715	6:hsa;Homo_sapiens_chr6.trna173-GlnTTG:tRNA,26311747,26311818,-	1721.3757371237684	1.0423575618133774
Homo_sapiens_chr6.trna174-GlnTTG:tRNA	1.0	101.0	9.181818181818182	18935.133108361453	11.46593317994715	6:hsa;Homo_sapiens_chr6.trna174-GlnTTG:tRNA,26311747,26311818,-	1721.3757371237684	1.0423575618133774
Homo_sapiens_chr6.trna174-GlnTTG:tRNA	1.0	101.0	9.181818181818182	18935.133108361453	11.46593317994715	6:hsa;Homo_sapiens_chr6.trna174-GlnTTG:tRNA,26311196,26311267,-	1721.3757371237684	1.0423575618133774
Homo_sapiens_chr6.trna130-GlnTTG:tRNA	1.0	101.0	9.181818181818182	18935.133108361453	11.46593317994715	6:hsa;Homo_sapiens_chr6.trna130-GlnTTG:tRNA,26311747,26311818,-	1721.3757371237684	1.0423575618133774
Homo_sapiens_chr1.trna39-GlyGCC:tRNA	2.0	74.0	2.96	13873.265841769778	8.400782725901873	21:hsa;Homo_sapiens_chr1.trna39-GlyGCC:tRNA,17454789,17454859,-	554.9306336707912	0.3360313090360749
Homo_sapiens_chr21.trna2-GlyGCC:tRNA	2.0	74.0	2.96	13873.265841769778	8.400782725901873	1:hsa;Homo_sapiens_chr21.trna2-GlyGCC:tRNA,161458108,161458178,+	554.9306336707912	0.3360313090360749
Homo_sapiens_chr1.trna35-GlyGCC:tRNA	2.0	74.0	2.96	13873.265841769778	8.400782725901873	1:hsa;Homo_sapiens_chr1.trna35-GlyGCC:tRNA,161450677,161450747,+	554.9306336707912	0.3360313090360749
Homo_sapiens_chr1.trna41-GlyGCC:tRNA	2.0	74.0	2.96	13873.265841769778	8.400782725901873	1:hsa;Homo_sapiens_chr1.trna41-GlyGCC:tRNA,161443304,161443374,+	554.9306336707912	0.3360313090360749
Homo_sapiens_chr21.trna2-GlyGCC:tRNA	2.0	74.0	2.96	13873.265841769778	8.400782725901873	1:hsa;Homo_sapiens_chr21.trna2-GlyGCC:tRNA,161450677,161450747,+	554.9306336707912	0.3360313090360749
Homo_sapiens_chr1.trna37-GlyGCC:tRNA	2.0	74.0	2.96	13873.265841769778	8.400782725901873	21:hsa;Homo_sapiens_chr1.trna37-GlyGCC:tRNA,17454789,17454859,-	554.9306336707912	0.3360313090360749
Homo_sapiens_chr1.trna37-GlyGCC:tRNA	2.0	74.0	2.96	13873.265841769778	8.400782725901873	1:hsa;Homo_sapiens_chr1.trna37-GlyGCC:tRNA,161465468,161465538,+	554.9306336707912	0.3360313090360749
Homo_sapiens_chr1.trna35-GlyGCC:tRNA	2.0	74.0	2.96	13873.265841769778	8.400782725901873	1:hsa;Homo_sapiens_chr1.trna35-GlyGCC:tRNA,161465468,161465538,+	554.9306336707912	0.3360313090360749
Homo_sapiens_chr1.trna39-GlyGCC:tRNA	2.0	74.0	2.96	13873.265841769778	8.400782725901873	1:hsa;Homo_sapiens_chr1.trna39-GlyGCC:tRNA,161443304,161443374,+	554.9306336707912	0.3360313090360749
Homo_sapiens_chr1.trna39-GlyGCC:tRNA	2.0	74.0	2.96	13873.265841769778	8.400782725901873	1:hsa;Homo_sapiens_chr1.trna39-GlyGCC:tRNA,161450677,161450747,+	554.9306336707912	0.3360313090360749
Homo_sapiens_chr1.trna37-GlyGCC:tRNA	2.0	74.0	2.96	13873.265841769778	8.400782725901873	1:hsa;Homo_sapiens_chr1.trna37-GlyGCC:tRNA,161458108,161458178,+	554.9306336707912	0.3360313090360749
Homo_sapiens_chr1.trna37-GlyGCC:tRNA	2.0	74.0	2.96	13873.265841769778	8.400782725901873	1:hsa;Homo_sapiens_chr1.trna37-GlyGCC:tRNA,161450677,161450747,+	554.9306336707912	0.3360313090360749
Homo_sapiens_chr1.trna41-GlyGCC:tRNA	2.0	74.0	2.96	13873.265841769778	8.400782725901873	1:hsa;Homo_sapiens_chr1.trna41-GlyGCC:tRNA,161465468,161465538,+	554.9306336707912	0.3360313090360749
Homo_sapiens_chr1.trna41-GlyGCC:tRNA	2.0	74.0	2.96	13873.265841769778	8.400782725901873	1:hsa;Homo_sapiens_chr1.trna41-GlyGCC:tRNA,161450677,161450747,+	554.9306336707912	0.3360313090360749
Homo_sapiens_chr21.trna2-GlyGCC:tRNA	2.0	74.0	2.96	13873.265841769778	8.400782725901873	1:hsa;Homo_sapiens_chr21.trna2-GlyGCC:tRNA,161465468,161465538,+	554.9306336707912	0.3360313090360749
Homo_sapiens_chr1.trna39-GlyGCC:tRNA	2.0	74.0	2.96	13873.265841769778	8.400782725901873	1:hsa;Homo_sapiens_chr1.trna39-GlyGCC:tRNA,161465468,161465538,+	554.9306336707912	0.3360313090360749
Homo_sapiens_chr21.trna2-GlyGCC:tRNA	2.0	74.0	2.96	13873.265841769778	8.400782725901873	1:hsa;Homo_sapiens_chr21.trna2-GlyGCC:tRNA,161443304,161443374,+	554.9306336707912	0.3360313090360749
Homo_sapiens_chr1.trna41-GlyGCC:tRNA	2.0	74.0	2.96	13873.265841769778	8.400782725901873	21:hsa;Homo_sapiens_chr1.trna41-GlyGCC:tRNA,17454789,17454859,-	554.9306336707912	0.3360313090360749
Homo_sapiens_chr1.trna35-GlyGCC:tRNA	2.0	74.0	2.96	13873.265841769778	8.400782725901873	1:hsa;Homo_sapiens_chr1.trna35-GlyGCC:tRNA,161443304,161443374,+	554.9306336707912	0.3360313090360749
Homo_sapiens_chr1.trna37-GlyGCC:tRNA	2.0	74.0	2.96	13873.265841769778	8.400782725901873	1:hsa;Homo_sapiens_chr1.trna37-GlyGCC:tRNA,161443304,161443374,+	554.9306336707912	0.3360313090360749
Homo_sapiens_chr1.trna39-GlyGCC:tRNA	2.0	74.0	2.96	13873.265841769778	8.400782725901873	1:hsa;Homo_sapiens_chr1.trna39-GlyGCC:tRNA,161458108,161458178,+	554.9306336707912	0.3360313090360749
Homo_sapiens_chr1.trna41-GlyGCC:tRNA	2.0	74.0	2.96	13873.265841769778	8.400782725901873	1:hsa;Homo_sapiens_chr1.trna41-GlyGCC:tRNA,161458108,161458178,+	554.9306336707912	0.3360313090360749
Homo_sapiens_chr1.trna35-GlyGCC:tRNA	2.0	74.0	2.96	13873.265841769778	8.400782725901873	1:hsa;Homo_sapiens_chr1.trna35-GlyGCC:tRNA,161458108,161458178,+	554.9306336707912	0.3360313090360749
Homo_sapiens_chr1.trna35-GlyGCC:tRNA	2.0	74.0	2.96	13873.265841769778	8.400782725901873	21:hsa;Homo_sapiens_chr1.trna35-GlyGCC:tRNA,17454789,17454859,-	554.9306336707912	0.3360313090360749
Homo_sapiens_chr21.trna2-GlyGCC:tRNA	2.0	74.0	2.96	13873.265841769778	8.400782725901873	21:hsa;Homo_sapiens_chr21.trna2-GlyGCC:tRNA,17454789,17454859,-	554.9306336707912	0.3360313090360749
Homo_sapiens_chr6.trna16-TyrGTA:tRNA	5.0	52.0	13.0	9748.781402324708	5.903252726309424	6:hsa;Homo_sapiens_chr6.trna16-TyrGTA:tRNA,26577104,26577192,+	2437.195350581177	1.475813181577356
Homo_sapiens_chr6.trna14-TyrGTA:tRNA	5.0	52.0	13.0	9748.781402324708	5.903252726309424	6:hsa;Homo_sapiens_chr6.trna14-TyrGTA:tRNA,26568858,26568948,+	2437.195350581177	1.475813181577356
Homo_sapiens_chr6.trna15-TyrGTA:tRNA	5.0	52.0	13.0	9748.781402324708	5.903252726309424	6:hsa;Homo_sapiens_chr6.trna15-TyrGTA:tRNA,26575570,26575659,+	2437.195350581177	1.475813181577356
Homo_sapiens_chr6.trna150-MetCAT:tRNA	4.0	51.0	0.7780885780885781	9561.304836895388	5.789728635418858	17:hsa;Homo_sapiens_chr6.trna150-MetCAT:tRNA,82494721,82494792,-	145.8733742198309	0.08833179845983888
Homo_sapiens_chr6.trna169-MetCAT:tRNA	4.0	51.0	0.7780885780885781	9561.304836895388	5.789728635418858	6:hsa;Homo_sapiens_chr6.trna169-MetCAT:tRNA,27332985,27333056,-	145.8733742198309	0.08833179845983888
Homo_sapiens_chr6.trna2-MetCAT:tRNA	4.0	51.0	0.7780885780885781	9561.304836895388	5.789728635418858	6:hsa;Homo_sapiens_chr6.trna2-MetCAT:tRNA,27902493,27902564,-	145.8733742198309	0.08833179845983888
Homo_sapiens_chr6.trna142-MetCAT:tRNA	4.0	51.0	0.7780885780885781	9561.304836895388	5.789728635418858	6:hsa;Homo_sapiens_chr6.trna142-MetCAT:tRNA,26313124,26313195,-	145.8733742198309	0.08833179845983888
Homo_sapiens_chr6.trna129-MetCAT:tRNA	4.0	51.0	0.7780885780885781	9561.304836895388	5.789728635418858	6:hsa;Homo_sapiens_chr6.trna129-MetCAT:tRNA,26330301,26330372,-	145.8733742198309	0.08833179845983888
Homo_sapiens_chr6.trna169-MetCAT:tRNA	4.0	51.0	0.7780885780885781	9561.304836895388	5.789728635418858	1:hsa;Homo_sapiens_chr6.trna169-MetCAT:tRNA,153671250,153671321,+	145.8733742198309	0.08833179845983888
Homo_sapiens_chr17.trna20-MetCAT:tRNA	4.0	51.0	0.7780885780885781	9561.304836895388	5.789728635418858	6:hsa;Homo_sapiens_chr17.trna20-MetCAT:tRNA,26313124,26313195,-	145.8733742198309	0.08833179845983888
Homo_sapiens_chr6.trna142-MetCAT:tRNA	4.0	51.0	0.7780885780885781	9561.304836895388	5.789728635418858	1:hsa;Homo_sapiens_chr6.trna142-MetCAT:tRNA,153671250,153671321,+	145.8733742198309	0.08833179845983888
Homo_sapiens_chr6.trna129-MetCAT:tRNA	4.0	51.0	0.7780885780885781	9561.304836895388	5.789728635418858	6:hsa;Homo_sapiens_chr6.trna129-MetCAT:tRNA,27332985,27333056,-	145.8733742198309	0.08833179845983888
Homo_sapiens_chr17.trna20-MetCAT:tRNA	4.0	51.0	0.7780885780885781	9561.304836895388	5.789728635418858	17:hsa;Homo_sapiens_chr17.trna20-MetCAT:tRNA,82494721,82494792,-	145.8733742198309	0.08833179845983888
Homo_sapiens_chr17.trna20-MetCAT:tRNA	4.0	51.0	0.7780885780885781	9561.304836895388	5.789728635418858	6:hsa;Homo_sapiens_chr17.trna20-MetCAT:tRNA,27592821,27592892,-	145.8733742198309	0.08833179845983888
Homo_sapiens_chr17.trna20-MetCAT:tRNA	4.0	51.0	0.7780885780885781	9561.304836895388	5.789728635418858	6:hsa;Homo_sapiens_chr17.trna20-MetCAT:tRNA,27902493,27902564,-	145.8733742198309	0.08833179845983888
Homo_sapiens_chr6.trna150-MetCAT:tRNA	4.0	51.0	0.7780885780885781	9561.304836895388	5.789728635418858	6:hsa;Homo_sapiens_chr6.trna150-MetCAT:tRNA,27332985,27333056,-	145.8733742198309	0.08833179845983888
Homo_sapiens_chr6.trna129-MetCAT:tRNA	4.0	51.0	0.7780885780885781	9561.304836895388	5.789728635418858	1:hsa;Homo_sapiens_chr6.trna129-MetCAT:tRNA,153671250,153671321,+	145.8733742198309	0.08833179845983888
Homo_sapiens_chr6.trna171-MetCAT:tRNA	4.0	51.0	0.7780885780885781	9561.304836895388	5.789728635418858	6:hsa;Homo_sapiens_chr6.trna171-MetCAT:tRNA,27332985,27333056,-	145.8733742198309	0.08833179845983888
Homo_sapiens_chr6.trna169-MetCAT:tRNA	4.0	51.0	0.7780885780885781	9561.304836895388	5.789728635418858	6:hsa;Homo_sapiens_chr6.trna169-MetCAT:tRNA,27592821,27592892,-	145.8733742198309	0.08833179845983888
Homo_sapiens_chr1.trna32-MetCAT:tRNA	4.0	51.0	0.7780885780885781	9561.304836895388	5.789728635418858	1:hsa;Homo_sapiens_chr1.trna32-MetCAT:tRNA,153671250,153671321,+	145.8733742198309	0.08833179845983888
Homo_sapiens_chr6.trna129-MetCAT:tRNA	4.0	51.0	0.7780885780885781	9561.304836895388	5.789728635418858	6:hsa;Homo_sapiens_chr6.trna129-MetCAT:tRNA,26286526,26286597,+	145.8733742198309	0.08833179845983888
Homo_sapiens_chr6.trna129-MetCAT:tRNA	4.0	51.0	0.7780885780885781	9561.304836895388	5.789728635418858	17:hsa;Homo_sapiens_chr6.trna129-MetCAT:tRNA,82494721,82494792,-	145.8733742198309	0.08833179845983888
Homo_sapiens_chr6.trna169-MetCAT:tRNA	4.0	51.0	0.7780885780885781	9561.304836895388	5.789728635418858	6:hsa;Homo_sapiens_chr6.trna169-MetCAT:tRNA,26313124,26313195,-	145.8733742198309	0.08833179845983888
Homo_sapiens_chr6.trna150-MetCAT:tRNA	4.0	51.0	0.7780885780885781	9561.304836895388	5.789728635418858	6:hsa;Homo_sapiens_chr6.trna150-MetCAT:tRNA,26313124,26313195,-	145.8733742198309	0.08833179845983888
Homo_sapiens_chr6.trna171-MetCAT:tRNA	4.0	51.0	0.7780885780885781	9561.304836895388	5.789728635418858	6:hsa;Homo_sapiens_chr6.trna171-MetCAT:tRNA,26313124,26313195,-	145.8733742198309	0.08833179845983888
Homo_sapiens_chr6.trna142-MetCAT:tRNA	4.0	51.0	0.7780885780885781	9561.304836895388	5.789728635418858	17:hsa;Homo_sapiens_chr6.trna142-MetCAT:tRNA,82494721,82494792,-	145.8733742198309	0.08833179845983888
Homo_sapiens_chr6.trna142-MetCAT:tRNA	4.0	51.0	0.7780885780885781	9561.304836895388	5.789728635418858	6:hsa;Homo_sapiens_chr6.trna142-MetCAT:tRNA,27592821,27592892,-	145.8733742198309	0.08833179845983888
Homo_sapiens_chr6.trna171-MetCAT:tRNA	4.0	51.0	0.7780885780885781	9561.304836895388	5.789728635418858	6:hsa;Homo_sapiens_chr6.trna171-MetCAT:tRNA,26330301,26330372,-	145.8733742198309	0.08833179845983888
Homo_sapiens_chr1.trna32-MetCAT:tRNA	4.0	51.0	0.7780885780885781	9561.304836895388	5.789728635418858	6:hsa;Homo_sapiens_chr1.trna32-MetCAT:tRNA,26313124,26313195,-	145.8733742198309	0.08833179845983888
Homo_sapiens_chr6.trna171-MetCAT:tRNA	4.0	51.0	0.7780885780885781	9561.304836895388	5.789728635418858	6:hsa;Homo_sapiens_chr6.trna171-MetCAT:tRNA,26286526,26286597,+	145.8733742198309	0.08833179845983888
Homo_sapiens_chr6.trna171-MetCAT:tRNA	4.0	51.0	0.7780885780885781	9561.304836895388	5.789728635418858	1:hsa;Homo_sapiens_chr6.trna171-MetCAT:tRNA,153671250,153671321,+	145.8733742198309	0.08833179845983888
Homo_sapiens_chr6.trna150-MetCAT:tRNA	4.0	51.0	0.7780885780885781	9561.304836895388	5.789728635418858	6:hsa;Homo_sapiens_chr6.trna150-MetCAT:tRNA,26330301,26330372,-	145.8733742198309	0.08833179845983888
Homo_sapiens_chr1.trna32-MetCAT:tRNA	4.0	51.0	0.7780885780885781	9561.304836895388	5.789728635418858	6:hsa;Homo_sapiens_chr1.trna32-MetCAT:tRNA,27592821,27592892,-	145.8733742198309	0.08833179845983888
Homo_sapiens_chr17.trna20-MetCAT:tRNA	4.0	51.0	0.7780885780885781	9561.304836895388	5.789728635418858	6:hsa;Homo_sapiens_chr17.trna20-MetCAT:tRNA,27332985,27333056,-	145.8733742198309	0.08833179845983888
Homo_sapiens_chr6.trna150-MetCAT:tRNA	4.0	51.0	0.7780885780885781	9561.304836895388	5.789728635418858	6:hsa;Homo_sapiens_chr6.trna150-MetCAT:tRNA,27902493,27902564,-	145.8733742198309	0.08833179845983888
Homo_sapiens_chr6.trna129-MetCAT:tRNA	4.0	51.0	0.7780885780885781	9561.304836895388	5.789728635418858	6:hsa;Homo_sapiens_chr6.trna129-MetCAT:tRNA,27902493,27902564,-	145.8733742198309	0.08833179845983888
Homo_sapiens_chr6.trna2-MetCAT:tRNA	4.0	51.0	0.7780885780885781	9561.304836895388	5.789728635418858	6:hsa;Homo_sapiens_chr6.trna2-MetCAT:tRNA,26313124,26313195,-	145.8733742198309	0.08833179845983888
Homo_sapiens_chr6.trna142-MetCAT:tRNA	4.0	51.0	0.7780885780885781	9561.304836895388	5.789728635418858	6:hsa;Homo_sapiens_chr6.trna142-MetCAT:tRNA,27902493,27902564,-	145.8733742198309	0.08833179845983888
Homo_sapiens_chr6.trna61-MetCAT:tRNA	4.0	51.0	0.7780885780885781	9561.304836895388	5.789728635418858	6:hsa;Homo_sapiens_chr6.trna61-MetCAT:tRNA,27777885,27777956,+	145.8733742198309	0.08833179845983888
Homo_sapiens_chr1.trna32-MetCAT:tRNA	4.0	51.0	0.7780885780885781	9561.304836895388	5.789728635418858	6:hsa;Homo_sapiens_chr1.trna32-MetCAT:tRNA,26286526,26286597,+	145.8733742198309	0.08833179845983888
Homo_sapiens_chr6.trna129-MetCAT:tRNA	4.0	51.0	0.7780885780885781	9561.304836895388	5.789728635418858	6:hsa;Homo_sapiens_chr6.trna129-MetCAT:tRNA,27592821,27592892,-	145.8733742198309	0.08833179845983888
Homo_sapiens_chr6.trna169-MetCAT:tRNA	4.0	51.0	0.7780885780885781	9561.304836895388	5.789728635418858	6:hsa;Homo_sapiens_chr6.trna169-MetCAT:tRNA,26330301,26330372,-	145.8733742198309	0.08833179845983888
Homo_sapiens_chr6.trna169-MetCAT:tRNA	4.0	51.0	0.7780885780885781	9561.304836895388	5.789728635418858	17:hsa;Homo_sapiens_chr6.trna169-MetCAT:tRNA,82494721,82494792,-	145.8733742198309	0.08833179845983888
Homo_sapiens_chr6.trna171-MetCAT:tRNA	4.0	51.0	0.7780885780885781	9561.304836895388	5.789728635418858	6:hsa;Homo_sapiens_chr6.trna171-MetCAT:tRNA,27592821,27592892,-	145.8733742198309	0.08833179845983888
Homo_sapiens_chr6.trna142-MetCAT:tRNA	4.0	51.0	0.7780885780885781	9561.304836895388	5.789728635418858	6:hsa;Homo_sapiens_chr6.trna142-MetCAT:tRNA,26286526,26286597,+	145.8733742198309	0.08833179845983888
Homo_sapiens_chr17.trna20-MetCAT:tRNA	4.0	51.0	0.7780885780885781	9561.304836895388	5.789728635418858	6:hsa;Homo_sapiens_chr17.trna20-MetCAT:tRNA,26330301,26330372,-	145.8733742198309	0.08833179845983888
Homo_sapiens_chr17.trna20-MetCAT:tRNA	4.0	51.0	0.7780885780885781	9561.304836895388	5.789728635418858	6:hsa;Homo_sapiens_chr17.trna20-MetCAT:tRNA,26286526,26286597,+	145.8733742198309	0.08833179845983888
Homo_sapiens_chr6.trna150-MetCAT:tRNA	4.0	51.0	0.7780885780885781	9561.304836895388	5.789728635418858	6:hsa;Homo_sapiens_chr6.trna150-MetCAT:tRNA,27592821,27592892,-	145.8733742198309	0.08833179845983888
Homo_sapiens_chr1.trna32-MetCAT:tRNA	4.0	51.0	0.7780885780885781	9561.304836895388	5.789728635418858	6:hsa;Homo_sapiens_chr1.trna32-MetCAT:tRNA,26330301,26330372,-	145.8733742198309	0.08833179845983888
Homo_sapiens_chr6.trna171-MetCAT:tRNA	4.0	51.0	0.7780885780885781	9561.304836895388	5.789728635418858	17:hsa;Homo_sapiens_chr6.trna171-MetCAT:tRNA,82494721,82494792,-	145.8733742198309	0.08833179845983888
Homo_sapiens_chr6.trna2-MetCAT:tRNA	4.0	51.0	0.7780885780885781	9561.304836895388	5.789728635418858	6:hsa;Homo_sapiens_chr6.trna2-MetCAT:tRNA,26286526,26286597,+	145.8733742198309	0.08833179845983888
Homo_sapiens_chr1.trna32-MetCAT:tRNA	4.0	51.0	0.7780885780885781	9561.304836895388	5.789728635418858	17:hsa;Homo_sapiens_chr1.trna32-MetCAT:tRNA,82494721,82494792,-	145.8733742198309	0.08833179845983888
Homo_sapiens_chr6.trna2-MetCAT:tRNA	4.0	51.0	0.7780885780885781	9561.304836895388	5.789728635418858	6:hsa;Homo_sapiens_chr6.trna2-MetCAT:tRNA,27332985,27333056,-	145.8733742198309	0.08833179845983888
Homo_sapiens_chr6.trna150-MetCAT:tRNA	4.0	51.0	0.7780885780885781	9561.304836895388	5.789728635418858	1:hsa;Homo_sapiens_chr6.trna150-MetCAT:tRNA,153671250,153671321,+	145.8733742198309	0.08833179845983888
Homo_sapiens_chr6.trna129-MetCAT:tRNA	4.0	51.0	0.7780885780885781	9561.304836895388	5.789728635418858	6:hsa;Homo_sapiens_chr6.trna129-MetCAT:tRNA,26313124,26313195,-	145.8733742198309	0.08833179845983888
Homo_sapiens_chr17.trna20-MetCAT:tRNA	4.0	51.0	0.7780885780885781	9561.304836895388	5.789728635418858	1:hsa;Homo_sapiens_chr17.trna20-MetCAT:tRNA,153671250,153671321,+	145.8733742198309	0.08833179845983888
Homo_sapiens_chr6.trna171-MetCAT:tRNA	4.0	51.0	0.7780885780885781	9561.304836895388	5.789728635418858	6:hsa;Homo_sapiens_chr6.trna171-MetCAT:tRNA,27902493,27902564,-	145.8733742198309	0.08833179845983888
Homo_sapiens_chr6.trna169-MetCAT:tRNA	4.0	51.0	0.7780885780885781	9561.304836895388	5.789728635418858	6:hsa;Homo_sapiens_chr6.trna169-MetCAT:tRNA,26286526,26286597,+	145.8733742198309	0.08833179845983888
Homo_sapiens_chr6.trna142-MetCAT:tRNA	4.0	51.0	0.7780885780885781	9561.304836895388	5.789728635418858	6:hsa;Homo_sapiens_chr6.trna142-MetCAT:tRNA,27332985,27333056,-	145.8733742198309	0.08833179845983888
Homo_sapiens_chr6.trna2-MetCAT:tRNA	4.0	51.0	0.7780885780885781	9561.304836895388	5.789728635418858	6:hsa;Homo_sapiens_chr6.trna2-MetCAT:tRNA,27592821,27592892,-	145.8733742198309	0.08833179845983888
Homo_sapiens_chr6.trna150-MetCAT:tRNA	4.0	51.0	0.7780885780885781	9561.304836895388	5.789728635418858	6:hsa;Homo_sapiens_chr6.trna150-MetCAT:tRNA,26286526,26286597,+	145.8733742198309	0.08833179845983888
Homo_sapiens_chr1.trna32-MetCAT:tRNA	4.0	51.0	0.7780885780885781	9561.304836895388	5.789728635418858	6:hsa;Homo_sapiens_chr1.trna32-MetCAT:tRNA,27332985,27333056,-	145.8733742198309	0.08833179845983888
Homo_sapiens_chr6.trna169-MetCAT:tRNA	4.0	51.0	0.7780885780885781	9561.304836895388	5.789728635418858	6:hsa;Homo_sapiens_chr6.trna169-MetCAT:tRNA,27902493,27902564,-	145.8733742198309	0.08833179845983888
Homo_sapiens_chr6.trna2-MetCAT:tRNA	4.0	51.0	0.7780885780885781	9561.304836895388	5.789728635418858	1:hsa;Homo_sapiens_chr6.trna2-MetCAT:tRNA,153671250,153671321,+	145.8733742198309	0.08833179845983888
Homo_sapiens_chr6.trna2-MetCAT:tRNA	4.0	51.0	0.7780885780885781	9561.304836895388	5.789728635418858	17:hsa;Homo_sapiens_chr6.trna2-MetCAT:tRNA,82494721,82494792,-	145.8733742198309	0.08833179845983888
Homo_sapiens_chr6.trna142-MetCAT:tRNA	4.0	51.0	0.7780885780885781	9561.304836895388	5.789728635418858	6:hsa;Homo_sapiens_chr6.trna142-MetCAT:tRNA,26330301,26330372,-	145.8733742198309	0.08833179845983888
Homo_sapiens_chr6.trna2-MetCAT:tRNA	4.0	51.0	0.7780885780885781	9561.304836895388	5.789728635418858	6:hsa;Homo_sapiens_chr6.trna2-MetCAT:tRNA,26330301,26330372,-	145.8733742198309	0.08833179845983888
Homo_sapiens_chr1.trna32-MetCAT:tRNA	4.0	51.0	0.7780885780885781	9561.304836895388	5.789728635418858	6:hsa;Homo_sapiens_chr1.trna32-MetCAT:tRNA,27902493,27902564,-	145.8733742198309	0.08833179845983888
Homo_sapiens_chr17.trna15-CysGCA:tRNA	2.0	34.0	1.4385964912280702	6374.203224596925	3.8598190902792386	17:hsa;Homo_sapiens_chr17.trna15-CysGCA:tRNA,39153734,39153805,-	269.7031292141114	0.16331535882502457
Homo_sapiens_chr17.trna27-CysGCA:tRNA	2.0	34.0	1.4385964912280702	6374.203224596925	3.8598190902792386	17:hsa;Homo_sapiens_chr17.trna27-CysGCA:tRNA,39153734,39153805,-	269.7031292141114	0.16331535882502457
Homo_sapiens_chr17.trna26-CysGCA:tRNA	2.0	34.0	1.4385964912280702	6374.203224596925	3.8598190902792386	17:hsa;Homo_sapiens_chr17.trna26-CysGCA:tRNA,38867645,38867716,+	269.7031292141114	0.16331535882502457
Homo_sapiens_chr4.trna3-CysGCA:tRNA	2.0	34.0	1.4385964912280702	6374.203224596925	3.8598190902792386	17:hsa;Homo_sapiens_chr4.trna3-CysGCA:tRNA,38867645,38867716,+	269.7031292141114	0.16331535882502457
Homo_sapiens_chr17.trna27-CysGCA:tRNA	2.0	34.0	1.4385964912280702	6374.203224596925	3.8598190902792386	17:hsa;Homo_sapiens_chr17.trna27-CysGCA:tRNA,39154491,39154562,-	269.7031292141114	0.16331535882502457
Homo_sapiens_chr4.trna3-CysGCA:tRNA	2.0	34.0	1.4385964912280702	6374.203224596925	3.8598190902792386	4:hsa;Homo_sapiens_chr4.trna3-CysGCA:tRNA,123508850,123508921,-	269.7031292141114	0.16331535882502457
Homo_sapiens_chr4.trna3-CysGCA:tRNA	2.0	34.0	1.4385964912280702	6374.203224596925	3.8598190902792386	17:hsa;Homo_sapiens_chr4.trna3-CysGCA:tRNA,39154491,39154562,-	269.7031292141114	0.16331535882502457
Homo_sapiens_chr4.trna3-CysGCA:tRNA	2.0	34.0	1.4385964912280702	6374.203224596925	3.8598190902792386	17:hsa;Homo_sapiens_chr4.trna3-CysGCA:tRNA,39153734,39153805,-	269.7031292141114	0.16331535882502457
Homo_sapiens_chr17.trna26-CysGCA:tRNA	2.0	34.0	1.4385964912280702	6374.203224596925	3.8598190902792386	17:hsa;Homo_sapiens_chr17.trna26-CysGCA:tRNA,39154491,39154562,-	269.7031292141114	0.16331535882502457
Homo_sapiens_chr17.trna27-CysGCA:tRNA	2.0	34.0	1.4385964912280702	6374.203224596925	3.8598190902792386	17:hsa;Homo_sapiens_chr17.trna27-CysGCA:tRNA,38867645,38867716,+	269.7031292141114	0.16331535882502457
Homo_sapiens_chr17.trna27-CysGCA:tRNA	2.0	34.0	1.4385964912280702	6374.203224596925	3.8598190902792386	4:hsa;Homo_sapiens_chr17.trna27-CysGCA:tRNA,123508850,123508921,-	269.7031292141114	0.16331535882502457
Homo_sapiens_chr17.trna26-CysGCA:tRNA	2.0	34.0	1.4385964912280702	6374.203224596925	3.8598190902792386	4:hsa;Homo_sapiens_chr17.trna26-CysGCA:tRNA,123508850,123508921,-	269.7031292141114	0.16331535882502457
Homo_sapiens_chr17.trna15-CysGCA:tRNA	2.0	34.0	1.4385964912280702	6374.203224596925	3.8598190902792386	17:hsa;Homo_sapiens_chr17.trna15-CysGCA:tRNA,39154491,39154562,-	269.7031292141114	0.16331535882502457
Homo_sapiens_chr17.trna26-CysGCA:tRNA	2.0	34.0	1.4385964912280702	6374.203224596925	3.8598190902792386	17:hsa;Homo_sapiens_chr17.trna26-CysGCA:tRNA,39153734,39153805,-	269.7031292141114	0.16331535882502457
Homo_sapiens_chr17.trna15-CysGCA:tRNA	2.0	34.0	1.4385964912280702	6374.203224596925	3.8598190902792386	4:hsa;Homo_sapiens_chr17.trna15-CysGCA:tRNA,123508850,123508921,-	269.7031292141114	0.16331535882502457
Homo_sapiens_chr17.trna28-CysGCA:tRNA	2.0	34.0	1.4385964912280702	6374.203224596925	3.8598190902792386	17:hsa;Homo_sapiens_chr17.trna28-CysGCA:tRNA,38869292,38869363,-	269.7031292141114	0.16331535882502457
Homo_sapiens_chr17.trna15-CysGCA:tRNA	2.0	34.0	1.4385964912280702	6374.203224596925	3.8598190902792386	17:hsa;Homo_sapiens_chr17.trna15-CysGCA:tRNA,38867645,38867716,+	269.7031292141114	0.16331535882502457
Homo_sapiens_chr2.trna2-TyrGTA:tRNA	3.0	33.0	8.25	6186.726659167603	3.746294999388673	2:hsa;Homo_sapiens_chr2.trna2-TyrGTA:tRNA,27050782,27050870,+	1546.6816647919009	0.9365737498471682
Homo_sapiens_chr7.trna16-CysGCA:tRNA	1.0	32.0	1.3333333333333333	5999.250093738283	3.6327709084981072	7:hsa;Homo_sapiens_chr7.trna16-CysGCA:tRNA,149691181,149691252,-	249.96875390576176	0.15136545452075445
Homo_sapiens_chr14.trna8-CysGCA:tRNA	1.0	32.0	1.3333333333333333	5999.250093738283	3.6327709084981072	14:hsa;Homo_sapiens_chr14.trna8-CysGCA:tRNA,72962971,72963042,+	249.96875390576176	0.15136545452075445
Homo_sapiens_chr17.trna29-CysGCA:tRNA	1.0	32.0	1.3333333333333333	5999.250093738283	3.6327709084981072	17:hsa;Homo_sapiens_chr17.trna29-CysGCA:tRNA,38861684,38861755,-	249.96875390576176	0.15136545452075445
Homo_sapiens_chr7.trna21-CysGCA:tRNA	1.0	32.0	1.3333333333333333	5999.250093738283	3.6327709084981072	7:hsa;Homo_sapiens_chr7.trna21-CysGCA:tRNA,149415138,149415209,-	249.96875390576176	0.15136545452075445
Homo_sapiens_chr6.trna151-ThrCGT:tRNA	1.0	28.0	0.42424242424242425	5249.343832020997	3.1786745449358436	6:hsa;Homo_sapiens_chr6.trna151-ThrCGT:tRNA,27303789,27303860,-	79.53551260637875	0.048161735529330965
Homo_sapiens_chr14.trna12-LysTTT:tRNA	2.0	24.0	23.032258064516128	4499.437570303712	2.7245781813735803	14:hsa;Homo_sapiens_chr14.trna12-LysTTT:tRNA,73588825,73588897,-	4318.008636017272	2.614716157931097
Homo_sapiens_chr6.trna17-TyrGTA:tRNA	2.0	19.0	4.75	3562.0547431571053	2.156957726920751	6:hsa;Homo_sapiens_chr6.trna17-TyrGTA:tRNA,26594874,26594962,+	890.5136857892763	0.5392394317301877
Homo_sapiens_chr6.trna166-AlaAGC:tRNA	2.0	16.0	16.0	2999.6250468691414	1.8163854542490536	6:hsa;Homo_sapiens_chr6.trna166-AlaAGC:tRNA,26571864,26571936,-	2999.6250468691414	1.8163854542490536
Homo_sapiens_chr6.trna31-SerGCT:tRNA	2.0	16.0	16.0	2999.6250468691414	1.8163854542490536	6:hsa;Homo_sapiens_chr6.trna31-SerGCT:tRNA,27097306,27097387,+	2999.6250468691414	1.8163854542490536
Homo_sapiens_chr11.trna5-LysTTT:tRNA	2.0	15.0	14.03125	2812.14848143982	1.7028613633584877	11:hsa;Homo_sapiens_chr11.trna5-LysTTT:tRNA,59556429,59556501,+	2630.530558680165	1.5928849003082521
Homo_sapiens_chr6.trna149-LysTTT:tRNA	3.0	12.0	5.063508064516129	2249.718785151856	1.3622890906867902	6:hsa;Homo_sapiens_chr6.trna149-LysTTT:tRNA,27334990,27335062,-	949.2891009591542	0.5748301497412421
Homo_sapiens_chr6.trna118-LysTTT:tRNA	1.0	10.0	5.0	1874.7656542932132	1.1352409089056585	6:hsa;Homo_sapiens_chr6.trna118-LysTTT:tRNA,28693210,28693283,-	937.3828271466066	0.5676204544528293
Homo_sapiens_chr17.trna13-GlyCCC:tRNA	1.0	9.0	9.0	1687.289088863892	1.0217168180150926	17:hsa;Homo_sapiens_chr17.trna13-GlyCCC:tRNA,19860862,19860932,+	1687.289088863892	1.0217168180150926
Homo_sapiens_chr16.trna32-LysCTT:tRNA	1.0	9.0	0.28125	1687.289088863892	1.0217168180150926	16:hsa;Homo_sapiens_chr16.trna32-LysCTT:tRNA,3157405,3157477,-	52.72778402699662	0.031928650562971644
Homo_sapiens_chr1.trna70-GlyTCC:tRNA	2.0	8.0	0.1969111969111969	1499.8125234345707	0.9081927271245268	1:hsa;Homo_sapiens_chr1.trna70-GlyTCC:tRNA,161469757,161469828,-	36.91623489148798	0.022354164615516828
Homo_sapiens_chr1.trna117-GlyTCC:tRNA	2.0	8.0	0.1969111969111969	1499.8125234345707	0.9081927271245268	1:hsa;Homo_sapiens_chr1.trna117-GlyTCC:tRNA,161531113,161531184,+	36.91623489148798	0.022354164615516828
Homo_sapiens_chr1.trna79-GlyTCC:tRNA	2.0	8.0	0.1969111969111969	1499.8125234345707	0.9081927271245268	1:hsa;Homo_sapiens_chr1.trna79-GlyTCC:tRNA,161447585,161447656,-	36.91623489148798	0.022354164615516828
Homo_sapiens_chr1.trna73-GlyTCC:tRNA	2.0	8.0	0.1969111969111969	1499.8125234345707	0.9081927271245268	1:hsa;Homo_sapiens_chr1.trna73-GlyTCC:tRNA,161454966,161455037,-	36.91623489148798	0.022354164615516828
Homo_sapiens_chr1.trna79-GlyTCC:tRNA	2.0	8.0	0.1969111969111969	1499.8125234345707	0.9081927271245268	1:hsa;Homo_sapiens_chr1.trna79-GlyTCC:tRNA,161469757,161469828,-	36.91623489148798	0.022354164615516828
Homo_sapiens_chr1.trna76-GlyTCC:tRNA	2.0	8.0	0.1969111969111969	1499.8125234345707	0.9081927271245268	1:hsa;Homo_sapiens_chr1.trna76-GlyTCC:tRNA,161462376,161462447,-	36.91623489148798	0.022354164615516828
Homo_sapiens_chr1.trna73-GlyTCC:tRNA	2.0	8.0	0.1969111969111969	1499.8125234345707	0.9081927271245268	1:hsa;Homo_sapiens_chr1.trna73-GlyTCC:tRNA,161531113,161531184,+	36.91623489148798	0.022354164615516828
Homo_sapiens_chr1.trna117-GlyTCC:tRNA	2.0	8.0	0.1969111969111969	1499.8125234345707	0.9081927271245268	1:hsa;Homo_sapiens_chr1.trna117-GlyTCC:tRNA,161454966,161455037,-	36.91623489148798	0.022354164615516828
Homo_sapiens_chr1.trna76-GlyTCC:tRNA	2.0	8.0	0.1969111969111969	1499.8125234345707	0.9081927271245268	1:hsa;Homo_sapiens_chr1.trna76-GlyTCC:tRNA,161454966,161455037,-	36.91623489148798	0.022354164615516828
Homo_sapiens_chr1.trna45-GlyTCC:tRNA	2.0	8.0	0.1969111969111969	1499.8125234345707	0.9081927271245268	1:hsa;Homo_sapiens_chr1.trna45-GlyTCC:tRNA,146037061,146037132,+	36.91623489148798	0.022354164615516828
Homo_sapiens_chr1.trna70-GlyTCC:tRNA	2.0	8.0	0.1969111969111969	1499.8125234345707	0.9081927271245268	1:hsa;Homo_sapiens_chr1.trna70-GlyTCC:tRNA,161447585,161447656,-	36.91623489148798	0.022354164615516828
Homo_sapiens_chr1.trna117-GlyTCC:tRNA	2.0	8.0	0.1969111969111969	1499.8125234345707	0.9081927271245268	1:hsa;Homo_sapiens_chr1.trna117-GlyTCC:tRNA,161447585,161447656,-	36.91623489148798	0.022354164615516828
Homo_sapiens_chr1.trna70-GlyTCC:tRNA	2.0	8.0	0.1969111969111969	1499.8125234345707	0.9081927271245268	1:hsa;Homo_sapiens_chr1.trna70-GlyTCC:tRNA,146037061,146037132,+	36.91623489148798	0.022354164615516828
Homo_sapiens_chr1.trna73-GlyTCC:tRNA	2.0	8.0	0.1969111969111969	1499.8125234345707	0.9081927271245268	1:hsa;Homo_sapiens_chr1.trna73-GlyTCC:tRNA,161447585,161447656,-	36.91623489148798	0.022354164615516828
Homo_sapiens_chr1.trna70-GlyTCC:tRNA	2.0	8.0	0.1969111969111969	1499.8125234345707	0.9081927271245268	1:hsa;Homo_sapiens_chr1.trna70-GlyTCC:tRNA,161462376,161462447,-	36.91623489148798	0.022354164615516828
Homo_sapiens_chr1.trna73-GlyTCC:tRNA	2.0	8.0	0.1969111969111969	1499.8125234345707	0.9081927271245268	1:hsa;Homo_sapiens_chr1.trna73-GlyTCC:tRNA,161462376,161462447,-	36.91623489148798	0.022354164615516828
Homo_sapiens_chr1.trna70-GlyTCC:tRNA	2.0	8.0	0.1969111969111969	1499.8125234345707	0.9081927271245268	1:hsa;Homo_sapiens_chr1.trna70-GlyTCC:tRNA,161454966,161455037,-	36.91623489148798	0.022354164615516828
Homo_sapiens_chr1.trna45-GlyTCC:tRNA	2.0	8.0	0.1969111969111969	1499.8125234345707	0.9081927271245268	1:hsa;Homo_sapiens_chr1.trna45-GlyTCC:tRNA,161531113,161531184,+	36.91623489148798	0.022354164615516828
Homo_sapiens_chr1.trna79-GlyTCC:tRNA	2.0	8.0	0.1969111969111969	1499.8125234345707	0.9081927271245268	1:hsa;Homo_sapiens_chr1.trna79-GlyTCC:tRNA,146037061,146037132,+	36.91623489148798	0.022354164615516828
Homo_sapiens_chr1.trna76-GlyTCC:tRNA	2.0	8.0	0.1969111969111969	1499.8125234345707	0.9081927271245268	1:hsa;Homo_sapiens_chr1.trna76-GlyTCC:tRNA,146037061,146037132,+	36.91623489148798	0.022354164615516828
Homo_sapiens_chr1.trna117-GlyTCC:tRNA	2.0	8.0	0.1969111969111969	1499.8125234345707	0.9081927271245268	1:hsa;Homo_sapiens_chr1.trna117-GlyTCC:tRNA,146037061,146037132,+	36.91623489148798	0.022354164615516828
Homo_sapiens_chr1.trna76-GlyTCC:tRNA	2.0	8.0	0.1969111969111969	1499.8125234345707	0.9081927271245268	1:hsa;Homo_sapiens_chr1.trna76-GlyTCC:tRNA,161531113,161531184,+	36.91623489148798	0.022354164615516828
Homo_sapiens_chr1.trna73-GlyTCC:tRNA	2.0	8.0	0.1969111969111969	1499.8125234345707	0.9081927271245268	1:hsa;Homo_sapiens_chr1.trna73-GlyTCC:tRNA,146037061,146037132,+	36.91623489148798	0.022354164615516828
Homo_sapiens_chr1.trna45-GlyTCC:tRNA	2.0	8.0	0.1969111969111969	1499.8125234345707	0.9081927271245268	1:hsa;Homo_sapiens_chr1.trna45-GlyTCC:tRNA,161469757,161469828,-	36.91623489148798	0.022354164615516828
Homo_sapiens_chr1.trna45-GlyTCC:tRNA	2.0	8.0	0.1969111969111969	1499.8125234345707	0.9081927271245268	1:hsa;Homo_sapiens_chr1.trna45-GlyTCC:tRNA,161447585,161447656,-	36.91623489148798	0.022354164615516828
Homo_sapiens_chr1.trna76-GlyTCC:tRNA	2.0	8.0	0.1969111969111969	1499.8125234345707	0.9081927271245268	1:hsa;Homo_sapiens_chr1.trna76-GlyTCC:tRNA,161469757,161469828,-	36.91623489148798	0.022354164615516828
Homo_sapiens_chr1.trna79-GlyTCC:tRNA	2.0	8.0	0.1969111969111969	1499.8125234345707	0.9081927271245268	1:hsa;Homo_sapiens_chr1.trna79-GlyTCC:tRNA,161462376,161462447,-	36.91623489148798	0.022354164615516828
Homo_sapiens_chr1.trna76-GlyTCC:tRNA	2.0	8.0	0.1969111969111969	1499.8125234345707	0.9081927271245268	1:hsa;Homo_sapiens_chr1.trna76-GlyTCC:tRNA,161447585,161447656,-	36.91623489148798	0.022354164615516828
Homo_sapiens_chr1.trna79-GlyTCC:tRNA	2.0	8.0	0.1969111969111969	1499.8125234345707	0.9081927271245268	1:hsa;Homo_sapiens_chr1.trna79-GlyTCC:tRNA,161454966,161455037,-	36.91623489148798	0.022354164615516828
Homo_sapiens_chr1.trna117-GlyTCC:tRNA	2.0	8.0	0.1969111969111969	1499.8125234345707	0.9081927271245268	1:hsa;Homo_sapiens_chr1.trna117-GlyTCC:tRNA,161462376,161462447,-	36.91623489148798	0.022354164615516828
Homo_sapiens_chr1.trna70-GlyTCC:tRNA	2.0	8.0	0.1969111969111969	1499.8125234345707	0.9081927271245268	1:hsa;Homo_sapiens_chr1.trna70-GlyTCC:tRNA,161531113,161531184,+	36.91623489148798	0.022354164615516828
Homo_sapiens_chr1.trna117-GlyTCC:tRNA	2.0	8.0	0.1969111969111969	1499.8125234345707	0.9081927271245268	1:hsa;Homo_sapiens_chr1.trna117-GlyTCC:tRNA,161469757,161469828,-	36.91623489148798	0.022354164615516828
Homo_sapiens_chr1.trna79-GlyTCC:tRNA	2.0	8.0	0.1969111969111969	1499.8125234345707	0.9081927271245268	1:hsa;Homo_sapiens_chr1.trna79-GlyTCC:tRNA,161531113,161531184,+	36.91623489148798	0.022354164615516828
Homo_sapiens_chr1.trna45-GlyTCC:tRNA	2.0	8.0	0.1969111969111969	1499.8125234345707	0.9081927271245268	1:hsa;Homo_sapiens_chr1.trna45-GlyTCC:tRNA,161454966,161455037,-	36.91623489148798	0.022354164615516828
Homo_sapiens_chr1.trna45-GlyTCC:tRNA	2.0	8.0	0.1969111969111969	1499.8125234345707	0.9081927271245268	1:hsa;Homo_sapiens_chr1.trna45-GlyTCC:tRNA,161462376,161462447,-	36.91623489148798	0.022354164615516828
Homo_sapiens_chr1.trna73-GlyTCC:tRNA	2.0	8.0	0.1969111969111969	1499.8125234345707	0.9081927271245268	1:hsa;Homo_sapiens_chr1.trna73-GlyTCC:tRNA,161469757,161469828,-	36.91623489148798	0.022354164615516828
Homo_sapiens_chr2.trna27-GlyCCC:tRNA	1.0	6.0	0.14285714285714285	1124.859392575928	0.6811445453433951	16:hsa;Homo_sapiens_chr2.trna27-GlyCCC:tRNA,636736,636806,-	26.782366489903044	0.016217727270080834
Homo_sapiens_chr19.trna2-GlyTCC:tRNA	1.0	6.0	0.14285714285714285	1124.859392575928	0.6811445453433951	19:hsa;Homo_sapiens_chr19.trna2-GlyTCC:tRNA,4724070,4724141,+	26.782366489903044	0.016217727270080834
Homo_sapiens_chr17.trna10-GlyTCC:tRNA	1.0	6.0	0.14285714285714285	1124.859392575928	0.6811445453433951	17:hsa;Homo_sapiens_chr17.trna10-GlyTCC:tRNA,8221548,8221619,+	26.782366489903044	0.016217727270080834
Homo_sapiens_chr16.trna34-GlyCCC:tRNA	1.0	6.0	0.14285714285714285	1124.859392575928	0.6811445453433951	16:hsa;Homo_sapiens_chr16.trna34-GlyCCC:tRNA,636736,636806,-	26.782366489903044	0.016217727270080834
Homo_sapiens_chr2.trna27-GlyCCC:tRNA	1.0	6.0	0.14285714285714285	1124.859392575928	0.6811445453433951	2:hsa;Homo_sapiens_chr2.trna27-GlyCCC:tRNA,70248991,70249061,-	26.782366489903044	0.016217727270080834
Homo_sapiens_chr16.trna34-GlyCCC:tRNA	1.0	6.0	0.14285714285714285	1124.859392575928	0.6811445453433951	2:hsa;Homo_sapiens_chr16.trna34-GlyCCC:tRNA,70248991,70249061,-	26.782366489903044	0.016217727270080834
Homo_sapiens_chr1.trna62-LysTTT:tRNA	2.0	2.0	0.06350806451612903	374.9531308586427	0.2270481817811317	6:hsa;Homo_sapiens_chr1.trna62-LysTTT:tRNA,28951029,28951101,+	11.906273812547624	0.007209695288412952
Homo_sapiens_chr7.trna5-CysGCA:tRNA	1.0	2.0	0.10526315789473684	374.9531308586427	0.2270481817811317	7:hsa;Homo_sapiens_chr7.trna5-CysGCA:tRNA,149310190,149310261,+	19.734375308349613	0.011949904304270089
Homo_sapiens_chr1.trna55-LysTTT:tRNA	2.0	2.0	0.06350806451612903	374.9531308586427	0.2270481817811317	1:hsa;Homo_sapiens_chr1.trna55-LysTTT:tRNA,205474143,205474215,+	11.906273812547624	0.007209695288412952
Homo_sapiens_chr3.trna7-CysGCA:tRNA	1.0	2.0	0.10526315789473684	374.9531308586427	0.2270481817811317	3:hsa;Homo_sapiens_chr3.trna7-CysGCA:tRNA,132229100,132229171,-	19.734375308349613	0.011949904304270089
Homo_sapiens_chr17.trna2-LysTTT:tRNA	2.0	2.0	0.06350806451612903	374.9531308586427	0.2270481817811317	17:hsa;Homo_sapiens_chr17.trna2-LysTTT:tRNA,8119155,8119227,+	11.906273812547624	0.007209695288412952
Homo_sapiens_chr17.trna2-LysTTT:tRNA	2.0	2.0	0.06350806451612903	374.9531308586427	0.2270481817811317	6:hsa;Homo_sapiens_chr17.trna2-LysTTT:tRNA,28951029,28951101,+	11.906273812547624	0.007209695288412952
Homo_sapiens_chr17.trna2-LysTTT:tRNA	2.0	2.0	0.06350806451612903	374.9531308586427	0.2270481817811317	1:hsa;Homo_sapiens_chr17.trna2-LysTTT:tRNA,204506527,204506599,+	11.906273812547624	0.007209695288412952
Homo_sapiens_chr11.trna14-LysTTT:tRNA	2.0	2.0	0.06350806451612903	374.9531308586427	0.2270481817811317	17:hsa;Homo_sapiens_chr11.trna14-LysTTT:tRNA,8119155,8119227,+	11.906273812547624	0.007209695288412952
Homo_sapiens_chr6.trna117-AlaCGC:tRNA	1.0	2.0	1.0	374.9531308586427	0.2270481817811317	6:hsa;Homo_sapiens_chr6.trna117-AlaCGC:tRNA,28695932,28696003,-	187.47656542932134	0.11352409089056585
Homo_sapiens_chr17.trna2-LysTTT:tRNA	2.0	2.0	0.06350806451612903	374.9531308586427	0.2270481817811317	1:hsa;Homo_sapiens_chr17.trna2-LysTTT:tRNA,204507030,204507102,-	11.906273812547624	0.007209695288412952
Homo_sapiens_chr11.trna11-LysTTT:tRNA	2.0	2.0	0.06350806451612903	374.9531308586427	0.2270481817811317	11:hsa;Homo_sapiens_chr11.trna11-LysTTT:tRNA,122559947,122560019,+	11.906273812547624	0.007209695288412952
Homo_sapiens_chr1.trna62-LysTTT:tRNA	2.0	2.0	0.06350806451612903	374.9531308586427	0.2270481817811317	1:hsa;Homo_sapiens_chr1.trna62-LysTTT:tRNA,204507030,204507102,-	11.906273812547624	0.007209695288412952
Homo_sapiens_chr6.trna143-LysTTT:tRNA	2.0	2.0	0.06350806451612903	374.9531308586427	0.2270481817811317	6:hsa;Homo_sapiens_chr6.trna143-LysTTT:tRNA,27591814,27591886,-	11.906273812547624	0.007209695288412952
Homo_sapiens_chr11.trna14-LysTTT:tRNA	2.0	2.0	0.06350806451612903	374.9531308586427	0.2270481817811317	1:hsa;Homo_sapiens_chr11.trna14-LysTTT:tRNA,204506527,204506599,+	11.906273812547624	0.007209695288412952
Homo_sapiens_chr1.trna87-AlaAGC:tRNA	1.0	2.0	1.0	374.9531308586427	0.2270481817811317	1:hsa;Homo_sapiens_chr1.trna87-AlaAGC:tRNA,150045406,150045476,-	187.47656542932134	0.11352409089056585
Homo_sapiens_chr6.trna76-LysTTT:tRNA	2.0	2.0	0.06350806451612903	374.9531308586427	0.2270481817811317	6:hsa;Homo_sapiens_chr6.trna76-LysTTT:tRNA,28951029,28951101,+	11.906273812547624	0.007209695288412952
Homo_sapiens_chr17.trna2-LysTTT:tRNA	2.0	2.0	0.06350806451612903	374.9531308586427	0.2270481817811317	11:hsa;Homo_sapiens_chr17.trna2-LysTTT:tRNA,59560335,59560407,-	11.906273812547624	0.007209695288412952
Homo_sapiens_chr1.trna54-LysTTT:tRNA	2.0	2.0	0.06350806451612903	374.9531308586427	0.2270481817811317	11:hsa;Homo_sapiens_chr1.trna54-LysTTT:tRNA,59560335,59560407,-	11.906273812547624	0.007209695288412952
Homo_sapiens_chr1.trna82-GlyTCC:tRNA	1.0	2.0	0.05405405405405406	374.9531308586427	0.2270481817811317	1:hsa;Homo_sapiens_chr1.trna82-GlyTCC:tRNA,161440171,161440242,-	10.133868401584937	0.006136437345435992
Homo_sapiens_chr1.trna54-LysTTT:tRNA	2.0	2.0	0.06350806451612903	374.9531308586427	0.2270481817811317	1:hsa;Homo_sapiens_chr1.trna54-LysTTT:tRNA,204506527,204506599,+	11.906273812547624	0.007209695288412952
Homo_sapiens_chr16.trna23-LysTTT:tRNA	2.0	2.0	0.06350806451612903	374.9531308586427	0.2270481817811317	16:hsa;Homo_sapiens_chr16.trna23-LysTTT:tRNA,73478317,73478389,-	11.906273812547624	0.007209695288412952
Homo_sapiens_chr6.trna115-ValAAC:tRNA	1.0	2.0	2.0	374.9531308586427	0.2270481817811317	6:hsa;Homo_sapiens_chr6.trna115-ValAAC:tRNA,28735429,28735500,-	374.9531308586427	0.2270481817811317
Homo_sapiens_chr6.trna76-LysTTT:tRNA	2.0	2.0	0.06350806451612903	374.9531308586427	0.2270481817811317	11:hsa;Homo_sapiens_chr6.trna76-LysTTT:tRNA,59560335,59560407,-	11.906273812547624	0.007209695288412952
Homo_sapiens_chr1.trna62-LysTTT:tRNA	2.0	2.0	0.06350806451612903	374.9531308586427	0.2270481817811317	11:hsa;Homo_sapiens_chr1.trna62-LysTTT:tRNA,59560335,59560407,-	11.906273812547624	0.007209695288412952
Homo_sapiens_chr1.trna62-LysTTT:tRNA	2.0	2.0	0.06350806451612903	374.9531308586427	0.2270481817811317	1:hsa;Homo_sapiens_chr1.trna62-LysTTT:tRNA,204506527,204506599,+	11.906273812547624	0.007209695288412952
Homo_sapiens_chr11.trna14-LysTTT:tRNA	2.0	2.0	0.06350806451612903	374.9531308586427	0.2270481817811317	6:hsa;Homo_sapiens_chr11.trna14-LysTTT:tRNA,28951029,28951101,+	11.906273812547624	0.007209695288412952
Homo_sapiens_chr1.trna54-LysTTT:tRNA	2.0	2.0	0.06350806451612903	374.9531308586427	0.2270481817811317	17:hsa;Homo_sapiens_chr1.trna54-LysTTT:tRNA,8119155,8119227,+	11.906273812547624	0.007209695288412952
Homo_sapiens_chr6.trna76-LysTTT:tRNA	2.0	2.0	0.06350806451612903	374.9531308586427	0.2270481817811317	1:hsa;Homo_sapiens_chr6.trna76-LysTTT:tRNA,204507030,204507102,-	11.906273812547624	0.007209695288412952
Homo_sapiens_chr11.trna14-LysTTT:tRNA	2.0	2.0	0.06350806451612903	374.9531308586427	0.2270481817811317	1:hsa;Homo_sapiens_chr11.trna14-LysTTT:tRNA,204507030,204507102,-	11.906273812547624	0.007209695288412952
Homo_sapiens_chr1.trna54-LysTTT:tRNA	2.0	2.0	0.06350806451612903	374.9531308586427	0.2270481817811317	6:hsa;Homo_sapiens_chr1.trna54-LysTTT:tRNA,28951029,28951101,+	11.906273812547624	0.007209695288412952
Homo_sapiens_chr1.trna62-LysTTT:tRNA	2.0	2.0	0.06350806451612903	374.9531308586427	0.2270481817811317	17:hsa;Homo_sapiens_chr1.trna62-LysTTT:tRNA,8119155,8119227,+	11.906273812547624	0.007209695288412952
Homo_sapiens_chr11.trna14-LysTTT:tRNA	2.0	2.0	0.06350806451612903	374.9531308586427	0.2270481817811317	11:hsa;Homo_sapiens_chr11.trna14-LysTTT:tRNA,59560335,59560407,-	11.906273812547624	0.007209695288412952
Homo_sapiens_chr1.trna54-LysTTT:tRNA	2.0	2.0	0.06350806451612903	374.9531308586427	0.2270481817811317	1:hsa;Homo_sapiens_chr1.trna54-LysTTT:tRNA,204507030,204507102,-	11.906273812547624	0.007209695288412952
Homo_sapiens_chr6.trna76-LysTTT:tRNA	2.0	2.0	0.06350806451612903	374.9531308586427	0.2270481817811317	17:hsa;Homo_sapiens_chr6.trna76-LysTTT:tRNA,8119155,8119227,+	11.906273812547624	0.007209695288412952
Homo_sapiens_chr6.trna76-LysTTT:tRNA	2.0	2.0	0.06350806451612903	374.9531308586427	0.2270481817811317	1:hsa;Homo_sapiens_chr6.trna76-LysTTT:tRNA,204506527,204506599,+	11.906273812547624	0.007209695288412952
Homo_sapiens_chr1.trna118-HisGTG:tRNA	1.0	1.0	0.012345679012345678	187.47656542932134	0.11352409089056585	15:hsa;Homo_sapiens_chr1.trna118-HisGTG:tRNA,45198606,45198677,-	2.3145254991274236	0.001401531986303282
Homo_sapiens_chr9.trna7-HisGTG:tRNA	1.0	1.0	0.012345679012345678	187.47656542932134	0.11352409089056585	9:hsa;Homo_sapiens_chr9.trna7-HisGTG:tRNA,14433940,14434011,-	2.3145254991274236	0.001401531986303282
Homo_sapiens_chr15.trna1-HisGTG:tRNA	1.0	1.0	0.012345679012345678	187.47656542932134	0.11352409089056585	9:hsa;Homo_sapiens_chr15.trna1-HisGTG:tRNA,14433940,14434011,-	2.3145254991274236	0.001401531986303282
Homo_sapiens_chr12.trna1-LysTTT:tRNA	1.0	1.0	0.03125	187.47656542932134	0.11352409089056585	12:hsa;Homo_sapiens_chr12.trna1-LysTTT:tRNA,27690373,27690445,+	5.858642669666292	0.003547627840330183
Homo_sapiens_chr9.trna7-HisGTG:tRNA	1.0	1.0	0.012345679012345678	187.47656542932134	0.11352409089056585	15:hsa;Homo_sapiens_chr9.trna7-HisGTG:tRNA,45198606,45198677,-	2.3145254991274236	0.001401531986303282
Homo_sapiens_chr15.trna8-HisGTG:tRNA	1.0	1.0	0.012345679012345678	187.47656542932134	0.11352409089056585	1:hsa;Homo_sapiens_chr15.trna8-HisGTG:tRNA,148302734,148302805,-	2.3145254991274236	0.001401531986303282
Homo_sapiens_chr8.trna6-AlaAGC:tRNA	1.0	1.0	0.25	187.47656542932134	0.11352409089056585	2:hsa;Homo_sapiens_chr8.trna6-AlaAGC:tRNA,27051214,27051286,+	46.869141357330335	0.028381022722641463
Homo_sapiens_chr1.trna21-HisGTG:tRNA	1.0	1.0	0.012345679012345678	187.47656542932134	0.11352409089056585	6:hsa;Homo_sapiens_chr1.trna21-HisGTG:tRNA,27158127,27158198,+	2.3145254991274236	0.001401531986303282
Homo_sapiens_chr1.trna8-LysCTT:tRNA	1.0	1.0	1.0	187.47656542932134	0.11352409089056585	1:hsa;Homo_sapiens_chr1.trna8-LysCTT:tRNA,39504523,39504595,+	187.47656542932134	0.11352409089056585
Homo_sapiens_chr6.trna33-HisGTG:tRNA	1.0	1.0	0.012345679012345678	187.47656542932134	0.11352409089056585	1:hsa;Homo_sapiens_chr6.trna33-HisGTG:tRNA,147073225,147073296,+	2.3145254991274236	0.001401531986303282
Homo_sapiens_chr15.trna9-HisGTG:tRNA	1.0	1.0	0.012345679012345678	187.47656542932134	0.11352409089056585	1:hsa;Homo_sapiens_chr15.trna9-HisGTG:tRNA,148281365,148281436,+	2.3145254991274236	0.001401531986303282
Homo_sapiens_chr9.trna7-HisGTG:tRNA	1.0	1.0	0.012345679012345678	187.47656542932134	0.11352409089056585	1:hsa;Homo_sapiens_chr9.trna7-HisGTG:tRNA,148302734,148302805,-	2.3145254991274236	0.001401531986303282
Homo_sapiens_chr1.trna118-HisGTG:tRNA	1.0	1.0	0.012345679012345678	187.47656542932134	0.11352409089056585	9:hsa;Homo_sapiens_chr1.trna118-HisGTG:tRNA,14433940,14434011,-	2.3145254991274236	0.001401531986303282
Homo_sapiens_chr1.trna111-HisGTG:tRNA	1.0	1.0	0.012345679012345678	187.47656542932134	0.11352409089056585	9:hsa;Homo_sapiens_chr1.trna111-HisGTG:tRNA,14433940,14434011,-	2.3145254991274236	0.001401531986303282
Homo_sapiens_chr2.trna3-AlaAGC:tRNA	1.0	1.0	0.25	187.47656542932134	0.11352409089056585	8:hsa;Homo_sapiens_chr2.trna3-AlaAGC:tRNA,66114189,66114261,+	46.869141357330335	0.028381022722641463
Homo_sapiens_chr1.trna118-HisGTG:tRNA	1.0	1.0	0.012345679012345678	187.47656542932134	0.11352409089056585	1:hsa;Homo_sapiens_chr1.trna118-HisGTG:tRNA,148302734,148302805,-	2.3145254991274236	0.001401531986303282
Homo_sapiens_chr1.trna118-HisGTG:tRNA	1.0	1.0	0.012345679012345678	187.47656542932134	0.11352409089056585	1:hsa;Homo_sapiens_chr1.trna118-HisGTG:tRNA,146038044,146038115,+	2.3145254991274236	0.001401531986303282
Homo_sapiens_chr1.trna16-HisGTG:tRNA	1.0	1.0	0.012345679012345678	187.47656542932134	0.11352409089056585	1:hsa;Homo_sapiens_chr1.trna16-HisGTG:tRNA,148281365,148281436,+	2.3145254991274236	0.001401531986303282
Homo_sapiens_chr15.trna9-HisGTG:tRNA	1.0	1.0	0.012345679012345678	187.47656542932134	0.11352409089056585	15:hsa;Homo_sapiens_chr15.trna9-HisGTG:tRNA,45201151,45201222,+	2.3145254991274236	0.001401531986303282
Homo_sapiens_chr12.trna6-TrpCCA:tRNA	1.0	1.0	1.0	187.47656542932134	0.11352409089056585	12:hsa;Homo_sapiens_chr12.trna6-TrpCCA:tRNA,98504252,98504323,+	187.47656542932134	0.11352409089056585
Homo_sapiens_chr1.trna111-HisGTG:tRNA	1.0	1.0	0.012345679012345678	187.47656542932134	0.11352409089056585	15:hsa;Homo_sapiens_chr1.trna111-HisGTG:tRNA,45198606,45198677,-	2.3145254991274236	0.001401531986303282
Homo_sapiens_chr1.trna21-HisGTG:tRNA	1.0	1.0	0.012345679012345678	187.47656542932134	0.11352409089056585	1:hsa;Homo_sapiens_chr1.trna21-HisGTG:tRNA,147073225,147073296,+	2.3145254991274236	0.001401531986303282
Homo_sapiens_chr15.trna8-HisGTG:tRNA	1.0	1.0	0.012345679012345678	187.47656542932134	0.11352409089056585	6:hsa;Homo_sapiens_chr15.trna8-HisGTG:tRNA,27158127,27158198,+	2.3145254991274236	0.001401531986303282
Homo_sapiens_chr6.trna33-HisGTG:tRNA	1.0	1.0	0.012345679012345678	187.47656542932134	0.11352409089056585	6:hsa;Homo_sapiens_chr6.trna33-HisGTG:tRNA,27158127,27158198,+	2.3145254991274236	0.001401531986303282
Homo_sapiens_chr1.trna118-HisGTG:tRNA	1.0	1.0	0.012345679012345678	187.47656542932134	0.11352409089056585	15:hsa;Homo_sapiens_chr1.trna118-HisGTG:tRNA,45200413,45200484,-	2.3145254991274236	0.001401531986303282
Homo_sapiens_chr15.trna9-HisGTG:tRNA	1.0	1.0	0.012345679012345678	187.47656542932134	0.11352409089056585	1:hsa;Homo_sapiens_chr15.trna9-HisGTG:tRNA,146038044,146038115,+	2.3145254991274236	0.001401531986303282
Homo_sapiens_chr1.trna111-HisGTG:tRNA	1.0	1.0	0.012345679012345678	187.47656542932134	0.11352409089056585	15:hsa;Homo_sapiens_chr1.trna111-HisGTG:tRNA,45200413,45200484,-	2.3145254991274236	0.001401531986303282
Homo_sapiens_chr15.trna1-HisGTG:tRNA	1.0	1.0	0.012345679012345678	187.47656542932134	0.11352409089056585	15:hsa;Homo_sapiens_chr15.trna1-HisGTG:tRNA,45198606,45198677,-	2.3145254991274236	0.001401531986303282
Homo_sapiens_chr15.trna9-HisGTG:tRNA	1.0	1.0	0.012345679012345678	187.47656542932134	0.11352409089056585	15:hsa;Homo_sapiens_chr15.trna9-HisGTG:tRNA,45200413,45200484,-	2.3145254991274236	0.001401531986303282
Homo_sapiens_chr1.trna21-HisGTG:tRNA	1.0	1.0	0.012345679012345678	187.47656542932134	0.11352409089056585	15:hsa;Homo_sapiens_chr1.trna21-HisGTG:tRNA,45198606,45198677,-	2.3145254991274236	0.001401531986303282
Homo_sapiens_chr15.trna1-HisGTG:tRNA	1.0	1.0	0.012345679012345678	187.47656542932134	0.11352409089056585	1:hsa;Homo_sapiens_chr15.trna1-HisGTG:tRNA,148281365,148281436,+	2.3145254991274236	0.001401531986303282
Homo_sapiens_chr1.trna21-HisGTG:tRNA	1.0	1.0	0.012345679012345678	187.47656542932134	0.11352409089056585	1:hsa;Homo_sapiens_chr1.trna21-HisGTG:tRNA,148302734,148302805,-	2.3145254991274236	0.001401531986303282
Homo_sapiens_chr15.trna9-HisGTG:tRNA	1.0	1.0	0.012345679012345678	187.47656542932134	0.11352409089056585	6:hsa;Homo_sapiens_chr15.trna9-HisGTG:tRNA,27158127,27158198,+	2.3145254991274236	0.001401531986303282
Homo_sapiens_chr1.trna16-HisGTG:tRNA	1.0	1.0	0.012345679012345678	187.47656542932134	0.11352409089056585	6:hsa;Homo_sapiens_chr1.trna16-HisGTG:tRNA,27158127,27158198,+	2.3145254991274236	0.001401531986303282
Homo_sapiens_chr1.trna21-HisGTG:tRNA	1.0	1.0	0.012345679012345678	187.47656542932134	0.11352409089056585	15:hsa;Homo_sapiens_chr1.trna21-HisGTG:tRNA,45201151,45201222,+	2.3145254991274236	0.001401531986303282
Homo_sapiens_chr1.trna111-HisGTG:tRNA	1.0	1.0	0.012345679012345678	187.47656542932134	0.11352409089056585	1:hsa;Homo_sapiens_chr1.trna111-HisGTG:tRNA,147073225,147073296,+	2.3145254991274236	0.001401531986303282
Homo_sapiens_chr15.trna8-HisGTG:tRNA	1.0	1.0	0.012345679012345678	187.47656542932134	0.11352409089056585	1:hsa;Homo_sapiens_chr15.trna8-HisGTG:tRNA,147073225,147073296,+	2.3145254991274236	0.001401531986303282
Homo_sapiens_chr1.trna118-HisGTG:tRNA	1.0	1.0	0.012345679012345678	187.47656542932134	0.11352409089056585	6:hsa;Homo_sapiens_chr1.trna118-HisGTG:tRNA,27158127,27158198,+	2.3145254991274236	0.001401531986303282
Homo_sapiens_chr1.trna21-HisGTG:tRNA	1.0	1.0	0.012345679012345678	187.47656542932134	0.11352409089056585	15:hsa;Homo_sapiens_chr1.trna21-HisGTG:tRNA,45200413,45200484,-	2.3145254991274236	0.001401531986303282
Homo_sapiens_chr1.trna16-HisGTG:tRNA	1.0	1.0	0.012345679012345678	187.47656542932134	0.11352409089056585	15:hsa;Homo_sapiens_chr1.trna16-HisGTG:tRNA,45198606,45198677,-	2.3145254991274236	0.001401531986303282
Homo_sapiens_chr6.trna33-HisGTG:tRNA	1.0	1.0	0.012345679012345678	187.47656542932134	0.11352409089056585	1:hsa;Homo_sapiens_chr6.trna33-HisGTG:tRNA,148302734,148302805,-	2.3145254991274236	0.001401531986303282
Homo_sapiens_chr8.trna6-AlaAGC:tRNA	1.0	1.0	0.25	187.47656542932134	0.11352409089056585	8:hsa;Homo_sapiens_chr8.trna6-AlaAGC:tRNA,66114189,66114261,+	46.869141357330335	0.028381022722641463
Homo_sapiens_chr9.trna7-HisGTG:tRNA	1.0	1.0	0.012345679012345678	187.47656542932134	0.11352409089056585	15:hsa;Homo_sapiens_chr9.trna7-HisGTG:tRNA,45200413,45200484,-	2.3145254991274236	0.001401531986303282
Homo_sapiens_chr15.trna9-HisGTG:tRNA	1.0	1.0	0.012345679012345678	187.47656542932134	0.11352409089056585	9:hsa;Homo_sapiens_chr15.trna9-HisGTG:tRNA,14433940,14434011,-	2.3145254991274236	0.001401531986303282
Homo_sapiens_chr1.trna111-HisGTG:tRNA	1.0	1.0	0.012345679012345678	187.47656542932134	0.11352409089056585	6:hsa;Homo_sapiens_chr1.trna111-HisGTG:tRNA,27158127,27158198,+	2.3145254991274236	0.001401531986303282
Homo_sapiens_chr1.trna16-HisGTG:tRNA	1.0	1.0	0.012345679012345678	187.47656542932134	0.11352409089056585	1:hsa;Homo_sapiens_chr1.trna16-HisGTG:tRNA,146038044,146038115,+	2.3145254991274236	0.001401531986303282
Homo_sapiens_chr15.trna1-HisGTG:tRNA	1.0	1.0	0.012345679012345678	187.47656542932134	0.11352409089056585	1:hsa;Homo_sapiens_chr15.trna1-HisGTG:tRNA,148302734,148302805,-	2.3145254991274236	0.001401531986303282
Homo_sapiens_chr15.trna9-HisGTG:tRNA	1.0	1.0	0.012345679012345678	187.47656542932134	0.11352409089056585	15:hsa;Homo_sapiens_chr15.trna9-HisGTG:tRNA,45198606,45198677,-	2.3145254991274236	0.001401531986303282
Homo_sapiens_chr1.trna16-HisGTG:tRNA	1.0	1.0	0.012345679012345678	187.47656542932134	0.11352409089056585	15:hsa;Homo_sapiens_chr1.trna16-HisGTG:tRNA,45200413,45200484,-	2.3145254991274236	0.001401531986303282
Homo_sapiens_chr2.trna3-AlaAGC:tRNA	1.0	1.0	0.25	187.47656542932134	0.11352409089056585	2:hsa;Homo_sapiens_chr2.trna3-AlaAGC:tRNA,27051214,27051286,+	46.869141357330335	0.028381022722641463
Homo_sapiens_chr1.trna111-HisGTG:tRNA	1.0	1.0	0.012345679012345678	187.47656542932134	0.11352409089056585	1:hsa;Homo_sapiens_chr1.trna111-HisGTG:tRNA,148302734,148302805,-	2.3145254991274236	0.001401531986303282
Homo_sapiens_chr1.trna111-HisGTG:tRNA	1.0	1.0	0.012345679012345678	187.47656542932134	0.11352409089056585	1:hsa;Homo_sapiens_chr1.trna111-HisGTG:tRNA,146038044,146038115,+	2.3145254991274236	0.001401531986303282
Homo_sapiens_chr15.trna9-HisGTG:tRNA	1.0	1.0	0.012345679012345678	187.47656542932134	0.11352409089056585	1:hsa;Homo_sapiens_chr15.trna9-HisGTG:tRNA,148302734,148302805,-	2.3145254991274236	0.001401531986303282
Homo_sapiens_chr1.trna16-HisGTG:tRNA	1.0	1.0	0.012345679012345678	187.47656542932134	0.11352409089056585	1:hsa;Homo_sapiens_chr1.trna16-HisGTG:tRNA,147073225,147073296,+	2.3145254991274236	0.001401531986303282
Homo_sapiens_chr9.trna7-HisGTG:tRNA	1.0	1.0	0.012345679012345678	187.47656542932134	0.11352409089056585	6:hsa;Homo_sapiens_chr9.trna7-HisGTG:tRNA,27158127,27158198,+	2.3145254991274236	0.001401531986303282
Homo_sapiens_chr15.trna8-HisGTG:tRNA	1.0	1.0	0.012345679012345678	187.47656542932134	0.11352409089056585	15:hsa;Homo_sapiens_chr15.trna8-HisGTG:tRNA,45200413,45200484,-	2.3145254991274236	0.001401531986303282
Homo_sapiens_chr6.trna33-HisGTG:tRNA	1.0	1.0	0.012345679012345678	187.47656542932134	0.11352409089056585	1:hsa;Homo_sapiens_chr6.trna33-HisGTG:tRNA,148281365,148281436,+	2.3145254991274236	0.001401531986303282
Homo_sapiens_chr1.trna21-HisGTG:tRNA	1.0	1.0	0.012345679012345678	187.47656542932134	0.11352409089056585	1:hsa;Homo_sapiens_chr1.trna21-HisGTG:tRNA,148281365,148281436,+	2.3145254991274236	0.001401531986303282
Homo_sapiens_chr15.trna8-HisGTG:tRNA	1.0	1.0	0.012345679012345678	187.47656542932134	0.11352409089056585	15:hsa;Homo_sapiens_chr15.trna8-HisGTG:tRNA,45198606,45198677,-	2.3145254991274236	0.001401531986303282
Homo_sapiens_chr1.trna16-HisGTG:tRNA	1.0	1.0	0.012345679012345678	187.47656542932134	0.11352409089056585	1:hsa;Homo_sapiens_chr1.trna16-HisGTG:tRNA,148302734,148302805,-	2.3145254991274236	0.001401531986303282
Homo_sapiens_chr17.trna1-Undet???:tRNA	1.0	1.0	1.0	187.47656542932134	0.11352409089056585	17:hsa;Homo_sapiens_chr17.trna1-Undet???:tRNA,7621139,7621207,+	187.47656542932134	0.11352409089056585
Homo_sapiens_chr1.trna118-HisGTG:tRNA	1.0	1.0	0.012345679012345678	187.47656542932134	0.11352409089056585	15:hsa;Homo_sapiens_chr1.trna118-HisGTG:tRNA,45201151,45201222,+	2.3145254991274236	0.001401531986303282
Homo_sapiens_chr1.trna16-HisGTG:tRNA	1.0	1.0	0.012345679012345678	187.47656542932134	0.11352409089056585	9:hsa;Homo_sapiens_chr1.trna16-HisGTG:tRNA,14433940,14434011,-	2.3145254991274236	0.001401531986303282
Homo_sapiens_chr1.trna91-GlyCCC:tRNA	1.0	1.0	1.0	187.47656542932134	0.11352409089056585	1:hsa;Homo_sapiens_chr1.trna91-GlyCCC:tRNA,121016845,121016915,-	187.47656542932134	0.11352409089056585
Homo_sapiens_chr6.trna33-HisGTG:tRNA	1.0	1.0	0.012345679012345678	187.47656542932134	0.11352409089056585	9:hsa;Homo_sapiens_chr6.trna33-HisGTG:tRNA,14433940,14434011,-	2.3145254991274236	0.001401531986303282
Homo_sapiens_chr1.trna118-HisGTG:tRNA	1.0	1.0	0.012345679012345678	187.47656542932134	0.11352409089056585	1:hsa;Homo_sapiens_chr1.trna118-HisGTG:tRNA,148281365,148281436,+	2.3145254991274236	0.001401531986303282
Homo_sapiens_chr1.trna21-HisGTG:tRNA	1.0	1.0	0.012345679012345678	187.47656542932134	0.11352409089056585	9:hsa;Homo_sapiens_chr1.trna21-HisGTG:tRNA,14433940,14434011,-	2.3145254991274236	0.001401531986303282
Homo_sapiens_chr6.trna33-HisGTG:tRNA	1.0	1.0	0.012345679012345678	187.47656542932134	0.11352409089056585	1:hsa;Homo_sapiens_chr6.trna33-HisGTG:tRNA,146038044,146038115,+	2.3145254991274236	0.001401531986303282
Homo_sapiens_chr1.trna111-HisGTG:tRNA	1.0	1.0	0.012345679012345678	187.47656542932134	0.11352409089056585	1:hsa;Homo_sapiens_chr1.trna111-HisGTG:tRNA,148281365,148281436,+	2.3145254991274236	0.001401531986303282
Homo_sapiens_chr15.trna1-HisGTG:tRNA	1.0	1.0	0.012345679012345678	187.47656542932134	0.11352409089056585	15:hsa;Homo_sapiens_chr15.trna1-HisGTG:tRNA,45201151,45201222,+	2.3145254991274236	0.001401531986303282
Homo_sapiens_chr1.trna111-HisGTG:tRNA	1.0	1.0	0.012345679012345678	187.47656542932134	0.11352409089056585	15:hsa;Homo_sapiens_chr1.trna111-HisGTG:tRNA,45201151,45201222,+	2.3145254991274236	0.001401531986303282
Homo_sapiens_chr15.trna1-HisGTG:tRNA	1.0	1.0	0.012345679012345678	187.47656542932134	0.11352409089056585	6:hsa;Homo_sapiens_chr15.trna1-HisGTG:tRNA,27158127,27158198,+	2.3145254991274236	0.001401531986303282
Homo_sapiens_chr15.trna1-HisGTG:tRNA	1.0	1.0	0.012345679012345678	187.47656542932134	0.11352409089056585	1:hsa;Homo_sapiens_chr15.trna1-HisGTG:tRNA,146038044,146038115,+	2.3145254991274236	0.001401531986303282
Homo_sapiens_chr15.trna8-HisGTG:tRNA	1.0	1.0	0.012345679012345678	187.47656542932134	0.11352409089056585	15:hsa;Homo_sapiens_chr15.trna8-HisGTG:tRNA,45201151,45201222,+	2.3145254991274236	0.001401531986303282
Homo_sapiens_chr9.trna7-HisGTG:tRNA	1.0	1.0	0.012345679012345678	187.47656542932134	0.11352409089056585	1:hsa;Homo_sapiens_chr9.trna7-HisGTG:tRNA,148281365,148281436,+	2.3145254991274236	0.001401531986303282
Homo_sapiens_chr15.trna1-HisGTG:tRNA	1.0	1.0	0.012345679012345678	187.47656542932134	0.11352409089056585	15:hsa;Homo_sapiens_chr15.trna1-HisGTG:tRNA,45200413,45200484,-	2.3145254991274236	0.001401531986303282
Homo_sapiens_chr9.trna7-HisGTG:tRNA	1.0	1.0	0.012345679012345678	187.47656542932134	0.11352409089056585	1:hsa;Homo_sapiens_chr9.trna7-HisGTG:tRNA,146038044,146038115,+	2.3145254991274236	0.001401531986303282
Homo_sapiens_chr1.trna21-HisGTG:tRNA	1.0	1.0	0.012345679012345678	187.47656542932134	0.11352409089056585	1:hsa;Homo_sapiens_chr1.trna21-HisGTG:tRNA,146038044,146038115,+	2.3145254991274236	0.001401531986303282
Homo_sapiens_chr15.trna1-HisGTG:tRNA	1.0	1.0	0.012345679012345678	187.47656542932134	0.11352409089056585	1:hsa;Homo_sapiens_chr15.trna1-HisGTG:tRNA,147073225,147073296,+	2.3145254991274236	0.001401531986303282
Homo_sapiens_chr6.trna33-HisGTG:tRNA	1.0	1.0	0.012345679012345678	187.47656542932134	0.11352409089056585	15:hsa;Homo_sapiens_chr6.trna33-HisGTG:tRNA,45200413,45200484,-	2.3145254991274236	0.001401531986303282
Homo_sapiens_chr15.trna8-HisGTG:tRNA	1.0	1.0	0.012345679012345678	187.47656542932134	0.11352409089056585	9:hsa;Homo_sapiens_chr15.trna8-HisGTG:tRNA,14433940,14434011,-	2.3145254991274236	0.001401531986303282
Homo_sapiens_chr6.trna33-HisGTG:tRNA	1.0	1.0	0.012345679012345678	187.47656542932134	0.11352409089056585	15:hsa;Homo_sapiens_chr6.trna33-HisGTG:tRNA,45198606,45198677,-	2.3145254991274236	0.001401531986303282
Homo_sapiens_chr9.trna7-HisGTG:tRNA	1.0	1.0	0.012345679012345678	187.47656542932134	0.11352409089056585	1:hsa;Homo_sapiens_chr9.trna7-HisGTG:tRNA,147073225,147073296,+	2.3145254991274236	0.001401531986303282
Homo_sapiens_chr15.trna8-HisGTG:tRNA	1.0	1.0	0.012345679012345678	187.47656542932134	0.11352409089056585	1:hsa;Homo_sapiens_chr15.trna8-HisGTG:tRNA,148281365,148281436,+	2.3145254991274236	0.001401531986303282
Homo_sapiens_chr1.trna16-HisGTG:tRNA	1.0	1.0	0.012345679012345678	187.47656542932134	0.11352409089056585	15:hsa;Homo_sapiens_chr1.trna16-HisGTG:tRNA,45201151,45201222,+	2.3145254991274236	0.001401531986303282
Homo_sapiens_chr15.trna8-HisGTG:tRNA	1.0	1.0	0.012345679012345678	187.47656542932134	0.11352409089056585	1:hsa;Homo_sapiens_chr15.trna8-HisGTG:tRNA,146038044,146038115,+	2.3145254991274236	0.001401531986303282
Homo_sapiens_chr15.trna9-HisGTG:tRNA	1.0	1.0	0.012345679012345678	187.47656542932134	0.11352409089056585	1:hsa;Homo_sapiens_chr15.trna9-HisGTG:tRNA,147073225,147073296,+	2.3145254991274236	0.001401531986303282
Homo_sapiens_chr9.trna7-HisGTG:tRNA	1.0	1.0	0.012345679012345678	187.47656542932134	0.11352409089056585	15:hsa;Homo_sapiens_chr9.trna7-HisGTG:tRNA,45201151,45201222,+	2.3145254991274236	0.001401531986303282
Homo_sapiens_chr6.trna33-HisGTG:tRNA	1.0	1.0	0.012345679012345678	187.47656542932134	0.11352409089056585	15:hsa;Homo_sapiens_chr6.trna33-HisGTG:tRNA,45201151,45201222,+	2.3145254991274236	0.001401531986303282
Homo_sapiens_chr1.trna118-HisGTG:tRNA	1.0	1.0	0.012345679012345678	187.47656542932134	0.11352409089056585	1:hsa;Homo_sapiens_chr1.trna118-HisGTG:tRNA,147073225,147073296,+	2.3145254991274236	0.001401531986303282
