name	unique reads 32150296_EXO_S34 32150296_EXO_S34	32150296_EXO_S34	32150296_EXO_S34 (mult. map. adj.)	32150296_EXO_S3432150296_EXO_S34(lib)	32150296_EXO_S3432150296_EXO_S34(total)	coordinateString 32150296_EXO_S34 32150296_EXO_S34	32150296_EXO_S34 (lib)	32150296_EXO_S34 (total)
Homo_sapiens_chr10.trna4-AsnGTT:tRNA	9.0	260.0	4.966618287373006	132653.0612244898	106.97044077581546	19:hsa;Homo_sapiens_chr10.trna4-AsnGTT:tRNA,1383563,1383636,+	2533.9889221290846	2.0433897975596773
Homo_sapiens_chr10.trna4-AsnGTT:tRNA	9.0	260.0	4.966618287373004	132653.0612244898	106.97044077581546	10:hsa;Homo_sapiens_chr10.trna4-AsnGTT:tRNA,22229509,22229582,-	2533.9889221290837	2.043389797559677
Homo_sapiens_chr1.trna25-AsnGTT:tRNA	9.0	260.0	4.966618287373004	132653.0612244898	106.97044077581546	1:hsa;Homo_sapiens_chr1.trna25-AsnGTT:tRNA,120844262,120844335,-	2533.9889221290837	2.043389797559677
Homo_sapiens_chr19.trna1-AsnGTT:tRNA	9.0	260.0	4.966618287373006	132653.0612244898	106.97044077581546	1:hsa;Homo_sapiens_chr19.trna1-AsnGTT:tRNA,145287766,145287839,+	2533.9889221290846	2.0433897975596773
Homo_sapiens_chr10.trna4-AsnGTT:tRNA	9.0	260.0	4.966618287373006	132653.0612244898	106.97044077581546	1:hsa;Homo_sapiens_chr10.trna4-AsnGTT:tRNA,148529257,148529330,+	2533.9889221290846	2.0433897975596773
Homo_sapiens_chr10.trna4-AsnGTT:tRNA	9.0	260.0	4.966618287373004	132653.0612244898	106.97044077581546	13:hsa;Homo_sapiens_chr10.trna4-AsnGTT:tRNA,30673964,30674037,-	2533.9889221290837	2.043389797559677
Homo_sapiens_chr10.trna4-AsnGTT:tRNA	9.0	260.0	4.966618287373004	132653.0612244898	106.97044077581546	1:hsa;Homo_sapiens_chr10.trna4-AsnGTT:tRNA,144567515,144567588,-	2533.9889221290837	2.043389797559677
Homo_sapiens_chr1.trna26-AsnGTT:tRNA	9.0	260.0	4.966618287373004	132653.0612244898	106.97044077581546	1:hsa;Homo_sapiens_chr1.trna26-AsnGTT:tRNA,144567515,144567588,-	2533.9889221290837	2.043389797559677
Homo_sapiens_chr17.trna31-AsnGTT:tRNA	9.0	260.0	4.966618287373004	132653.0612244898	106.97044077581546	10:hsa;Homo_sapiens_chr17.trna31-AsnGTT:tRNA,22229509,22229582,-	2533.9889221290837	2.043389797559677
Homo_sapiens_chr19.trna1-AsnGTT:tRNA	9.0	260.0	4.966618287373004	132653.0612244898	106.97044077581546	17:hsa;Homo_sapiens_chr19.trna1-AsnGTT:tRNA,38751781,38751854,-	2533.9889221290837	2.043389797559677
Homo_sapiens_chr13.trna7-AsnGTT:tRNA	9.0	260.0	4.966618287373004	132653.0612244898	106.97044077581546	1:hsa;Homo_sapiens_chr13.trna7-AsnGTT:tRNA,161428077,161428150,-	2533.9889221290837	2.043389797559677
Homo_sapiens_chr17.trna31-AsnGTT:tRNA	9.0	260.0	4.966618287373004	132653.0612244898	106.97044077581546	1:hsa;Homo_sapiens_chr17.trna31-AsnGTT:tRNA,161428077,161428150,-	2533.9889221290837	2.043389797559677
Homo_sapiens_chr13.trna7-AsnGTT:tRNA	9.0	260.0	4.966618287373004	132653.0612244898	106.97044077581546	1:hsa;Homo_sapiens_chr13.trna7-AsnGTT:tRNA,144567515,144567588,-	2533.9889221290837	2.043389797559677
Homo_sapiens_chr17.trna31-AsnGTT:tRNA	9.0	260.0	4.966618287373004	132653.0612244898	106.97044077581546	17:hsa;Homo_sapiens_chr17.trna31-AsnGTT:tRNA,38751781,38751854,-	2533.9889221290837	2.043389797559677
Homo_sapiens_chr1.trna26-AsnGTT:tRNA	9.0	260.0	4.966618287373006	132653.0612244898	106.97044077581546	1:hsa;Homo_sapiens_chr1.trna26-AsnGTT:tRNA,148529257,148529330,+	2533.9889221290846	2.0433897975596773
Homo_sapiens_chr13.trna7-AsnGTT:tRNA	9.0	260.0	4.966618287373004	132653.0612244898	106.97044077581546	13:hsa;Homo_sapiens_chr13.trna7-AsnGTT:tRNA,30673964,30674037,-	2533.9889221290837	2.043389797559677
Homo_sapiens_chr17.trna31-AsnGTT:tRNA	9.0	260.0	4.966618287373006	132653.0612244898	106.97044077581546	19:hsa;Homo_sapiens_chr17.trna31-AsnGTT:tRNA,1383563,1383636,+	2533.9889221290846	2.0433897975596773
Homo_sapiens_chr13.trna7-AsnGTT:tRNA	9.0	260.0	4.966618287373006	132653.0612244898	106.97044077581546	19:hsa;Homo_sapiens_chr13.trna7-AsnGTT:tRNA,1383563,1383636,+	2533.9889221290846	2.0433897975596773
Homo_sapiens_chr1.trna26-AsnGTT:tRNA	9.0	260.0	4.966618287373006	132653.0612244898	106.97044077581546	1:hsa;Homo_sapiens_chr1.trna26-AsnGTT:tRNA,145287766,145287839,+	2533.9889221290846	2.0433897975596773
Homo_sapiens_chr1.trna26-AsnGTT:tRNA	9.0	260.0	4.966618287373004	132653.0612244898	106.97044077581546	17:hsa;Homo_sapiens_chr1.trna26-AsnGTT:tRNA,38751781,38751854,-	2533.9889221290837	2.043389797559677
Homo_sapiens_chr10.trna4-AsnGTT:tRNA	9.0	260.0	4.966618287373004	132653.0612244898	106.97044077581546	1:hsa;Homo_sapiens_chr10.trna4-AsnGTT:tRNA,161428077,161428150,-	2533.9889221290837	2.043389797559677
Homo_sapiens_chr1.trna26-AsnGTT:tRNA	9.0	260.0	4.966618287373004	132653.0612244898	106.97044077581546	13:hsa;Homo_sapiens_chr1.trna26-AsnGTT:tRNA,30673964,30674037,-	2533.9889221290837	2.043389797559677
Homo_sapiens_chr1.trna83-AsnGTT:tRNA	9.0	260.0	4.966618287373004	132653.0612244898	106.97044077581546	13:hsa;Homo_sapiens_chr1.trna83-AsnGTT:tRNA,30673964,30674037,-	2533.9889221290837	2.043389797559677
Homo_sapiens_chr10.trna4-AsnGTT:tRNA	9.0	260.0	4.966618287373006	132653.0612244898	106.97044077581546	1:hsa;Homo_sapiens_chr10.trna4-AsnGTT:tRNA,145287766,145287839,+	2533.9889221290846	2.0433897975596773
Homo_sapiens_chr19.trna1-AsnGTT:tRNA	9.0	260.0	4.966618287373006	132653.0612244898	106.97044077581546	1:hsa;Homo_sapiens_chr19.trna1-AsnGTT:tRNA,148529257,148529330,+	2533.9889221290846	2.0433897975596773
Homo_sapiens_chr19.trna1-AsnGTT:tRNA	9.0	260.0	4.966618287373004	132653.0612244898	106.97044077581546	10:hsa;Homo_sapiens_chr19.trna1-AsnGTT:tRNA,22229509,22229582,-	2533.9889221290837	2.043389797559677
Homo_sapiens_chr1.trna26-AsnGTT:tRNA	9.0	260.0	4.966618287373004	132653.0612244898	106.97044077581546	1:hsa;Homo_sapiens_chr1.trna26-AsnGTT:tRNA,161428077,161428150,-	2533.9889221290837	2.043389797559677
Homo_sapiens_chr1.trna83-AsnGTT:tRNA	9.0	260.0	4.966618287373004	132653.0612244898	106.97044077581546	1:hsa;Homo_sapiens_chr1.trna83-AsnGTT:tRNA,161428077,161428150,-	2533.9889221290837	2.043389797559677
Homo_sapiens_chr1.trna103-AsnGTT:tRNA	9.0	260.0	4.966618287373004	132653.0612244898	106.97044077581546	1:hsa;Homo_sapiens_chr1.trna103-AsnGTT:tRNA,143735920,143735993,-	2533.9889221290837	2.043389797559677
Homo_sapiens_chr1.trna83-AsnGTT:tRNA	9.0	260.0	4.966618287373004	132653.0612244898	106.97044077581546	1:hsa;Homo_sapiens_chr1.trna83-AsnGTT:tRNA,144567515,144567588,-	2533.9889221290837	2.043389797559677
Homo_sapiens_chr19.trna1-AsnGTT:tRNA	9.0	260.0	4.966618287373006	132653.0612244898	106.97044077581546	19:hsa;Homo_sapiens_chr19.trna1-AsnGTT:tRNA,1383563,1383636,+	2533.9889221290846	2.0433897975596773
Homo_sapiens_chr17.trna31-AsnGTT:tRNA	9.0	260.0	4.966618287373006	132653.0612244898	106.97044077581546	1:hsa;Homo_sapiens_chr17.trna31-AsnGTT:tRNA,148529257,148529330,+	2533.9889221290846	2.0433897975596773
Homo_sapiens_chr1.trna83-AsnGTT:tRNA	9.0	260.0	4.966618287373006	132653.0612244898	106.97044077581546	19:hsa;Homo_sapiens_chr1.trna83-AsnGTT:tRNA,1383563,1383636,+	2533.9889221290846	2.0433897975596773
Homo_sapiens_chr1.trna83-AsnGTT:tRNA	9.0	260.0	4.966618287373004	132653.0612244898	106.97044077581546	17:hsa;Homo_sapiens_chr1.trna83-AsnGTT:tRNA,38751781,38751854,-	2533.9889221290837	2.043389797559677
Homo_sapiens_chr13.trna7-AsnGTT:tRNA	9.0	260.0	4.966618287373006	132653.0612244898	106.97044077581546	1:hsa;Homo_sapiens_chr13.trna7-AsnGTT:tRNA,145287766,145287839,+	2533.9889221290846	2.0433897975596773
Homo_sapiens_chr13.trna7-AsnGTT:tRNA	9.0	260.0	4.966618287373004	132653.0612244898	106.97044077581546	10:hsa;Homo_sapiens_chr13.trna7-AsnGTT:tRNA,22229509,22229582,-	2533.9889221290837	2.043389797559677
Homo_sapiens_chr17.trna31-AsnGTT:tRNA	9.0	260.0	4.966618287373004	132653.0612244898	106.97044077581546	13:hsa;Homo_sapiens_chr17.trna31-AsnGTT:tRNA,30673964,30674037,-	2533.9889221290837	2.043389797559677
Homo_sapiens_chr13.trna7-AsnGTT:tRNA	9.0	260.0	4.966618287373004	132653.0612244898	106.97044077581546	17:hsa;Homo_sapiens_chr13.trna7-AsnGTT:tRNA,38751781,38751854,-	2533.9889221290837	2.043389797559677
Homo_sapiens_chr17.trna31-AsnGTT:tRNA	9.0	260.0	4.966618287373004	132653.0612244898	106.97044077581546	1:hsa;Homo_sapiens_chr17.trna31-AsnGTT:tRNA,144567515,144567588,-	2533.9889221290837	2.043389797559677
Homo_sapiens_chr1.trna26-AsnGTT:tRNA	9.0	260.0	4.966618287373006	132653.0612244898	106.97044077581546	19:hsa;Homo_sapiens_chr1.trna26-AsnGTT:tRNA,1383563,1383636,+	2533.9889221290846	2.0433897975596773
Homo_sapiens_chr17.trna31-AsnGTT:tRNA	9.0	260.0	4.966618287373006	132653.0612244898	106.97044077581546	1:hsa;Homo_sapiens_chr17.trna31-AsnGTT:tRNA,145287766,145287839,+	2533.9889221290846	2.0433897975596773
Homo_sapiens_chr19.trna1-AsnGTT:tRNA	9.0	260.0	4.966618287373004	132653.0612244898	106.97044077581546	1:hsa;Homo_sapiens_chr19.trna1-AsnGTT:tRNA,161428077,161428150,-	2533.9889221290837	2.043389797559677
Homo_sapiens_chr10.trna4-AsnGTT:tRNA	9.0	260.0	4.966618287373004	132653.0612244898	106.97044077581546	17:hsa;Homo_sapiens_chr10.trna4-AsnGTT:tRNA,38751781,38751854,-	2533.9889221290837	2.043389797559677
Homo_sapiens_chr13.trna7-AsnGTT:tRNA	9.0	260.0	4.966618287373006	132653.0612244898	106.97044077581546	1:hsa;Homo_sapiens_chr13.trna7-AsnGTT:tRNA,148529257,148529330,+	2533.9889221290846	2.0433897975596773
Homo_sapiens_chr1.trna83-AsnGTT:tRNA	9.0	260.0	4.966618287373006	132653.0612244898	106.97044077581546	1:hsa;Homo_sapiens_chr1.trna83-AsnGTT:tRNA,145287766,145287839,+	2533.9889221290846	2.0433897975596773
Homo_sapiens_chr1.trna83-AsnGTT:tRNA	9.0	260.0	4.966618287373004	132653.0612244898	106.97044077581546	10:hsa;Homo_sapiens_chr1.trna83-AsnGTT:tRNA,22229509,22229582,-	2533.9889221290837	2.043389797559677
Homo_sapiens_chr1.trna83-AsnGTT:tRNA	9.0	260.0	4.966618287373006	132653.0612244898	106.97044077581546	1:hsa;Homo_sapiens_chr1.trna83-AsnGTT:tRNA,148529257,148529330,+	2533.9889221290846	2.0433897975596773
Homo_sapiens_chr1.trna26-AsnGTT:tRNA	9.0	260.0	4.966618287373004	132653.0612244898	106.97044077581546	10:hsa;Homo_sapiens_chr1.trna26-AsnGTT:tRNA,22229509,22229582,-	2533.9889221290837	2.043389797559677
Homo_sapiens_chr19.trna1-AsnGTT:tRNA	9.0	260.0	4.966618287373004	132653.0612244898	106.97044077581546	1:hsa;Homo_sapiens_chr19.trna1-AsnGTT:tRNA,144567515,144567588,-	2533.9889221290837	2.043389797559677
Homo_sapiens_chr19.trna1-AsnGTT:tRNA	9.0	260.0	4.966618287373004	132653.0612244898	106.97044077581546	13:hsa;Homo_sapiens_chr19.trna1-AsnGTT:tRNA,30673964,30674037,-	2533.9889221290837	2.043389797559677
Homo_sapiens_chr1.trna47-AsnGTT:tRNA	9.0	260.0	4.966618287373006	132653.0612244898	106.97044077581546	1:hsa;Homo_sapiens_chr1.trna47-AsnGTT:tRNA,161540241,161540314,+	2533.9889221290846	2.0433897975596773
Homo_sapiens_chr15.trna6-LysCTT:tRNA	3.0	239.0	239.0	121938.77551020408	98.33052055930729	15:hsa;Homo_sapiens_chr15.trna6-LysCTT:tRNA,76382424,76382497,-	121938.77551020408	98.33052055930729
Homo_sapiens_chr12.trna13-AlaTGC:tRNA	9.0	182.0	18.200000000000003	92857.14285714286	74.87930854307082	5:hsa;Homo_sapiens_chr12.trna13-AlaTGC:tRNA,181206868,181206939,+	9285.714285714288	7.487930854307083
Homo_sapiens_chr6.trna119-AlaCGC:tRNA	9.0	182.0	18.200000000000003	92857.14285714286	74.87930854307082	6:hsa;Homo_sapiens_chr6.trna119-AlaCGC:tRNA,28673836,28673907,-	9285.714285714288	7.487930854307083
Homo_sapiens_chr5.trna8-AlaTGC:tRNA	9.0	182.0	18.200000000000003	92857.14285714286	74.87930854307082	12:hsa;Homo_sapiens_chr5.trna8-AlaTGC:tRNA,124921755,124921826,-	9285.714285714288	7.487930854307083
Homo_sapiens_chr6.trna120-AlaAGC:tRNA	9.0	182.0	18.200000000000003	92857.14285714286	74.87930854307082	6:hsa;Homo_sapiens_chr6.trna120-AlaAGC:tRNA,28658237,28658308,-	9285.714285714288	7.487930854307083
Homo_sapiens_chr2.trna13-AlaCGC:tRNA	9.0	182.0	18.200000000000003	92857.14285714286	74.87930854307082	2:hsa;Homo_sapiens_chr2.trna13-AlaCGC:tRNA,156400769,156400840,+	9285.714285714288	7.487930854307083
Homo_sapiens_chr12.trna8-AlaTGC:tRNA	9.0	182.0	18.200000000000003	92857.14285714286	74.87930854307082	12:hsa;Homo_sapiens_chr12.trna8-AlaTGC:tRNA,124939966,124940037,+	9285.714285714288	7.487930854307083
Homo_sapiens_chr6.trna10-AlaCGC:tRNA	9.0	182.0	18.200000000000003	92857.14285714286	74.87930854307082	6:hsa;Homo_sapiens_chr6.trna10-AlaCGC:tRNA,26553503,26553574,+	9285.714285714288	7.487930854307083
Homo_sapiens_chr12.trna13-AlaTGC:tRNA	9.0	182.0	18.200000000000003	92857.14285714286	74.87930854307082	12:hsa;Homo_sapiens_chr12.trna13-AlaTGC:tRNA,124921755,124921826,-	9285.714285714288	7.487930854307083
Homo_sapiens_chr5.trna8-AlaTGC:tRNA	9.0	182.0	18.200000000000003	92857.14285714286	74.87930854307082	5:hsa;Homo_sapiens_chr5.trna8-AlaTGC:tRNA,181206868,181206939,+	9285.714285714288	7.487930854307083
Homo_sapiens_chr6.trna66-AlaTGC:tRNA	9.0	182.0	18.200000000000003	92857.14285714286	74.87930854307082	6:hsa;Homo_sapiens_chr6.trna66-AlaTGC:tRNA,28643445,28643516,+	9285.714285714288	7.487930854307083
Homo_sapiens_chr1.trna7-AsnGTT:tRNA	2.0	168.0	3.230769230769231	85714.28571428571	69.11936173206537	1:hsa;Homo_sapiens_chr1.trna7-AsnGTT:tRNA,16889677,16889750,+	1648.3516483516485	1.329218494847411
Homo_sapiens_chr2.trna9-LeuTAA:tRNA	8.0	159.0	159.0	81122.44897959183	65.4165387821333	2:hsa;Homo_sapiens_chr2.trna9-LeuTAA:tRNA,117023841,117023915,+	81122.44897959183	65.4165387821333
Homo_sapiens_chr1.trna131-GlyCCC:tRNA	3.0	154.0	77.0	78571.42857142858	63.35941492105992	1:hsa;Homo_sapiens_chr1.trna131-GlyCCC:tRNA,16678271,16678341,-	39285.71428571429	31.67970746052996
Homo_sapiens_chr1.trna130-GlyCCC:tRNA	3.0	154.0	77.0	78571.42857142858	63.35941492105992	1:hsa;Homo_sapiens_chr1.trna130-GlyCCC:tRNA,16678271,16678341,-	39285.71428571429	31.67970746052996
Homo_sapiens_chr9.trna7-HisGTG:tRNA	5.0	150.0	1.8515507377295997	76530.61224489796	61.713715832201224	1:hsa;Homo_sapiens_chr9.trna7-HisGTG:tRNA,146038044,146038115,+	944.6687437395917	0.7617738405143137
Homo_sapiens_chr6.trna33-HisGTG:tRNA	5.0	150.0	1.8515507377295997	76530.61224489796	61.713715832201224	9:hsa;Homo_sapiens_chr6.trna33-HisGTG:tRNA,14433940,14434011,-	944.6687437395917	0.7617738405143137
Homo_sapiens_chr6.trna33-HisGTG:tRNA	5.0	150.0	1.8515507377295997	76530.61224489796	61.713715832201224	6:hsa;Homo_sapiens_chr6.trna33-HisGTG:tRNA,27158127,27158198,+	944.6687437395917	0.7617738405143137
Homo_sapiens_chr15.trna8-HisGTG:tRNA	5.0	150.0	1.8515507377295997	76530.61224489796	61.713715832201224	15:hsa;Homo_sapiens_chr15.trna8-HisGTG:tRNA,45201151,45201222,+	944.6687437395917	0.7617738405143137
Homo_sapiens_chr1.trna118-HisGTG:tRNA	5.0	150.0	1.8515507377295997	76530.61224489796	61.713715832201224	15:hsa;Homo_sapiens_chr1.trna118-HisGTG:tRNA,45201151,45201222,+	944.6687437395917	0.7617738405143137
Homo_sapiens_chr1.trna16-HisGTG:tRNA	5.0	150.0	1.8515507377295997	76530.61224489796	61.713715832201224	15:hsa;Homo_sapiens_chr1.trna16-HisGTG:tRNA,45201151,45201222,+	944.6687437395917	0.7617738405143137
Homo_sapiens_chr1.trna16-HisGTG:tRNA	5.0	150.0	1.8515507377295997	76530.61224489796	61.713715832201224	1:hsa;Homo_sapiens_chr1.trna16-HisGTG:tRNA,146038044,146038115,+	944.6687437395917	0.7617738405143137
Homo_sapiens_chr15.trna1-HisGTG:tRNA	5.0	150.0	1.8515507377295997	76530.61224489796	61.713715832201224	1:hsa;Homo_sapiens_chr15.trna1-HisGTG:tRNA,146038044,146038115,+	944.6687437395917	0.7617738405143137
Homo_sapiens_chr15.trna9-HisGTG:tRNA	5.0	150.0	1.8515507377295997	76530.61224489796	61.713715832201224	1:hsa;Homo_sapiens_chr15.trna9-HisGTG:tRNA,148302734,148302805,-	944.6687437395917	0.7617738405143137
Homo_sapiens_chr1.trna21-HisGTG:tRNA	5.0	150.0	1.8515507377295997	76530.61224489796	61.713715832201224	1:hsa;Homo_sapiens_chr1.trna21-HisGTG:tRNA,148302734,148302805,-	944.6687437395917	0.7617738405143137
Homo_sapiens_chr16.trna10-LysCTT:tRNA	6.0	150.0	25.000000000000004	76530.61224489796	61.713715832201224	16:hsa;Homo_sapiens_chr16.trna10-LysCTT:tRNA,3191501,3191573,+	12755.10204081633	10.285619305366872
Homo_sapiens_chr15.trna8-HisGTG:tRNA	5.0	150.0	1.8515507377295997	76530.61224489796	61.713715832201224	1:hsa;Homo_sapiens_chr15.trna8-HisGTG:tRNA,146038044,146038115,+	944.6687437395917	0.7617738405143137
Homo_sapiens_chr1.trna21-HisGTG:tRNA	5.0	150.0	1.8515507377295997	76530.61224489796	61.713715832201224	15:hsa;Homo_sapiens_chr1.trna21-HisGTG:tRNA,45200413,45200484,-	944.6687437395917	0.7617738405143137
Homo_sapiens_chr6.trna33-HisGTG:tRNA	5.0	150.0	1.8515507377295997	76530.61224489796	61.713715832201224	1:hsa;Homo_sapiens_chr6.trna33-HisGTG:tRNA,148302734,148302805,-	944.6687437395917	0.7617738405143137
Homo_sapiens_chr15.trna1-HisGTG:tRNA	5.0	150.0	1.8515507377295997	76530.61224489796	61.713715832201224	15:hsa;Homo_sapiens_chr15.trna1-HisGTG:tRNA,45200413,45200484,-	944.6687437395917	0.7617738405143137
Homo_sapiens_chr18.trna4-LysCTT:tRNA	6.0	150.0	25.000000000000004	76530.61224489796	61.713715832201224	18:hsa;Homo_sapiens_chr18.trna4-LysCTT:tRNA,46089305,46089377,-	12755.10204081633	10.285619305366872
Homo_sapiens_chr15.trna8-HisGTG:tRNA	5.0	150.0	1.8515507377295997	76530.61224489796	61.713715832201224	9:hsa;Homo_sapiens_chr15.trna8-HisGTG:tRNA,14433940,14434011,-	944.6687437395917	0.7617738405143137
Homo_sapiens_chr1.trna16-HisGTG:tRNA	5.0	150.0	1.8515507377295997	76530.61224489796	61.713715832201224	1:hsa;Homo_sapiens_chr1.trna16-HisGTG:tRNA,147073225,147073296,+	944.6687437395917	0.7617738405143137
Homo_sapiens_chr1.trna16-HisGTG:tRNA	5.0	150.0	1.8515507377295997	76530.61224489796	61.713715832201224	1:hsa;Homo_sapiens_chr1.trna16-HisGTG:tRNA,148281365,148281436,+	944.6687437395917	0.7617738405143137
Homo_sapiens_chr1.trna111-HisGTG:tRNA	5.0	150.0	1.8515507377295997	76530.61224489796	61.713715832201224	6:hsa;Homo_sapiens_chr1.trna111-HisGTG:tRNA,27158127,27158198,+	944.6687437395917	0.7617738405143137
Homo_sapiens_chr15.trna1-HisGTG:tRNA	5.0	150.0	1.8515507377295997	76530.61224489796	61.713715832201224	6:hsa;Homo_sapiens_chr15.trna1-HisGTG:tRNA,27158127,27158198,+	944.6687437395917	0.7617738405143137
Homo_sapiens_chr9.trna7-HisGTG:tRNA	5.0	150.0	1.8515507377295997	76530.61224489796	61.713715832201224	6:hsa;Homo_sapiens_chr9.trna7-HisGTG:tRNA,27158127,27158198,+	944.6687437395917	0.7617738405143137
Homo_sapiens_chr1.trna16-HisGTG:tRNA	5.0	150.0	1.8515507377295997	76530.61224489796	61.713715832201224	15:hsa;Homo_sapiens_chr1.trna16-HisGTG:tRNA,45198606,45198677,-	944.6687437395917	0.7617738405143137
Homo_sapiens_chr1.trna21-HisGTG:tRNA	5.0	150.0	1.8515507377295997	76530.61224489796	61.713715832201224	15:hsa;Homo_sapiens_chr1.trna21-HisGTG:tRNA,45198606,45198677,-	944.6687437395917	0.7617738405143137
Homo_sapiens_chr1.trna21-HisGTG:tRNA	5.0	150.0	1.8515507377295997	76530.61224489796	61.713715832201224	1:hsa;Homo_sapiens_chr1.trna21-HisGTG:tRNA,146038044,146038115,+	944.6687437395917	0.7617738405143137
Homo_sapiens_chr14.trna13-LysCTT:tRNA	6.0	150.0	25.000000000000004	76530.61224489796	61.713715832201224	15:hsa;Homo_sapiens_chr14.trna13-LysCTT:tRNA,78860562,78860634,+	12755.10204081633	10.285619305366872
Homo_sapiens_chr1.trna21-HisGTG:tRNA	5.0	150.0	1.8515507377295997	76530.61224489796	61.713715832201224	15:hsa;Homo_sapiens_chr1.trna21-HisGTG:tRNA,45201151,45201222,+	944.6687437395917	0.7617738405143137
Homo_sapiens_chr6.trna33-HisGTG:tRNA	5.0	150.0	1.8515507377295997	76530.61224489796	61.713715832201224	1:hsa;Homo_sapiens_chr6.trna33-HisGTG:tRNA,148281365,148281436,+	944.6687437395917	0.7617738405143137
Homo_sapiens_chr1.trna118-HisGTG:tRNA	5.0	150.0	1.8515507377295997	76530.61224489796	61.713715832201224	1:hsa;Homo_sapiens_chr1.trna118-HisGTG:tRNA,146038044,146038115,+	944.6687437395917	0.7617738405143137
Homo_sapiens_chr1.trna118-HisGTG:tRNA	5.0	150.0	1.8515507377295997	76530.61224489796	61.713715832201224	15:hsa;Homo_sapiens_chr1.trna118-HisGTG:tRNA,45200413,45200484,-	944.6687437395917	0.7617738405143137
Homo_sapiens_chr15.trna8-HisGTG:tRNA	5.0	150.0	1.8515507377295997	76530.61224489796	61.713715832201224	1:hsa;Homo_sapiens_chr15.trna8-HisGTG:tRNA,147073225,147073296,+	944.6687437395917	0.7617738405143137
Homo_sapiens_chr15.trna9-HisGTG:tRNA	5.0	150.0	1.8515507377295997	76530.61224489796	61.713715832201224	15:hsa;Homo_sapiens_chr15.trna9-HisGTG:tRNA,45200413,45200484,-	944.6687437395917	0.7617738405143137
Homo_sapiens_chr15.trna9-HisGTG:tRNA	5.0	150.0	1.8515507377295997	76530.61224489796	61.713715832201224	1:hsa;Homo_sapiens_chr15.trna9-HisGTG:tRNA,147073225,147073296,+	944.6687437395917	0.7617738405143137
Homo_sapiens_chr1.trna111-HisGTG:tRNA	5.0	150.0	1.8515507377295997	76530.61224489796	61.713715832201224	1:hsa;Homo_sapiens_chr1.trna111-HisGTG:tRNA,147073225,147073296,+	944.6687437395917	0.7617738405143137
Homo_sapiens_chr1.trna16-HisGTG:tRNA	5.0	150.0	1.8515507377295997	76530.61224489796	61.713715832201224	6:hsa;Homo_sapiens_chr1.trna16-HisGTG:tRNA,27158127,27158198,+	944.6687437395917	0.7617738405143137
Homo_sapiens_chr15.trna9-HisGTG:tRNA	5.0	150.0	1.8515507377295997	76530.61224489796	61.713715832201224	9:hsa;Homo_sapiens_chr15.trna9-HisGTG:tRNA,14433940,14434011,-	944.6687437395917	0.7617738405143137
Homo_sapiens_chr14.trna13-LysCTT:tRNA	6.0	150.0	25.000000000000004	76530.61224489796	61.713715832201224	14:hsa;Homo_sapiens_chr14.trna13-LysCTT:tRNA,58239895,58239967,-	12755.10204081633	10.285619305366872
Homo_sapiens_chr15.trna1-HisGTG:tRNA	5.0	150.0	1.8515507377295997	76530.61224489796	61.713715832201224	1:hsa;Homo_sapiens_chr15.trna1-HisGTG:tRNA,147073225,147073296,+	944.6687437395917	0.7617738405143137
Homo_sapiens_chr6.trna33-HisGTG:tRNA	5.0	150.0	1.8515507377295997	76530.61224489796	61.713715832201224	1:hsa;Homo_sapiens_chr6.trna33-HisGTG:tRNA,146038044,146038115,+	944.6687437395917	0.7617738405143137
Homo_sapiens_chr1.trna111-HisGTG:tRNA	5.0	150.0	1.8515507377295997	76530.61224489796	61.713715832201224	15:hsa;Homo_sapiens_chr1.trna111-HisGTG:tRNA,45198606,45198677,-	944.6687437395917	0.7617738405143137
Homo_sapiens_chr6.trna33-HisGTG:tRNA	5.0	150.0	1.8515507377295997	76530.61224489796	61.713715832201224	15:hsa;Homo_sapiens_chr6.trna33-HisGTG:tRNA,45198606,45198677,-	944.6687437395917	0.7617738405143137
Homo_sapiens_chr1.trna111-HisGTG:tRNA	5.0	150.0	1.8515507377295997	76530.61224489796	61.713715832201224	1:hsa;Homo_sapiens_chr1.trna111-HisGTG:tRNA,148281365,148281436,+	944.6687437395917	0.7617738405143137
Homo_sapiens_chr1.trna16-HisGTG:tRNA	5.0	150.0	1.8515507377295997	76530.61224489796	61.713715832201224	9:hsa;Homo_sapiens_chr1.trna16-HisGTG:tRNA,14433940,14434011,-	944.6687437395917	0.7617738405143137
Homo_sapiens_chr1.trna21-HisGTG:tRNA	5.0	150.0	1.8515507377295997	76530.61224489796	61.713715832201224	1:hsa;Homo_sapiens_chr1.trna21-HisGTG:tRNA,148281365,148281436,+	944.6687437395917	0.7617738405143137
Homo_sapiens_chr1.trna111-HisGTG:tRNA	5.0	150.0	1.8515507377295997	76530.61224489796	61.713715832201224	15:hsa;Homo_sapiens_chr1.trna111-HisGTG:tRNA,45200413,45200484,-	944.6687437395917	0.7617738405143137
Homo_sapiens_chr1.trna21-HisGTG:tRNA	5.0	150.0	1.8515507377295997	76530.61224489796	61.713715832201224	1:hsa;Homo_sapiens_chr1.trna21-HisGTG:tRNA,147073225,147073296,+	944.6687437395917	0.7617738405143137
Homo_sapiens_chr1.trna16-HisGTG:tRNA	5.0	150.0	1.8515507377295997	76530.61224489796	61.713715832201224	1:hsa;Homo_sapiens_chr1.trna16-HisGTG:tRNA,148302734,148302805,-	944.6687437395917	0.7617738405143137
Homo_sapiens_chr1.trna21-HisGTG:tRNA	5.0	150.0	1.8515507377295997	76530.61224489796	61.713715832201224	6:hsa;Homo_sapiens_chr1.trna21-HisGTG:tRNA,27158127,27158198,+	944.6687437395917	0.7617738405143137
Homo_sapiens_chr9.trna7-HisGTG:tRNA	5.0	150.0	1.8515507377295997	76530.61224489796	61.713715832201224	1:hsa;Homo_sapiens_chr9.trna7-HisGTG:tRNA,148302734,148302805,-	944.6687437395917	0.7617738405143137
Homo_sapiens_chr9.trna7-HisGTG:tRNA	5.0	150.0	1.8515507377295997	76530.61224489796	61.713715832201224	15:hsa;Homo_sapiens_chr9.trna7-HisGTG:tRNA,45200413,45200484,-	944.6687437395917	0.7617738405143137
Homo_sapiens_chr1.trna111-HisGTG:tRNA	5.0	150.0	1.8515507377295997	76530.61224489796	61.713715832201224	15:hsa;Homo_sapiens_chr1.trna111-HisGTG:tRNA,45201151,45201222,+	944.6687437395917	0.7617738405143137
Homo_sapiens_chr6.trna33-HisGTG:tRNA	5.0	150.0	1.8515507377295997	76530.61224489796	61.713715832201224	15:hsa;Homo_sapiens_chr6.trna33-HisGTG:tRNA,45200413,45200484,-	944.6687437395917	0.7617738405143137
Homo_sapiens_chr15.trna8-HisGTG:tRNA	5.0	150.0	1.8515507377295997	76530.61224489796	61.713715832201224	6:hsa;Homo_sapiens_chr15.trna8-HisGTG:tRNA,27158127,27158198,+	944.6687437395917	0.7617738405143137
Homo_sapiens_chr1.trna118-HisGTG:tRNA	5.0	150.0	1.8515507377295997	76530.61224489796	61.713715832201224	1:hsa;Homo_sapiens_chr1.trna118-HisGTG:tRNA,148281365,148281436,+	944.6687437395917	0.7617738405143137
Homo_sapiens_chr15.trna1-HisGTG:tRNA	5.0	150.0	1.8515507377295997	76530.61224489796	61.713715832201224	15:hsa;Homo_sapiens_chr15.trna1-HisGTG:tRNA,45198606,45198677,-	944.6687437395917	0.7617738405143137
Homo_sapiens_chr15.trna8-HisGTG:tRNA	5.0	150.0	1.8515507377295997	76530.61224489796	61.713715832201224	1:hsa;Homo_sapiens_chr15.trna8-HisGTG:tRNA,148302734,148302805,-	944.6687437395917	0.7617738405143137
Homo_sapiens_chr15.trna8-HisGTG:tRNA	5.0	150.0	1.8515507377295997	76530.61224489796	61.713715832201224	15:hsa;Homo_sapiens_chr15.trna8-HisGTG:tRNA,45198606,45198677,-	944.6687437395917	0.7617738405143137
Homo_sapiens_chr1.trna118-HisGTG:tRNA	5.0	150.0	1.8515507377295997	76530.61224489796	61.713715832201224	6:hsa;Homo_sapiens_chr1.trna118-HisGTG:tRNA,27158127,27158198,+	944.6687437395917	0.7617738405143137
Homo_sapiens_chr1.trna118-HisGTG:tRNA	5.0	150.0	1.8515507377295997	76530.61224489796	61.713715832201224	9:hsa;Homo_sapiens_chr1.trna118-HisGTG:tRNA,14433940,14434011,-	944.6687437395917	0.7617738405143137
Homo_sapiens_chr1.trna118-HisGTG:tRNA	5.0	150.0	1.8515507377295997	76530.61224489796	61.713715832201224	15:hsa;Homo_sapiens_chr1.trna118-HisGTG:tRNA,45198606,45198677,-	944.6687437395917	0.7617738405143137
Homo_sapiens_chr15.trna1-HisGTG:tRNA	5.0	150.0	1.8515507377295997	76530.61224489796	61.713715832201224	1:hsa;Homo_sapiens_chr15.trna1-HisGTG:tRNA,148302734,148302805,-	944.6687437395917	0.7617738405143137
Homo_sapiens_chr1.trna16-HisGTG:tRNA	5.0	150.0	1.8515507377295997	76530.61224489796	61.713715832201224	15:hsa;Homo_sapiens_chr1.trna16-HisGTG:tRNA,45200413,45200484,-	944.6687437395917	0.7617738405143137
Homo_sapiens_chr9.trna7-HisGTG:tRNA	5.0	150.0	1.8515507377295997	76530.61224489796	61.713715832201224	15:hsa;Homo_sapiens_chr9.trna7-HisGTG:tRNA,45198606,45198677,-	944.6687437395917	0.7617738405143137
Homo_sapiens_chr9.trna7-HisGTG:tRNA	5.0	150.0	1.8515507377295997	76530.61224489796	61.713715832201224	9:hsa;Homo_sapiens_chr9.trna7-HisGTG:tRNA,14433940,14434011,-	944.6687437395917	0.7617738405143137
Homo_sapiens_chr9.trna7-HisGTG:tRNA	5.0	150.0	1.8515507377295997	76530.61224489796	61.713715832201224	1:hsa;Homo_sapiens_chr9.trna7-HisGTG:tRNA,148281365,148281436,+	944.6687437395917	0.7617738405143137
Homo_sapiens_chr15.trna9-HisGTG:tRNA	5.0	150.0	1.8515507377295997	76530.61224489796	61.713715832201224	15:hsa;Homo_sapiens_chr15.trna9-HisGTG:tRNA,45198606,45198677,-	944.6687437395917	0.7617738405143137
Homo_sapiens_chr15.trna1-HisGTG:tRNA	5.0	150.0	1.8515507377295997	76530.61224489796	61.713715832201224	15:hsa;Homo_sapiens_chr15.trna1-HisGTG:tRNA,45201151,45201222,+	944.6687437395917	0.7617738405143137
Homo_sapiens_chr15.trna9-HisGTG:tRNA	5.0	150.0	1.8515507377295997	76530.61224489796	61.713715832201224	15:hsa;Homo_sapiens_chr15.trna9-HisGTG:tRNA,45201151,45201222,+	944.6687437395917	0.7617738405143137
Homo_sapiens_chr6.trna33-HisGTG:tRNA	5.0	150.0	1.8515507377295997	76530.61224489796	61.713715832201224	15:hsa;Homo_sapiens_chr6.trna33-HisGTG:tRNA,45201151,45201222,+	944.6687437395917	0.7617738405143137
Homo_sapiens_chr15.trna2-LysCTT:tRNA	6.0	150.0	25.000000000000004	76530.61224489796	61.713715832201224	14:hsa;Homo_sapiens_chr15.trna2-LysCTT:tRNA,58239895,58239967,-	12755.10204081633	10.285619305366872
Homo_sapiens_chr6.trna33-HisGTG:tRNA	5.0	150.0	1.8515507377295997	76530.61224489796	61.713715832201224	1:hsa;Homo_sapiens_chr6.trna33-HisGTG:tRNA,147073225,147073296,+	944.6687437395917	0.7617738405143137
Homo_sapiens_chr15.trna1-HisGTG:tRNA	5.0	150.0	1.8515507377295997	76530.61224489796	61.713715832201224	9:hsa;Homo_sapiens_chr15.trna1-HisGTG:tRNA,14433940,14434011,-	944.6687437395917	0.7617738405143137
Homo_sapiens_chr1.trna21-HisGTG:tRNA	5.0	150.0	1.8515507377295997	76530.61224489796	61.713715832201224	9:hsa;Homo_sapiens_chr1.trna21-HisGTG:tRNA,14433940,14434011,-	944.6687437395917	0.7617738405143137
Homo_sapiens_chr15.trna8-HisGTG:tRNA	5.0	150.0	1.8515507377295997	76530.61224489796	61.713715832201224	15:hsa;Homo_sapiens_chr15.trna8-HisGTG:tRNA,45200413,45200484,-	944.6687437395917	0.7617738405143137
Homo_sapiens_chr15.trna8-HisGTG:tRNA	5.0	150.0	1.8515507377295997	76530.61224489796	61.713715832201224	1:hsa;Homo_sapiens_chr15.trna8-HisGTG:tRNA,148281365,148281436,+	944.6687437395917	0.7617738405143137
Homo_sapiens_chr15.trna9-HisGTG:tRNA	5.0	150.0	1.8515507377295997	76530.61224489796	61.713715832201224	6:hsa;Homo_sapiens_chr15.trna9-HisGTG:tRNA,27158127,27158198,+	944.6687437395917	0.7617738405143137
Homo_sapiens_chr15.trna2-LysCTT:tRNA	6.0	150.0	25.000000000000004	76530.61224489796	61.713715832201224	15:hsa;Homo_sapiens_chr15.trna2-LysCTT:tRNA,78860562,78860634,+	12755.10204081633	10.285619305366872
Homo_sapiens_chr1.trna111-HisGTG:tRNA	5.0	150.0	1.8515507377295997	76530.61224489796	61.713715832201224	9:hsa;Homo_sapiens_chr1.trna111-HisGTG:tRNA,14433940,14434011,-	944.6687437395917	0.7617738405143137
Homo_sapiens_chr15.trna9-HisGTG:tRNA	5.0	150.0	1.8515507377295997	76530.61224489796	61.713715832201224	1:hsa;Homo_sapiens_chr15.trna9-HisGTG:tRNA,146038044,146038115,+	944.6687437395917	0.7617738405143137
Homo_sapiens_chr9.trna7-HisGTG:tRNA	5.0	150.0	1.8515507377295997	76530.61224489796	61.713715832201224	1:hsa;Homo_sapiens_chr9.trna7-HisGTG:tRNA,147073225,147073296,+	944.6687437395917	0.7617738405143137
Homo_sapiens_chr1.trna111-HisGTG:tRNA	5.0	150.0	1.8515507377295997	76530.61224489796	61.713715832201224	1:hsa;Homo_sapiens_chr1.trna111-HisGTG:tRNA,148302734,148302805,-	944.6687437395917	0.7617738405143137
Homo_sapiens_chr15.trna1-HisGTG:tRNA	5.0	150.0	1.8515507377295997	76530.61224489796	61.713715832201224	1:hsa;Homo_sapiens_chr15.trna1-HisGTG:tRNA,148281365,148281436,+	944.6687437395917	0.7617738405143137
Homo_sapiens_chr1.trna118-HisGTG:tRNA	5.0	150.0	1.8515507377295997	76530.61224489796	61.713715832201224	1:hsa;Homo_sapiens_chr1.trna118-HisGTG:tRNA,148302734,148302805,-	944.6687437395917	0.7617738405143137
Homo_sapiens_chr15.trna9-HisGTG:tRNA	5.0	150.0	1.8515507377295997	76530.61224489796	61.713715832201224	1:hsa;Homo_sapiens_chr15.trna9-HisGTG:tRNA,148281365,148281436,+	944.6687437395917	0.7617738405143137
Homo_sapiens_chr1.trna111-HisGTG:tRNA	5.0	150.0	1.8515507377295997	76530.61224489796	61.713715832201224	1:hsa;Homo_sapiens_chr1.trna111-HisGTG:tRNA,146038044,146038115,+	944.6687437395917	0.7617738405143137
Homo_sapiens_chr1.trna118-HisGTG:tRNA	5.0	150.0	1.8515507377295997	76530.61224489796	61.713715832201224	1:hsa;Homo_sapiens_chr1.trna118-HisGTG:tRNA,147073225,147073296,+	944.6687437395917	0.7617738405143137
Homo_sapiens_chr9.trna7-HisGTG:tRNA	5.0	150.0	1.8515507377295997	76530.61224489796	61.713715832201224	15:hsa;Homo_sapiens_chr9.trna7-HisGTG:tRNA,45201151,45201222,+	944.6687437395917	0.7617738405143137
Homo_sapiens_chr1.trna85-ValCAC:tRNA	1.0	132.0	1.76	67346.9387755102	54.30806993233708	1:hsa;Homo_sapiens_chr1.trna85-ValCAC:tRNA,149712552,149712624,-	897.9591836734694	0.7241075990978277
Homo_sapiens_chr5.trna4-ValAAC:tRNA	1.0	132.0	1.76	67346.9387755102	54.30806993233708	5:hsa;Homo_sapiens_chr5.trna4-ValAAC:tRNA,181218270,181218342,-	897.9591836734694	0.7241075990978277
Homo_sapiens_chr6.trna132-ValAAC:tRNA	1.0	132.0	1.76	67346.9387755102	54.30806993233708	5:hsa;Homo_sapiens_chr6.trna132-ValAAC:tRNA,181169610,181169682,+	897.9591836734694	0.7241075990978277
Homo_sapiens_chr3.trna2-ValAAC:tRNA	1.0	132.0	1.76	67346.9387755102	54.30806993233708	5:hsa;Homo_sapiens_chr3.trna2-ValAAC:tRNA,181169610,181169682,+	897.9591836734694	0.7241075990978277
Homo_sapiens_chr5.trna18-ValCAC:tRNA	1.0	132.0	1.76	67346.9387755102	54.30806993233708	1:hsa;Homo_sapiens_chr5.trna18-ValCAC:tRNA,121020729,121020801,-	897.9591836734694	0.7241075990978277
Homo_sapiens_chr5.trna18-ValCAC:tRNA	1.0	132.0	1.76	67346.9387755102	54.30806993233708	6:hsa;Homo_sapiens_chr5.trna18-ValCAC:tRNA,26538054,26538126,+	897.9591836734694	0.7241075990978277
Homo_sapiens_chr5.trna2-ValCAC:tRNA	1.0	132.0	1.76	67346.9387755102	54.30806993233708	1:hsa;Homo_sapiens_chr5.trna2-ValCAC:tRNA,121020729,121020801,-	897.9591836734694	0.7241075990978277
Homo_sapiens_chr5.trna18-ValCAC:tRNA	1.0	132.0	1.76	67346.9387755102	54.30806993233708	5:hsa;Homo_sapiens_chr5.trna18-ValCAC:tRNA,181102253,181102325,-	897.9591836734694	0.7241075990978277
Homo_sapiens_chr5.trna4-ValAAC:tRNA	1.0	132.0	1.76	67346.9387755102	54.30806993233708	6:hsa;Homo_sapiens_chr5.trna4-ValAAC:tRNA,27753400,27753472,-	897.9591836734694	0.7241075990978277
Homo_sapiens_chr6.trna132-ValAAC:tRNA	1.0	132.0	1.76	67346.9387755102	54.30806993233708	5:hsa;Homo_sapiens_chr6.trna132-ValAAC:tRNA,181218270,181218342,-	897.9591836734694	0.7241075990978277
Homo_sapiens_chr1.trna85-ValCAC:tRNA	1.0	132.0	1.76	67346.9387755102	54.30806993233708	6:hsa;Homo_sapiens_chr1.trna85-ValCAC:tRNA,26538054,26538126,+	897.9591836734694	0.7241075990978277
Homo_sapiens_chr3.trna2-ValAAC:tRNA	1.0	132.0	1.76	67346.9387755102	54.30806993233708	5:hsa;Homo_sapiens_chr3.trna2-ValAAC:tRNA,181218270,181218342,-	897.9591836734694	0.7241075990978277
Homo_sapiens_chr5.trna10-ValCAC:tRNA	1.0	132.0	1.76	67346.9387755102	54.30806993233708	5:hsa;Homo_sapiens_chr5.trna10-ValCAC:tRNA,181102253,181102325,-	897.9591836734694	0.7241075990978277
Homo_sapiens_chr5.trna6-ValCAC:tRNA	1.0	132.0	1.76	67346.9387755102	54.30806993233708	1:hsa;Homo_sapiens_chr5.trna6-ValCAC:tRNA,161399700,161399772,-	897.9591836734694	0.7241075990978277
Homo_sapiens_chr5.trna5-ValAAC:tRNA	1.0	132.0	1.76	67346.9387755102	54.30806993233708	5:hsa;Homo_sapiens_chr5.trna5-ValAAC:tRNA,181164154,181164226,+	897.9591836734694	0.7241075990978277
Homo_sapiens_chr5.trna5-ValAAC:tRNA	1.0	132.0	1.76	67346.9387755102	54.30806993233708	5:hsa;Homo_sapiens_chr5.trna5-ValAAC:tRNA,181218270,181218342,-	897.9591836734694	0.7241075990978277
Homo_sapiens_chr5.trna18-ValCAC:tRNA	1.0	132.0	1.76	67346.9387755102	54.30806993233708	5:hsa;Homo_sapiens_chr5.trna18-ValCAC:tRNA,181222395,181222467,-	897.9591836734694	0.7241075990978277
Homo_sapiens_chr5.trna18-ValCAC:tRNA	1.0	132.0	1.76	67346.9387755102	54.30806993233708	5:hsa;Homo_sapiens_chr5.trna18-ValCAC:tRNA,181097070,181097142,+	897.9591836734694	0.7241075990978277
Homo_sapiens_chr5.trna10-ValCAC:tRNA	1.0	132.0	1.76	67346.9387755102	54.30806993233708	1:hsa;Homo_sapiens_chr5.trna10-ValCAC:tRNA,161399700,161399772,-	897.9591836734694	0.7241075990978277
Homo_sapiens_chr5.trna4-ValAAC:tRNA	1.0	132.0	1.76	67346.9387755102	54.30806993233708	5:hsa;Homo_sapiens_chr5.trna4-ValAAC:tRNA,181164154,181164226,+	897.9591836734694	0.7241075990978277
Homo_sapiens_chr6.trna9-ValCAC:tRNA	1.0	132.0	1.76	67346.9387755102	54.30806993233708	5:hsa;Homo_sapiens_chr6.trna9-ValCAC:tRNA,181222395,181222467,-	897.9591836734694	0.7241075990978277
Homo_sapiens_chr6.trna9-ValCAC:tRNA	1.0	132.0	1.76	67346.9387755102	54.30806993233708	5:hsa;Homo_sapiens_chr6.trna9-ValCAC:tRNA,181102253,181102325,-	897.9591836734694	0.7241075990978277
Homo_sapiens_chr6.trna132-ValAAC:tRNA	1.0	132.0	1.76	67346.9387755102	54.30806993233708	6:hsa;Homo_sapiens_chr6.trna132-ValAAC:tRNA,27753400,27753472,-	897.9591836734694	0.7241075990978277
Homo_sapiens_chr5.trna2-ValCAC:tRNA	1.0	132.0	1.76	67346.9387755102	54.30806993233708	5:hsa;Homo_sapiens_chr5.trna2-ValCAC:tRNA,181097070,181097142,+	897.9591836734694	0.7241075990978277
Homo_sapiens_chr5.trna2-ValCAC:tRNA	1.0	132.0	1.76	67346.9387755102	54.30806993233708	1:hsa;Homo_sapiens_chr5.trna2-ValCAC:tRNA,149712552,149712624,-	897.9591836734694	0.7241075990978277
Homo_sapiens_chr6.trna9-ValCAC:tRNA	1.0	132.0	1.76	67346.9387755102	54.30806993233708	1:hsa;Homo_sapiens_chr6.trna9-ValCAC:tRNA,149712552,149712624,-	897.9591836734694	0.7241075990978277
Homo_sapiens_chr5.trna6-ValCAC:tRNA	1.0	132.0	1.76	67346.9387755102	54.30806993233708	6:hsa;Homo_sapiens_chr5.trna6-ValCAC:tRNA,26538054,26538126,+	897.9591836734694	0.7241075990978277
Homo_sapiens_chr5.trna2-ValCAC:tRNA	1.0	132.0	1.76	67346.9387755102	54.30806993233708	6:hsa;Homo_sapiens_chr5.trna2-ValCAC:tRNA,26538054,26538126,+	897.9591836734694	0.7241075990978277
Homo_sapiens_chr3.trna2-ValAAC:tRNA	1.0	132.0	1.76	67346.9387755102	54.30806993233708	5:hsa;Homo_sapiens_chr3.trna2-ValAAC:tRNA,181164154,181164226,+	897.9591836734694	0.7241075990978277
Homo_sapiens_chr6.trna9-ValCAC:tRNA	1.0	132.0	1.76	67346.9387755102	54.30806993233708	6:hsa;Homo_sapiens_chr6.trna9-ValCAC:tRNA,26538054,26538126,+	897.9591836734694	0.7241075990978277
Homo_sapiens_chr6.trna9-ValCAC:tRNA	1.0	132.0	1.76	67346.9387755102	54.30806993233708	5:hsa;Homo_sapiens_chr6.trna9-ValCAC:tRNA,181097070,181097142,+	897.9591836734694	0.7241075990978277
Homo_sapiens_chr5.trna12-ValAAC:tRNA	1.0	132.0	1.76	67346.9387755102	54.30806993233708	6:hsa;Homo_sapiens_chr5.trna12-ValAAC:tRNA,27753400,27753472,-	897.9591836734694	0.7241075990978277
Homo_sapiens_chr5.trna6-ValCAC:tRNA	1.0	132.0	1.76	67346.9387755102	54.30806993233708	1:hsa;Homo_sapiens_chr5.trna6-ValCAC:tRNA,121020729,121020801,-	897.9591836734694	0.7241075990978277
Homo_sapiens_chr5.trna10-ValCAC:tRNA	1.0	132.0	1.76	67346.9387755102	54.30806993233708	1:hsa;Homo_sapiens_chr5.trna10-ValCAC:tRNA,121020729,121020801,-	897.9591836734694	0.7241075990978277
Homo_sapiens_chr5.trna18-ValCAC:tRNA	1.0	132.0	1.76	67346.9387755102	54.30806993233708	1:hsa;Homo_sapiens_chr5.trna18-ValCAC:tRNA,161399700,161399772,-	897.9591836734694	0.7241075990978277
Homo_sapiens_chr5.trna5-ValAAC:tRNA	1.0	132.0	1.76	67346.9387755102	54.30806993233708	6:hsa;Homo_sapiens_chr5.trna5-ValAAC:tRNA,27753400,27753472,-	897.9591836734694	0.7241075990978277
Homo_sapiens_chr5.trna10-ValCAC:tRNA	1.0	132.0	1.76	67346.9387755102	54.30806993233708	5:hsa;Homo_sapiens_chr5.trna10-ValCAC:tRNA,181097070,181097142,+	897.9591836734694	0.7241075990978277
Homo_sapiens_chr5.trna4-ValAAC:tRNA	1.0	132.0	1.76	67346.9387755102	54.30806993233708	5:hsa;Homo_sapiens_chr5.trna4-ValAAC:tRNA,181169610,181169682,+	897.9591836734694	0.7241075990978277
Homo_sapiens_chr5.trna10-ValCAC:tRNA	1.0	132.0	1.76	67346.9387755102	54.30806993233708	5:hsa;Homo_sapiens_chr5.trna10-ValCAC:tRNA,181173650,181173722,+	897.9591836734694	0.7241075990978277
Homo_sapiens_chr5.trna12-ValAAC:tRNA	1.0	132.0	1.76	67346.9387755102	54.30806993233708	5:hsa;Homo_sapiens_chr5.trna12-ValAAC:tRNA,181218270,181218342,-	897.9591836734694	0.7241075990978277
Homo_sapiens_chr6.trna9-ValCAC:tRNA	1.0	132.0	1.76	67346.9387755102	54.30806993233708	1:hsa;Homo_sapiens_chr6.trna9-ValCAC:tRNA,121020729,121020801,-	897.9591836734694	0.7241075990978277
Homo_sapiens_chr3.trna2-ValAAC:tRNA	1.0	132.0	1.76	67346.9387755102	54.30806993233708	6:hsa;Homo_sapiens_chr3.trna2-ValAAC:tRNA,27753400,27753472,-	897.9591836734694	0.7241075990978277
Homo_sapiens_chr5.trna2-ValCAC:tRNA	1.0	132.0	1.76	67346.9387755102	54.30806993233708	5:hsa;Homo_sapiens_chr5.trna2-ValCAC:tRNA,181173650,181173722,+	897.9591836734694	0.7241075990978277
Homo_sapiens_chr1.trna85-ValCAC:tRNA	1.0	132.0	1.76	67346.9387755102	54.30806993233708	5:hsa;Homo_sapiens_chr1.trna85-ValCAC:tRNA,181173650,181173722,+	897.9591836734694	0.7241075990978277
Homo_sapiens_chr3.trna2-ValAAC:tRNA	1.0	132.0	1.76	67346.9387755102	54.30806993233708	3:hsa;Homo_sapiens_chr3.trna2-ValAAC:tRNA,169772230,169772302,+	897.9591836734694	0.7241075990978277
Homo_sapiens_chr6.trna132-ValAAC:tRNA	1.0	132.0	1.76	67346.9387755102	54.30806993233708	3:hsa;Homo_sapiens_chr6.trna132-ValAAC:tRNA,169772230,169772302,+	897.9591836734694	0.7241075990978277
Homo_sapiens_chr5.trna6-ValCAC:tRNA	1.0	132.0	1.76	67346.9387755102	54.30806993233708	5:hsa;Homo_sapiens_chr5.trna6-ValCAC:tRNA,181173650,181173722,+	897.9591836734694	0.7241075990978277
Homo_sapiens_chr6.trna9-ValCAC:tRNA	1.0	132.0	1.76	67346.9387755102	54.30806993233708	1:hsa;Homo_sapiens_chr6.trna9-ValCAC:tRNA,161399700,161399772,-	897.9591836734694	0.7241075990978277
Homo_sapiens_chr5.trna5-ValAAC:tRNA	1.0	132.0	1.76	67346.9387755102	54.30806993233708	3:hsa;Homo_sapiens_chr5.trna5-ValAAC:tRNA,169772230,169772302,+	897.9591836734694	0.7241075990978277
Homo_sapiens_chr5.trna6-ValCAC:tRNA	1.0	132.0	1.76	67346.9387755102	54.30806993233708	1:hsa;Homo_sapiens_chr5.trna6-ValCAC:tRNA,149712552,149712624,-	897.9591836734694	0.7241075990978277
Homo_sapiens_chr1.trna85-ValCAC:tRNA	1.0	132.0	1.76	67346.9387755102	54.30806993233708	1:hsa;Homo_sapiens_chr1.trna85-ValCAC:tRNA,121020729,121020801,-	897.9591836734694	0.7241075990978277
Homo_sapiens_chr5.trna12-ValAAC:tRNA	1.0	132.0	1.76	67346.9387755102	54.30806993233708	3:hsa;Homo_sapiens_chr5.trna12-ValAAC:tRNA,169772230,169772302,+	897.9591836734694	0.7241075990978277
Homo_sapiens_chr5.trna18-ValCAC:tRNA	1.0	132.0	1.76	67346.9387755102	54.30806993233708	5:hsa;Homo_sapiens_chr5.trna18-ValCAC:tRNA,181173650,181173722,+	897.9591836734694	0.7241075990978277
Homo_sapiens_chr5.trna2-ValCAC:tRNA	1.0	132.0	1.76	67346.9387755102	54.30806993233708	5:hsa;Homo_sapiens_chr5.trna2-ValCAC:tRNA,181102253,181102325,-	897.9591836734694	0.7241075990978277
Homo_sapiens_chr6.trna132-ValAAC:tRNA	1.0	132.0	1.76	67346.9387755102	54.30806993233708	5:hsa;Homo_sapiens_chr6.trna132-ValAAC:tRNA,181164154,181164226,+	897.9591836734694	0.7241075990978277
Homo_sapiens_chr6.trna136-ValAAC:tRNA	1.0	132.0	1.76	67346.9387755102	54.30806993233708	6:hsa;Homo_sapiens_chr6.trna136-ValAAC:tRNA,27681106,27681178,-	897.9591836734694	0.7241075990978277
Homo_sapiens_chr6.trna9-ValCAC:tRNA	1.0	132.0	1.76	67346.9387755102	54.30806993233708	5:hsa;Homo_sapiens_chr6.trna9-ValCAC:tRNA,181173650,181173722,+	897.9591836734694	0.7241075990978277
Homo_sapiens_chr5.trna5-ValAAC:tRNA	1.0	132.0	1.76	67346.9387755102	54.30806993233708	5:hsa;Homo_sapiens_chr5.trna5-ValAAC:tRNA,181169610,181169682,+	897.9591836734694	0.7241075990978277
Homo_sapiens_chr5.trna18-ValCAC:tRNA	1.0	132.0	1.76	67346.9387755102	54.30806993233708	1:hsa;Homo_sapiens_chr5.trna18-ValCAC:tRNA,149712552,149712624,-	897.9591836734694	0.7241075990978277
Homo_sapiens_chr5.trna10-ValCAC:tRNA	1.0	132.0	1.76	67346.9387755102	54.30806993233708	1:hsa;Homo_sapiens_chr5.trna10-ValCAC:tRNA,149712552,149712624,-	897.9591836734694	0.7241075990978277
Homo_sapiens_chr1.trna85-ValCAC:tRNA	1.0	132.0	1.76	67346.9387755102	54.30806993233708	5:hsa;Homo_sapiens_chr1.trna85-ValCAC:tRNA,181222395,181222467,-	897.9591836734694	0.7241075990978277
Homo_sapiens_chr5.trna15-ValAAC:tRNA	1.0	132.0	1.76	67346.9387755102	54.30806993233708	5:hsa;Homo_sapiens_chr5.trna15-ValAAC:tRNA,181188416,181188488,-	897.9591836734694	0.7241075990978277
Homo_sapiens_chr1.trna85-ValCAC:tRNA	1.0	132.0	1.76	67346.9387755102	54.30806993233708	5:hsa;Homo_sapiens_chr1.trna85-ValCAC:tRNA,181097070,181097142,+	897.9591836734694	0.7241075990978277
Homo_sapiens_chr5.trna2-ValCAC:tRNA	1.0	132.0	1.76	67346.9387755102	54.30806993233708	5:hsa;Homo_sapiens_chr5.trna2-ValCAC:tRNA,181222395,181222467,-	897.9591836734694	0.7241075990978277
Homo_sapiens_chr5.trna4-ValAAC:tRNA	1.0	132.0	1.76	67346.9387755102	54.30806993233708	3:hsa;Homo_sapiens_chr5.trna4-ValAAC:tRNA,169772230,169772302,+	897.9591836734694	0.7241075990978277
Homo_sapiens_chr5.trna10-ValCAC:tRNA	1.0	132.0	1.76	67346.9387755102	54.30806993233708	5:hsa;Homo_sapiens_chr5.trna10-ValCAC:tRNA,181222395,181222467,-	897.9591836734694	0.7241075990978277
Homo_sapiens_chr5.trna10-ValCAC:tRNA	1.0	132.0	1.76	67346.9387755102	54.30806993233708	6:hsa;Homo_sapiens_chr5.trna10-ValCAC:tRNA,26538054,26538126,+	897.9591836734694	0.7241075990978277
Homo_sapiens_chr5.trna6-ValCAC:tRNA	1.0	132.0	1.76	67346.9387755102	54.30806993233708	5:hsa;Homo_sapiens_chr5.trna6-ValCAC:tRNA,181097070,181097142,+	897.9591836734694	0.7241075990978277
Homo_sapiens_chr5.trna12-ValAAC:tRNA	1.0	132.0	1.76	67346.9387755102	54.30806993233708	5:hsa;Homo_sapiens_chr5.trna12-ValAAC:tRNA,181169610,181169682,+	897.9591836734694	0.7241075990978277
Homo_sapiens_chr5.trna6-ValCAC:tRNA	1.0	132.0	1.76	67346.9387755102	54.30806993233708	5:hsa;Homo_sapiens_chr5.trna6-ValCAC:tRNA,181222395,181222467,-	897.9591836734694	0.7241075990978277
Homo_sapiens_chr1.trna85-ValCAC:tRNA	1.0	132.0	1.76	67346.9387755102	54.30806993233708	5:hsa;Homo_sapiens_chr1.trna85-ValCAC:tRNA,181102253,181102325,-	897.9591836734694	0.7241075990978277
Homo_sapiens_chr1.trna85-ValCAC:tRNA	1.0	132.0	1.76	67346.9387755102	54.30806993233708	1:hsa;Homo_sapiens_chr1.trna85-ValCAC:tRNA,161399700,161399772,-	897.9591836734694	0.7241075990978277
Homo_sapiens_chr5.trna12-ValAAC:tRNA	1.0	132.0	1.76	67346.9387755102	54.30806993233708	5:hsa;Homo_sapiens_chr5.trna12-ValAAC:tRNA,181164154,181164226,+	897.9591836734694	0.7241075990978277
Homo_sapiens_chr5.trna6-ValCAC:tRNA	1.0	132.0	1.76	67346.9387755102	54.30806993233708	5:hsa;Homo_sapiens_chr5.trna6-ValCAC:tRNA,181102253,181102325,-	897.9591836734694	0.7241075990978277
Homo_sapiens_chr5.trna2-ValCAC:tRNA	1.0	132.0	1.76	67346.9387755102	54.30806993233708	1:hsa;Homo_sapiens_chr5.trna2-ValCAC:tRNA,161399700,161399772,-	897.9591836734694	0.7241075990978277
Homo_sapiens_chr6.trna48-AspGTC:tRNA	3.0	110.0	0.894308943089431	56122.44897959184	45.25672494361423	6:hsa;Homo_sapiens_chr6.trna48-AspGTC:tRNA,27503744,27503815,+	456.28007300481175	0.36794085320011577
Homo_sapiens_chr1.trna75-AspGTC:tRNA	3.0	110.0	0.894308943089431	56122.44897959184	45.25672494361423	1:hsa;Homo_sapiens_chr1.trna75-AspGTC:tRNA,161448243,161448314,-	456.28007300481175	0.36794085320011577
Homo_sapiens_chr1.trna81-AspGTC:tRNA	3.0	110.0	0.894308943089431	56122.44897959184	45.25672494361423	12:hsa;Homo_sapiens_chr1.trna81-AspGTC:tRNA,124939647,124939718,-	456.28007300481175	0.36794085320011577
Homo_sapiens_chr1.trna81-AspGTC:tRNA	3.0	110.0	0.894308943089431	56122.44897959184	45.25672494361423	6:hsa;Homo_sapiens_chr1.trna81-AspGTC:tRNA,27479674,27479745,+	456.28007300481175	0.36794085320011577
Homo_sapiens_chr1.trna72-AspGTC:tRNA	3.0	110.0	0.894308943089431	56122.44897959184	45.25672494361423	1:hsa;Homo_sapiens_chr1.trna72-AspGTC:tRNA,161448243,161448314,-	456.28007300481175	0.36794085320011577
Homo_sapiens_chr12.trna12-AspGTC:tRNA	3.0	110.0	0.894308943089431	56122.44897959184	45.25672494361423	1:hsa;Homo_sapiens_chr12.trna12-AspGTC:tRNA,161455624,161455695,-	456.28007300481175	0.36794085320011577
Homo_sapiens_chr1.trna81-AspGTC:tRNA	3.0	110.0	0.894308943089431	56122.44897959184	45.25672494361423	1:hsa;Homo_sapiens_chr1.trna81-AspGTC:tRNA,161463034,161463105,-	456.28007300481175	0.36794085320011577
Homo_sapiens_chr12.trna4-AspGTC:tRNA	3.0	110.0	0.894308943089431	56122.44897959184	45.25672494361423	1:hsa;Homo_sapiens_chr12.trna4-AspGTC:tRNA,161463034,161463105,-	456.28007300481175	0.36794085320011577
Homo_sapiens_chr12.trna10-AspGTC:tRNA	3.0	110.0	0.894308943089431	56122.44897959184	45.25672494361423	1:hsa;Homo_sapiens_chr12.trna10-AspGTC:tRNA,161440825,161440896,-	456.28007300481175	0.36794085320011577
Homo_sapiens_chr1.trna72-AspGTC:tRNA	3.0	110.0	0.894308943089431	56122.44897959184	45.25672494361423	17:hsa;Homo_sapiens_chr1.trna72-AspGTC:tRNA,8222238,8222309,-	456.28007300481175	0.36794085320011577
Homo_sapiens_chr17.trna38-AspGTC:tRNA	3.0	110.0	0.894308943089431	56122.44897959184	45.25672494361423	1:hsa;Homo_sapiens_chr17.trna38-AspGTC:tRNA,161440825,161440896,-	456.28007300481175	0.36794085320011577
Homo_sapiens_chr12.trna4-AspGTC:tRNA	3.0	110.0	0.894308943089431	56122.44897959184	45.25672494361423	12:hsa;Homo_sapiens_chr12.trna4-AspGTC:tRNA,124939647,124939718,-	456.28007300481175	0.36794085320011577
Homo_sapiens_chr1.trna72-AspGTC:tRNA	3.0	110.0	0.894308943089431	56122.44897959184	45.25672494361423	12:hsa;Homo_sapiens_chr1.trna72-AspGTC:tRNA,124927345,124927416,-	456.28007300481175	0.36794085320011577
Homo_sapiens_chr12.trna4-AspGTC:tRNA	3.0	110.0	0.894308943089431	56122.44897959184	45.25672494361423	6:hsa;Homo_sapiens_chr12.trna4-AspGTC:tRNA,27503744,27503815,+	456.28007300481175	0.36794085320011577
Homo_sapiens_chr1.trna75-AspGTC:tRNA	3.0	110.0	0.894308943089431	56122.44897959184	45.25672494361423	17:hsa;Homo_sapiens_chr1.trna75-AspGTC:tRNA,8222238,8222309,-	456.28007300481175	0.36794085320011577
Homo_sapiens_chr12.trna10-AspGTC:tRNA	3.0	110.0	0.894308943089431	56122.44897959184	45.25672494361423	1:hsa;Homo_sapiens_chr12.trna10-AspGTC:tRNA,161470415,161470486,-	456.28007300481175	0.36794085320011577
Homo_sapiens_chr1.trna69-AspGTC:tRNA	3.0	110.0	0.894308943089431	56122.44897959184	45.25672494361423	1:hsa;Homo_sapiens_chr1.trna69-AspGTC:tRNA,161440825,161440896,-	456.28007300481175	0.36794085320011577
Homo_sapiens_chr6.trna48-AspGTC:tRNA	3.0	110.0	0.894308943089431	56122.44897959184	45.25672494361423	17:hsa;Homo_sapiens_chr6.trna48-AspGTC:tRNA,8222238,8222309,-	456.28007300481175	0.36794085320011577
Homo_sapiens_chr6.trna48-AspGTC:tRNA	3.0	110.0	0.894308943089431	56122.44897959184	45.25672494361423	1:hsa;Homo_sapiens_chr6.trna48-AspGTC:tRNA,161440825,161440896,-	456.28007300481175	0.36794085320011577
Homo_sapiens_chr12.trna10-AspGTC:tRNA	3.0	110.0	0.894308943089431	56122.44897959184	45.25672494361423	6:hsa;Homo_sapiens_chr12.trna10-AspGTC:tRNA,27479674,27479745,+	456.28007300481175	0.36794085320011577
Homo_sapiens_chr6.trna45-AspGTC:tRNA	3.0	110.0	0.894308943089431	56122.44897959184	45.25672494361423	6:hsa;Homo_sapiens_chr6.trna45-AspGTC:tRNA,27503744,27503815,+	456.28007300481175	0.36794085320011577
Homo_sapiens_chr1.trna72-AspGTC:tRNA	3.0	110.0	0.894308943089431	56122.44897959184	45.25672494361423	6:hsa;Homo_sapiens_chr1.trna72-AspGTC:tRNA,27479674,27479745,+	456.28007300481175	0.36794085320011577
Homo_sapiens_chr1.trna72-AspGTC:tRNA	3.0	110.0	0.894308943089431	56122.44897959184	45.25672494361423	1:hsa;Homo_sapiens_chr1.trna72-AspGTC:tRNA,161463034,161463105,-	456.28007300481175	0.36794085320011577
Homo_sapiens_chr17.trna38-AspGTC:tRNA	3.0	110.0	0.894308943089431	56122.44897959184	45.25672494361423	6:hsa;Homo_sapiens_chr17.trna38-AspGTC:tRNA,27479674,27479745,+	456.28007300481175	0.36794085320011577
Homo_sapiens_chr12.trna10-AspGTC:tRNA	3.0	110.0	0.894308943089431	56122.44897959184	45.25672494361423	1:hsa;Homo_sapiens_chr12.trna10-AspGTC:tRNA,161463034,161463105,-	456.28007300481175	0.36794085320011577
Homo_sapiens_chr17.trna38-AspGTC:tRNA	3.0	110.0	0.894308943089431	56122.44897959184	45.25672494361423	1:hsa;Homo_sapiens_chr17.trna38-AspGTC:tRNA,161470415,161470486,-	456.28007300481175	0.36794085320011577
Homo_sapiens_chr1.trna78-AspGTC:tRNA	3.0	110.0	0.894308943089431	56122.44897959184	45.25672494361423	1:hsa;Homo_sapiens_chr1.trna78-AspGTC:tRNA,161455624,161455695,-	456.28007300481175	0.36794085320011577
Homo_sapiens_chr12.trna5-AspGTC:tRNA	3.0	110.0	0.894308943089431	56122.44897959184	45.25672494361423	12:hsa;Homo_sapiens_chr12.trna5-AspGTC:tRNA,98503503,98503574,+	456.28007300481175	0.36794085320011577
Homo_sapiens_chr1.trna75-AspGTC:tRNA	3.0	110.0	0.894308943089431	56122.44897959184	45.25672494361423	6:hsa;Homo_sapiens_chr1.trna75-AspGTC:tRNA,27479674,27479745,+	456.28007300481175	0.36794085320011577
Homo_sapiens_chr6.trna48-AspGTC:tRNA	3.0	110.0	0.894308943089431	56122.44897959184	45.25672494361423	1:hsa;Homo_sapiens_chr6.trna48-AspGTC:tRNA,161470415,161470486,-	456.28007300481175	0.36794085320011577
Homo_sapiens_chr12.trna10-AspGTC:tRNA	3.0	110.0	0.894308943089431	56122.44897959184	45.25672494361423	12:hsa;Homo_sapiens_chr12.trna10-AspGTC:tRNA,124927345,124927416,-	456.28007300481175	0.36794085320011577
Homo_sapiens_chr1.trna69-AspGTC:tRNA	3.0	110.0	0.894308943089431	56122.44897959184	45.25672494361423	6:hsa;Homo_sapiens_chr1.trna69-AspGTC:tRNA,27479674,27479745,+	456.28007300481175	0.36794085320011577
Homo_sapiens_chr6.trna45-AspGTC:tRNA	3.0	110.0	0.894308943089431	56122.44897959184	45.25672494361423	17:hsa;Homo_sapiens_chr6.trna45-AspGTC:tRNA,8222238,8222309,-	456.28007300481175	0.36794085320011577
Homo_sapiens_chr1.trna81-AspGTC:tRNA	3.0	110.0	0.894308943089431	56122.44897959184	45.25672494361423	1:hsa;Homo_sapiens_chr1.trna81-AspGTC:tRNA,161440825,161440896,-	456.28007300481175	0.36794085320011577
Homo_sapiens_chr12.trna4-AspGTC:tRNA	3.0	110.0	0.894308943089431	56122.44897959184	45.25672494361423	1:hsa;Homo_sapiens_chr12.trna4-AspGTC:tRNA,161440825,161440896,-	456.28007300481175	0.36794085320011577
Homo_sapiens_chr1.trna81-AspGTC:tRNA	3.0	110.0	0.894308943089431	56122.44897959184	45.25672494361423	1:hsa;Homo_sapiens_chr1.trna81-AspGTC:tRNA,161448243,161448314,-	456.28007300481175	0.36794085320011577
Homo_sapiens_chr1.trna72-AspGTC:tRNA	3.0	110.0	0.894308943089431	56122.44897959184	45.25672494361423	1:hsa;Homo_sapiens_chr1.trna72-AspGTC:tRNA,161455624,161455695,-	456.28007300481175	0.36794085320011577
Homo_sapiens_chr6.trna45-AspGTC:tRNA	3.0	110.0	0.894308943089431	56122.44897959184	45.25672494361423	12:hsa;Homo_sapiens_chr6.trna45-AspGTC:tRNA,96036021,96036092,+	456.28007300481175	0.36794085320011577
Homo_sapiens_chr6.trna48-AspGTC:tRNA	3.0	110.0	0.894308943089431	56122.44897959184	45.25672494361423	12:hsa;Homo_sapiens_chr6.trna48-AspGTC:tRNA,124927345,124927416,-	456.28007300481175	0.36794085320011577
Homo_sapiens_chr17.trna38-AspGTC:tRNA	3.0	110.0	0.894308943089431	56122.44897959184	45.25672494361423	1:hsa;Homo_sapiens_chr17.trna38-AspGTC:tRNA,161463034,161463105,-	456.28007300481175	0.36794085320011577
Homo_sapiens_chr12.trna4-AspGTC:tRNA	3.0	110.0	0.894308943089431	56122.44897959184	45.25672494361423	1:hsa;Homo_sapiens_chr12.trna4-AspGTC:tRNA,161448243,161448314,-	456.28007300481175	0.36794085320011577
Homo_sapiens_chr12.trna10-AspGTC:tRNA	3.0	110.0	0.894308943089431	56122.44897959184	45.25672494361423	12:hsa;Homo_sapiens_chr12.trna10-AspGTC:tRNA,124939647,124939718,-	456.28007300481175	0.36794085320011577
Homo_sapiens_chr17.trna38-AspGTC:tRNA	3.0	110.0	0.894308943089431	56122.44897959184	45.25672494361423	12:hsa;Homo_sapiens_chr17.trna38-AspGTC:tRNA,124927345,124927416,-	456.28007300481175	0.36794085320011577
Homo_sapiens_chr1.trna75-AspGTC:tRNA	3.0	110.0	0.894308943089431	56122.44897959184	45.25672494361423	1:hsa;Homo_sapiens_chr1.trna75-AspGTC:tRNA,161440825,161440896,-	456.28007300481175	0.36794085320011577
Homo_sapiens_chr1.trna81-AspGTC:tRNA	3.0	110.0	0.894308943089431	56122.44897959184	45.25672494361423	1:hsa;Homo_sapiens_chr1.trna81-AspGTC:tRNA,161455624,161455695,-	456.28007300481175	0.36794085320011577
Homo_sapiens_chr1.trna78-AspGTC:tRNA	3.0	110.0	0.894308943089431	56122.44897959184	45.25672494361423	1:hsa;Homo_sapiens_chr1.trna78-AspGTC:tRNA,161470415,161470486,-	456.28007300481175	0.36794085320011577
Homo_sapiens_chr12.trna12-AspGTC:tRNA	3.0	110.0	0.894308943089431	56122.44897959184	45.25672494361423	12:hsa;Homo_sapiens_chr12.trna12-AspGTC:tRNA,96036021,96036092,+	456.28007300481175	0.36794085320011577
Homo_sapiens_chr12.trna4-AspGTC:tRNA	3.0	110.0	0.894308943089431	56122.44897959184	45.25672494361423	1:hsa;Homo_sapiens_chr12.trna4-AspGTC:tRNA,161470415,161470486,-	456.28007300481175	0.36794085320011577
Homo_sapiens_chr6.trna45-AspGTC:tRNA	3.0	110.0	0.894308943089431	56122.44897959184	45.25672494361423	1:hsa;Homo_sapiens_chr6.trna45-AspGTC:tRNA,161448243,161448314,-	456.28007300481175	0.36794085320011577
Homo_sapiens_chr1.trna81-AspGTC:tRNA	3.0	110.0	0.894308943089431	56122.44897959184	45.25672494361423	1:hsa;Homo_sapiens_chr1.trna81-AspGTC:tRNA,161470415,161470486,-	456.28007300481175	0.36794085320011577
Homo_sapiens_chr1.trna69-AspGTC:tRNA	3.0	110.0	0.894308943089431	56122.44897959184	45.25672494361423	12:hsa;Homo_sapiens_chr1.trna69-AspGTC:tRNA,96036021,96036092,+	456.28007300481175	0.36794085320011577
Homo_sapiens_chr1.trna78-AspGTC:tRNA	3.0	110.0	0.894308943089431	56122.44897959184	45.25672494361423	1:hsa;Homo_sapiens_chr1.trna78-AspGTC:tRNA,161463034,161463105,-	456.28007300481175	0.36794085320011577
Homo_sapiens_chr12.trna4-AspGTC:tRNA	3.0	110.0	0.894308943089431	56122.44897959184	45.25672494361423	6:hsa;Homo_sapiens_chr12.trna4-AspGTC:tRNA,27479674,27479745,+	456.28007300481175	0.36794085320011577
Homo_sapiens_chr1.trna69-AspGTC:tRNA	3.0	110.0	0.894308943089431	56122.44897959184	45.25672494361423	1:hsa;Homo_sapiens_chr1.trna69-AspGTC:tRNA,161463034,161463105,-	456.28007300481175	0.36794085320011577
Homo_sapiens_chr6.trna45-AspGTC:tRNA	3.0	110.0	0.894308943089431	56122.44897959184	45.25672494361423	12:hsa;Homo_sapiens_chr6.trna45-AspGTC:tRNA,124939647,124939718,-	456.28007300481175	0.36794085320011577
Homo_sapiens_chr1.trna72-AspGTC:tRNA	3.0	110.0	0.894308943089431	56122.44897959184	45.25672494361423	1:hsa;Homo_sapiens_chr1.trna72-AspGTC:tRNA,161440825,161440896,-	456.28007300481175	0.36794085320011577
Homo_sapiens_chr12.trna12-AspGTC:tRNA	3.0	110.0	0.894308943089431	56122.44897959184	45.25672494361423	6:hsa;Homo_sapiens_chr12.trna12-AspGTC:tRNA,27503744,27503815,+	456.28007300481175	0.36794085320011577
Homo_sapiens_chr12.trna10-AspGTC:tRNA	3.0	110.0	0.894308943089431	56122.44897959184	45.25672494361423	17:hsa;Homo_sapiens_chr12.trna10-AspGTC:tRNA,8222238,8222309,-	456.28007300481175	0.36794085320011577
Homo_sapiens_chr1.trna81-AspGTC:tRNA	3.0	110.0	0.894308943089431	56122.44897959184	45.25672494361423	12:hsa;Homo_sapiens_chr1.trna81-AspGTC:tRNA,124927345,124927416,-	456.28007300481175	0.36794085320011577
Homo_sapiens_chr1.trna72-AspGTC:tRNA	3.0	110.0	0.894308943089431	56122.44897959184	45.25672494361423	12:hsa;Homo_sapiens_chr1.trna72-AspGTC:tRNA,96036021,96036092,+	456.28007300481175	0.36794085320011577
Homo_sapiens_chr1.trna69-AspGTC:tRNA	3.0	110.0	0.894308943089431	56122.44897959184	45.25672494361423	17:hsa;Homo_sapiens_chr1.trna69-AspGTC:tRNA,8222238,8222309,-	456.28007300481175	0.36794085320011577
Homo_sapiens_chr6.trna45-AspGTC:tRNA	3.0	110.0	0.894308943089431	56122.44897959184	45.25672494361423	1:hsa;Homo_sapiens_chr6.trna45-AspGTC:tRNA,161455624,161455695,-	456.28007300481175	0.36794085320011577
Homo_sapiens_chr6.trna45-AspGTC:tRNA	3.0	110.0	0.894308943089431	56122.44897959184	45.25672494361423	6:hsa;Homo_sapiens_chr6.trna45-AspGTC:tRNA,27479674,27479745,+	456.28007300481175	0.36794085320011577
Homo_sapiens_chr1.trna69-AspGTC:tRNA	3.0	110.0	0.894308943089431	56122.44897959184	45.25672494361423	6:hsa;Homo_sapiens_chr1.trna69-AspGTC:tRNA,27503744,27503815,+	456.28007300481175	0.36794085320011577
Homo_sapiens_chr12.trna12-AspGTC:tRNA	3.0	110.0	0.894308943089431	56122.44897959184	45.25672494361423	1:hsa;Homo_sapiens_chr12.trna12-AspGTC:tRNA,161448243,161448314,-	456.28007300481175	0.36794085320011577
Homo_sapiens_chr12.trna12-AspGTC:tRNA	3.0	110.0	0.894308943089431	56122.44897959184	45.25672494361423	1:hsa;Homo_sapiens_chr12.trna12-AspGTC:tRNA,161440825,161440896,-	456.28007300481175	0.36794085320011577
Homo_sapiens_chr17.trna38-AspGTC:tRNA	3.0	110.0	0.894308943089431	56122.44897959184	45.25672494361423	1:hsa;Homo_sapiens_chr17.trna38-AspGTC:tRNA,161448243,161448314,-	456.28007300481175	0.36794085320011577
Homo_sapiens_chr5.trna22-AspGTC:tRNA	3.0	110.0	0.894308943089431	56122.44897959184	45.25672494361423	5:hsa;Homo_sapiens_chr5.trna22-AspGTC:tRNA,142394423,142394494,-	456.28007300481175	0.36794085320011577
Homo_sapiens_chr1.trna75-AspGTC:tRNA	3.0	110.0	0.894308943089431	56122.44897959184	45.25672494361423	12:hsa;Homo_sapiens_chr1.trna75-AspGTC:tRNA,124927345,124927416,-	456.28007300481175	0.36794085320011577
Homo_sapiens_chr6.trna48-AspGTC:tRNA	3.0	110.0	0.894308943089431	56122.44897959184	45.25672494361423	12:hsa;Homo_sapiens_chr6.trna48-AspGTC:tRNA,124939647,124939718,-	456.28007300481175	0.36794085320011577
Homo_sapiens_chr1.trna75-AspGTC:tRNA	3.0	110.0	0.894308943089431	56122.44897959184	45.25672494361423	1:hsa;Homo_sapiens_chr1.trna75-AspGTC:tRNA,161455624,161455695,-	456.28007300481175	0.36794085320011577
Homo_sapiens_chr12.trna12-AspGTC:tRNA	3.0	110.0	0.894308943089431	56122.44897959184	45.25672494361423	6:hsa;Homo_sapiens_chr12.trna12-AspGTC:tRNA,27479674,27479745,+	456.28007300481175	0.36794085320011577
Homo_sapiens_chr12.trna4-AspGTC:tRNA	3.0	110.0	0.894308943089431	56122.44897959184	45.25672494361423	1:hsa;Homo_sapiens_chr12.trna4-AspGTC:tRNA,161455624,161455695,-	456.28007300481175	0.36794085320011577
Homo_sapiens_chr1.trna81-AspGTC:tRNA	3.0	110.0	0.894308943089431	56122.44897959184	45.25672494361423	12:hsa;Homo_sapiens_chr1.trna81-AspGTC:tRNA,96036021,96036092,+	456.28007300481175	0.36794085320011577
Homo_sapiens_chr12.trna4-AspGTC:tRNA	3.0	110.0	0.894308943089431	56122.44897959184	45.25672494361423	12:hsa;Homo_sapiens_chr12.trna4-AspGTC:tRNA,96036021,96036092,+	456.28007300481175	0.36794085320011577
Homo_sapiens_chr12.trna12-AspGTC:tRNA	3.0	110.0	0.894308943089431	56122.44897959184	45.25672494361423	17:hsa;Homo_sapiens_chr12.trna12-AspGTC:tRNA,8222238,8222309,-	456.28007300481175	0.36794085320011577
Homo_sapiens_chr6.trna45-AspGTC:tRNA	3.0	110.0	0.894308943089431	56122.44897959184	45.25672494361423	1:hsa;Homo_sapiens_chr6.trna45-AspGTC:tRNA,161440825,161440896,-	456.28007300481175	0.36794085320011577
Homo_sapiens_chr1.trna75-AspGTC:tRNA	3.0	110.0	0.894308943089431	56122.44897959184	45.25672494361423	12:hsa;Homo_sapiens_chr1.trna75-AspGTC:tRNA,124939647,124939718,-	456.28007300481175	0.36794085320011577
Homo_sapiens_chr1.trna78-AspGTC:tRNA	3.0	110.0	0.894308943089431	56122.44897959184	45.25672494361423	17:hsa;Homo_sapiens_chr1.trna78-AspGTC:tRNA,8222238,8222309,-	456.28007300481175	0.36794085320011577
Homo_sapiens_chr1.trna78-AspGTC:tRNA	3.0	110.0	0.894308943089431	56122.44897959184	45.25672494361423	1:hsa;Homo_sapiens_chr1.trna78-AspGTC:tRNA,161448243,161448314,-	456.28007300481175	0.36794085320011577
Homo_sapiens_chr6.trna45-AspGTC:tRNA	3.0	110.0	0.894308943089431	56122.44897959184	45.25672494361423	1:hsa;Homo_sapiens_chr6.trna45-AspGTC:tRNA,161470415,161470486,-	456.28007300481175	0.36794085320011577
Homo_sapiens_chr12.trna12-AspGTC:tRNA	3.0	110.0	0.894308943089431	56122.44897959184	45.25672494361423	12:hsa;Homo_sapiens_chr12.trna12-AspGTC:tRNA,124939647,124939718,-	456.28007300481175	0.36794085320011577
Homo_sapiens_chr12.trna12-AspGTC:tRNA	3.0	110.0	0.894308943089431	56122.44897959184	45.25672494361423	1:hsa;Homo_sapiens_chr12.trna12-AspGTC:tRNA,161470415,161470486,-	456.28007300481175	0.36794085320011577
Homo_sapiens_chr1.trna75-AspGTC:tRNA	3.0	110.0	0.894308943089431	56122.44897959184	45.25672494361423	12:hsa;Homo_sapiens_chr1.trna75-AspGTC:tRNA,96036021,96036092,+	456.28007300481175	0.36794085320011577
Homo_sapiens_chr1.trna78-AspGTC:tRNA	3.0	110.0	0.894308943089431	56122.44897959184	45.25672494361423	12:hsa;Homo_sapiens_chr1.trna78-AspGTC:tRNA,124927345,124927416,-	456.28007300481175	0.36794085320011577
Homo_sapiens_chr12.trna10-AspGTC:tRNA	3.0	110.0	0.894308943089431	56122.44897959184	45.25672494361423	1:hsa;Homo_sapiens_chr12.trna10-AspGTC:tRNA,161455624,161455695,-	456.28007300481175	0.36794085320011577
Homo_sapiens_chr6.trna48-AspGTC:tRNA	3.0	110.0	0.894308943089431	56122.44897959184	45.25672494361423	1:hsa;Homo_sapiens_chr6.trna48-AspGTC:tRNA,161463034,161463105,-	456.28007300481175	0.36794085320011577
Homo_sapiens_chr1.trna72-AspGTC:tRNA	3.0	110.0	0.894308943089431	56122.44897959184	45.25672494361423	12:hsa;Homo_sapiens_chr1.trna72-AspGTC:tRNA,124939647,124939718,-	456.28007300481175	0.36794085320011577
Homo_sapiens_chr1.trna69-AspGTC:tRNA	3.0	110.0	0.894308943089431	56122.44897959184	45.25672494361423	12:hsa;Homo_sapiens_chr1.trna69-AspGTC:tRNA,124927345,124927416,-	456.28007300481175	0.36794085320011577
Homo_sapiens_chr12.trna12-AspGTC:tRNA	3.0	110.0	0.894308943089431	56122.44897959184	45.25672494361423	1:hsa;Homo_sapiens_chr12.trna12-AspGTC:tRNA,161463034,161463105,-	456.28007300481175	0.36794085320011577
Homo_sapiens_chr1.trna72-AspGTC:tRNA	3.0	110.0	0.894308943089431	56122.44897959184	45.25672494361423	1:hsa;Homo_sapiens_chr1.trna72-AspGTC:tRNA,161470415,161470486,-	456.28007300481175	0.36794085320011577
Homo_sapiens_chr1.trna69-AspGTC:tRNA	3.0	110.0	0.894308943089431	56122.44897959184	45.25672494361423	12:hsa;Homo_sapiens_chr1.trna69-AspGTC:tRNA,124939647,124939718,-	456.28007300481175	0.36794085320011577
Homo_sapiens_chr1.trna69-AspGTC:tRNA	3.0	110.0	0.894308943089431	56122.44897959184	45.25672494361423	1:hsa;Homo_sapiens_chr1.trna69-AspGTC:tRNA,161448243,161448314,-	456.28007300481175	0.36794085320011577
Homo_sapiens_chr1.trna78-AspGTC:tRNA	3.0	110.0	0.894308943089431	56122.44897959184	45.25672494361423	6:hsa;Homo_sapiens_chr1.trna78-AspGTC:tRNA,27479674,27479745,+	456.28007300481175	0.36794085320011577
Homo_sapiens_chr12.trna10-AspGTC:tRNA	3.0	110.0	0.894308943089431	56122.44897959184	45.25672494361423	12:hsa;Homo_sapiens_chr12.trna10-AspGTC:tRNA,96036021,96036092,+	456.28007300481175	0.36794085320011577
Homo_sapiens_chr12.trna4-AspGTC:tRNA	3.0	110.0	0.894308943089431	56122.44897959184	45.25672494361423	17:hsa;Homo_sapiens_chr12.trna4-AspGTC:tRNA,8222238,8222309,-	456.28007300481175	0.36794085320011577
Homo_sapiens_chr6.trna45-AspGTC:tRNA	3.0	110.0	0.894308943089431	56122.44897959184	45.25672494361423	12:hsa;Homo_sapiens_chr6.trna45-AspGTC:tRNA,124927345,124927416,-	456.28007300481175	0.36794085320011577
Homo_sapiens_chr1.trna78-AspGTC:tRNA	3.0	110.0	0.894308943089431	56122.44897959184	45.25672494361423	12:hsa;Homo_sapiens_chr1.trna78-AspGTC:tRNA,96036021,96036092,+	456.28007300481175	0.36794085320011577
Homo_sapiens_chr1.trna69-AspGTC:tRNA	3.0	110.0	0.894308943089431	56122.44897959184	45.25672494361423	1:hsa;Homo_sapiens_chr1.trna69-AspGTC:tRNA,161455624,161455695,-	456.28007300481175	0.36794085320011577
Homo_sapiens_chr1.trna78-AspGTC:tRNA	3.0	110.0	0.894308943089431	56122.44897959184	45.25672494361423	6:hsa;Homo_sapiens_chr1.trna78-AspGTC:tRNA,27503744,27503815,+	456.28007300481175	0.36794085320011577
Homo_sapiens_chr1.trna72-AspGTC:tRNA	3.0	110.0	0.894308943089431	56122.44897959184	45.25672494361423	6:hsa;Homo_sapiens_chr1.trna72-AspGTC:tRNA,27503744,27503815,+	456.28007300481175	0.36794085320011577
Homo_sapiens_chr12.trna10-AspGTC:tRNA	3.0	110.0	0.894308943089431	56122.44897959184	45.25672494361423	1:hsa;Homo_sapiens_chr12.trna10-AspGTC:tRNA,161448243,161448314,-	456.28007300481175	0.36794085320011577
Homo_sapiens_chr1.trna78-AspGTC:tRNA	3.0	110.0	0.894308943089431	56122.44897959184	45.25672494361423	1:hsa;Homo_sapiens_chr1.trna78-AspGTC:tRNA,161440825,161440896,-	456.28007300481175	0.36794085320011577
Homo_sapiens_chr17.trna38-AspGTC:tRNA	3.0	110.0	0.894308943089431	56122.44897959184	45.25672494361423	17:hsa;Homo_sapiens_chr17.trna38-AspGTC:tRNA,8222238,8222309,-	456.28007300481175	0.36794085320011577
Homo_sapiens_chr1.trna81-AspGTC:tRNA	3.0	110.0	0.894308943089431	56122.44897959184	45.25672494361423	6:hsa;Homo_sapiens_chr1.trna81-AspGTC:tRNA,27503744,27503815,+	456.28007300481175	0.36794085320011577
Homo_sapiens_chr1.trna81-AspGTC:tRNA	3.0	110.0	0.894308943089431	56122.44897959184	45.25672494361423	17:hsa;Homo_sapiens_chr1.trna81-AspGTC:tRNA,8222238,8222309,-	456.28007300481175	0.36794085320011577
Homo_sapiens_chr12.trna4-AspGTC:tRNA	3.0	110.0	0.894308943089431	56122.44897959184	45.25672494361423	12:hsa;Homo_sapiens_chr12.trna4-AspGTC:tRNA,124927345,124927416,-	456.28007300481175	0.36794085320011577
Homo_sapiens_chr1.trna78-AspGTC:tRNA	3.0	110.0	0.894308943089431	56122.44897959184	45.25672494361423	12:hsa;Homo_sapiens_chr1.trna78-AspGTC:tRNA,124939647,124939718,-	456.28007300481175	0.36794085320011577
Homo_sapiens_chr17.trna38-AspGTC:tRNA	3.0	110.0	0.894308943089431	56122.44897959184	45.25672494361423	6:hsa;Homo_sapiens_chr17.trna38-AspGTC:tRNA,27503744,27503815,+	456.28007300481175	0.36794085320011577
Homo_sapiens_chr1.trna75-AspGTC:tRNA	3.0	110.0	0.894308943089431	56122.44897959184	45.25672494361423	1:hsa;Homo_sapiens_chr1.trna75-AspGTC:tRNA,161463034,161463105,-	456.28007300481175	0.36794085320011577
Homo_sapiens_chr17.trna38-AspGTC:tRNA	3.0	110.0	0.894308943089431	56122.44897959184	45.25672494361423	12:hsa;Homo_sapiens_chr17.trna38-AspGTC:tRNA,96036021,96036092,+	456.28007300481175	0.36794085320011577
Homo_sapiens_chr6.trna48-AspGTC:tRNA	3.0	110.0	0.894308943089431	56122.44897959184	45.25672494361423	1:hsa;Homo_sapiens_chr6.trna48-AspGTC:tRNA,161455624,161455695,-	456.28007300481175	0.36794085320011577
Homo_sapiens_chr1.trna75-AspGTC:tRNA	3.0	110.0	0.894308943089431	56122.44897959184	45.25672494361423	1:hsa;Homo_sapiens_chr1.trna75-AspGTC:tRNA,161470415,161470486,-	456.28007300481175	0.36794085320011577
Homo_sapiens_chr1.trna75-AspGTC:tRNA	3.0	110.0	0.894308943089431	56122.44897959184	45.25672494361423	6:hsa;Homo_sapiens_chr1.trna75-AspGTC:tRNA,27503744,27503815,+	456.28007300481175	0.36794085320011577
Homo_sapiens_chr12.trna10-AspGTC:tRNA	3.0	110.0	0.894308943089431	56122.44897959184	45.25672494361423	6:hsa;Homo_sapiens_chr12.trna10-AspGTC:tRNA,27503744,27503815,+	456.28007300481175	0.36794085320011577
Homo_sapiens_chr17.trna38-AspGTC:tRNA	3.0	110.0	0.894308943089431	56122.44897959184	45.25672494361423	1:hsa;Homo_sapiens_chr17.trna38-AspGTC:tRNA,161455624,161455695,-	456.28007300481175	0.36794085320011577
Homo_sapiens_chr6.trna48-AspGTC:tRNA	3.0	110.0	0.894308943089431	56122.44897959184	45.25672494361423	1:hsa;Homo_sapiens_chr6.trna48-AspGTC:tRNA,161448243,161448314,-	456.28007300481175	0.36794085320011577
Homo_sapiens_chr6.trna48-AspGTC:tRNA	3.0	110.0	0.894308943089431	56122.44897959184	45.25672494361423	6:hsa;Homo_sapiens_chr6.trna48-AspGTC:tRNA,27479674,27479745,+	456.28007300481175	0.36794085320011577
Homo_sapiens_chr6.trna48-AspGTC:tRNA	3.0	110.0	0.894308943089431	56122.44897959184	45.25672494361423	12:hsa;Homo_sapiens_chr6.trna48-AspGTC:tRNA,96036021,96036092,+	456.28007300481175	0.36794085320011577
Homo_sapiens_chr6.trna45-AspGTC:tRNA	3.0	110.0	0.894308943089431	56122.44897959184	45.25672494361423	1:hsa;Homo_sapiens_chr6.trna45-AspGTC:tRNA,161463034,161463105,-	456.28007300481175	0.36794085320011577
Homo_sapiens_chr17.trna38-AspGTC:tRNA	3.0	110.0	0.894308943089431	56122.44897959184	45.25672494361423	12:hsa;Homo_sapiens_chr17.trna38-AspGTC:tRNA,124939647,124939718,-	456.28007300481175	0.36794085320011577
Homo_sapiens_chr12.trna12-AspGTC:tRNA	3.0	110.0	0.894308943089431	56122.44897959184	45.25672494361423	12:hsa;Homo_sapiens_chr12.trna12-AspGTC:tRNA,124927345,124927416,-	456.28007300481175	0.36794085320011577
Homo_sapiens_chr1.trna69-AspGTC:tRNA	3.0	110.0	0.894308943089431	56122.44897959184	45.25672494361423	1:hsa;Homo_sapiens_chr1.trna69-AspGTC:tRNA,161470415,161470486,-	456.28007300481175	0.36794085320011577
Homo_sapiens_chr12.trna3-GlnCTG:tRNA	8.0	107.0	107.0	54591.836734693876	44.022450626970205	12:hsa;Homo_sapiens_chr12.trna3-GlnCTG:tRNA,74457402,74457474,+	54591.836734693876	44.022450626970205
Homo_sapiens_chr1.trna70-GlyTCC:tRNA	1.0	92.0	2.4864864864864864	46938.77551020408	37.85107904375008	1:hsa;Homo_sapiens_chr1.trna70-GlyTCC:tRNA,161454966,161455037,-	1268.61555432984	1.0230021363175699
Homo_sapiens_chr1.trna76-GlyTCC:tRNA	1.0	92.0	2.4864864864864864	46938.77551020408	37.85107904375008	1:hsa;Homo_sapiens_chr1.trna76-GlyTCC:tRNA,161469757,161469828,-	1268.61555432984	1.0230021363175699
Homo_sapiens_chr1.trna107-AsnGTT:tRNA	7.0	92.0	1.7358490566037736	46938.77551020408	37.85107904375008	1:hsa;Homo_sapiens_chr1.trna107-AsnGTT:tRNA,144419267,144419340,+	885.6372737774356	0.7141713027122658
Homo_sapiens_chr1.trna70-GlyTCC:tRNA	1.0	92.0	2.4864864864864864	46938.77551020408	37.85107904375008	1:hsa;Homo_sapiens_chr1.trna70-GlyTCC:tRNA,161447585,161447656,-	1268.61555432984	1.0230021363175699
Homo_sapiens_chr1.trna79-GlyTCC:tRNA	1.0	92.0	2.4864864864864864	46938.77551020408	37.85107904375008	1:hsa;Homo_sapiens_chr1.trna79-GlyTCC:tRNA,146037061,146037132,+	1268.61555432984	1.0230021363175699
Homo_sapiens_chr1.trna70-GlyTCC:tRNA	1.0	92.0	2.4864864864864864	46938.77551020408	37.85107904375008	1:hsa;Homo_sapiens_chr1.trna70-GlyTCC:tRNA,161531113,161531184,+	1268.61555432984	1.0230021363175699
Homo_sapiens_chr1.trna117-GlyTCC:tRNA	1.0	92.0	2.4864864864864864	46938.77551020408	37.85107904375008	1:hsa;Homo_sapiens_chr1.trna117-GlyTCC:tRNA,146037061,146037132,+	1268.61555432984	1.0230021363175699
Homo_sapiens_chr1.trna45-GlyTCC:tRNA	1.0	92.0	2.4864864864864864	46938.77551020408	37.85107904375008	1:hsa;Homo_sapiens_chr1.trna45-GlyTCC:tRNA,161462376,161462447,-	1268.61555432984	1.0230021363175699
Homo_sapiens_chr1.trna70-GlyTCC:tRNA	1.0	92.0	2.4864864864864864	46938.77551020408	37.85107904375008	1:hsa;Homo_sapiens_chr1.trna70-GlyTCC:tRNA,161469757,161469828,-	1268.61555432984	1.0230021363175699
Homo_sapiens_chr1.trna76-GlyTCC:tRNA	1.0	92.0	2.4864864864864864	46938.77551020408	37.85107904375008	1:hsa;Homo_sapiens_chr1.trna76-GlyTCC:tRNA,161462376,161462447,-	1268.61555432984	1.0230021363175699
Homo_sapiens_chr1.trna73-GlyTCC:tRNA	1.0	92.0	2.4864864864864864	46938.77551020408	37.85107904375008	1:hsa;Homo_sapiens_chr1.trna73-GlyTCC:tRNA,161447585,161447656,-	1268.61555432984	1.0230021363175699
Homo_sapiens_chr1.trna79-GlyTCC:tRNA	1.0	92.0	2.4864864864864864	46938.77551020408	37.85107904375008	1:hsa;Homo_sapiens_chr1.trna79-GlyTCC:tRNA,161454966,161455037,-	1268.61555432984	1.0230021363175699
Homo_sapiens_chr1.trna79-GlyTCC:tRNA	1.0	92.0	2.4864864864864864	46938.77551020408	37.85107904375008	1:hsa;Homo_sapiens_chr1.trna79-GlyTCC:tRNA,161447585,161447656,-	1268.61555432984	1.0230021363175699
Homo_sapiens_chr1.trna117-GlyTCC:tRNA	1.0	92.0	2.4864864864864864	46938.77551020408	37.85107904375008	1:hsa;Homo_sapiens_chr1.trna117-GlyTCC:tRNA,161462376,161462447,-	1268.61555432984	1.0230021363175699
Homo_sapiens_chr1.trna76-GlyTCC:tRNA	1.0	92.0	2.4864864864864864	46938.77551020408	37.85107904375008	1:hsa;Homo_sapiens_chr1.trna76-GlyTCC:tRNA,161447585,161447656,-	1268.61555432984	1.0230021363175699
Homo_sapiens_chr1.trna117-GlyTCC:tRNA	1.0	92.0	2.4864864864864864	46938.77551020408	37.85107904375008	1:hsa;Homo_sapiens_chr1.trna117-GlyTCC:tRNA,161531113,161531184,+	1268.61555432984	1.0230021363175699
Homo_sapiens_chr1.trna45-GlyTCC:tRNA	1.0	92.0	2.4864864864864864	46938.77551020408	37.85107904375008	1:hsa;Homo_sapiens_chr1.trna45-GlyTCC:tRNA,161447585,161447656,-	1268.61555432984	1.0230021363175699
Homo_sapiens_chr1.trna73-GlyTCC:tRNA	1.0	92.0	2.4864864864864864	46938.77551020408	37.85107904375008	1:hsa;Homo_sapiens_chr1.trna73-GlyTCC:tRNA,161531113,161531184,+	1268.61555432984	1.0230021363175699
Homo_sapiens_chr1.trna45-GlyTCC:tRNA	1.0	92.0	2.4864864864864864	46938.77551020408	37.85107904375008	1:hsa;Homo_sapiens_chr1.trna45-GlyTCC:tRNA,161469757,161469828,-	1268.61555432984	1.0230021363175699
Homo_sapiens_chr1.trna117-GlyTCC:tRNA	1.0	92.0	2.4864864864864864	46938.77551020408	37.85107904375008	1:hsa;Homo_sapiens_chr1.trna117-GlyTCC:tRNA,161447585,161447656,-	1268.61555432984	1.0230021363175699
Homo_sapiens_chr1.trna73-GlyTCC:tRNA	1.0	92.0	2.4864864864864864	46938.77551020408	37.85107904375008	1:hsa;Homo_sapiens_chr1.trna73-GlyTCC:tRNA,161462376,161462447,-	1268.61555432984	1.0230021363175699
Homo_sapiens_chr1.trna79-GlyTCC:tRNA	1.0	92.0	2.4864864864864864	46938.77551020408	37.85107904375008	1:hsa;Homo_sapiens_chr1.trna79-GlyTCC:tRNA,161531113,161531184,+	1268.61555432984	1.0230021363175699
Homo_sapiens_chr1.trna108-AsnGTT:tRNA	7.0	92.0	1.7358490566037736	46938.77551020408	37.85107904375008	1:hsa;Homo_sapiens_chr1.trna108-AsnGTT:tRNA,144419267,144419340,+	885.6372737774356	0.7141713027122658
Homo_sapiens_chr1.trna79-GlyTCC:tRNA	1.0	92.0	2.4864864864864864	46938.77551020408	37.85107904375008	1:hsa;Homo_sapiens_chr1.trna79-GlyTCC:tRNA,161469757,161469828,-	1268.61555432984	1.0230021363175699
Homo_sapiens_chr1.trna70-GlyTCC:tRNA	1.0	92.0	2.4864864864864864	46938.77551020408	37.85107904375008	1:hsa;Homo_sapiens_chr1.trna70-GlyTCC:tRNA,161462376,161462447,-	1268.61555432984	1.0230021363175699
Homo_sapiens_chr1.trna70-GlyTCC:tRNA	1.0	92.0	2.4864864864864864	46938.77551020408	37.85107904375008	1:hsa;Homo_sapiens_chr1.trna70-GlyTCC:tRNA,146037061,146037132,+	1268.61555432984	1.0230021363175699
Homo_sapiens_chr1.trna76-GlyTCC:tRNA	1.0	92.0	2.4864864864864864	46938.77551020408	37.85107904375008	1:hsa;Homo_sapiens_chr1.trna76-GlyTCC:tRNA,161454966,161455037,-	1268.61555432984	1.0230021363175699
Homo_sapiens_chr1.trna45-GlyTCC:tRNA	1.0	92.0	2.4864864864864864	46938.77551020408	37.85107904375008	1:hsa;Homo_sapiens_chr1.trna45-GlyTCC:tRNA,146037061,146037132,+	1268.61555432984	1.0230021363175699
Homo_sapiens_chr1.trna82-GlyTCC:tRNA	1.0	92.0	2.4864864864864864	46938.77551020408	37.85107904375008	1:hsa;Homo_sapiens_chr1.trna82-GlyTCC:tRNA,161440171,161440242,-	1268.61555432984	1.0230021363175699
Homo_sapiens_chr1.trna76-GlyTCC:tRNA	1.0	92.0	2.4864864864864864	46938.77551020408	37.85107904375008	1:hsa;Homo_sapiens_chr1.trna76-GlyTCC:tRNA,161531113,161531184,+	1268.61555432984	1.0230021363175699
Homo_sapiens_chr1.trna117-GlyTCC:tRNA	1.0	92.0	2.4864864864864864	46938.77551020408	37.85107904375008	1:hsa;Homo_sapiens_chr1.trna117-GlyTCC:tRNA,161469757,161469828,-	1268.61555432984	1.0230021363175699
Homo_sapiens_chr1.trna45-GlyTCC:tRNA	1.0	92.0	2.4864864864864864	46938.77551020408	37.85107904375008	1:hsa;Homo_sapiens_chr1.trna45-GlyTCC:tRNA,161531113,161531184,+	1268.61555432984	1.0230021363175699
Homo_sapiens_chr1.trna45-GlyTCC:tRNA	1.0	92.0	2.4864864864864864	46938.77551020408	37.85107904375008	1:hsa;Homo_sapiens_chr1.trna45-GlyTCC:tRNA,161454966,161455037,-	1268.61555432984	1.0230021363175699
Homo_sapiens_chr1.trna73-GlyTCC:tRNA	1.0	92.0	2.4864864864864864	46938.77551020408	37.85107904375008	1:hsa;Homo_sapiens_chr1.trna73-GlyTCC:tRNA,161454966,161455037,-	1268.61555432984	1.0230021363175699
Homo_sapiens_chr1.trna73-GlyTCC:tRNA	1.0	92.0	2.4864864864864864	46938.77551020408	37.85107904375008	1:hsa;Homo_sapiens_chr1.trna73-GlyTCC:tRNA,161469757,161469828,-	1268.61555432984	1.0230021363175699
Homo_sapiens_chr1.trna73-GlyTCC:tRNA	1.0	92.0	2.4864864864864864	46938.77551020408	37.85107904375008	1:hsa;Homo_sapiens_chr1.trna73-GlyTCC:tRNA,146037061,146037132,+	1268.61555432984	1.0230021363175699
Homo_sapiens_chr1.trna76-GlyTCC:tRNA	1.0	92.0	2.4864864864864864	46938.77551020408	37.85107904375008	1:hsa;Homo_sapiens_chr1.trna76-GlyTCC:tRNA,146037061,146037132,+	1268.61555432984	1.0230021363175699
Homo_sapiens_chr1.trna117-GlyTCC:tRNA	1.0	92.0	2.4864864864864864	46938.77551020408	37.85107904375008	1:hsa;Homo_sapiens_chr1.trna117-GlyTCC:tRNA,161454966,161455037,-	1268.61555432984	1.0230021363175699
Homo_sapiens_chr1.trna79-GlyTCC:tRNA	1.0	92.0	2.4864864864864864	46938.77551020408	37.85107904375008	1:hsa;Homo_sapiens_chr1.trna79-GlyTCC:tRNA,161462376,161462447,-	1268.61555432984	1.0230021363175699
Homo_sapiens_chr6.trna64-GlnTTG:tRNA	5.0	91.0	91.0	46428.57142857143	37.43965427153541	6:hsa;Homo_sapiens_chr6.trna64-GlnTTG:tRNA,28589379,28589450,+	46428.57142857143	37.43965427153541
Homo_sapiens_chr1.trna9-ArgTCT:tRNA	3.0	73.0	73.0	37244.897959183676	30.034008371671263	1:hsa;Homo_sapiens_chr1.trna9-ArgTCT:tRNA,93847573,93847657,+	37244.897959183676	30.034008371671263
Homo_sapiens_chr6.trna50-SerAGA:tRNA	6.0	50.0	1.1904761904761902	25510.204081632655	20.571238610733744	6:hsa;Homo_sapiens_chr6.trna50-SerAGA:tRNA,27532208,27532289,+	607.385811467444	0.4897913954936604
Homo_sapiens_chr6.trna47-SerAGA:tRNA	6.0	50.0	1.1904761904761902	25510.204081632655	20.571238610733744	6:hsa;Homo_sapiens_chr6.trna47-SerAGA:tRNA,27503039,27503120,+	607.385811467444	0.4897913954936604
Homo_sapiens_chr8.trna11-SerAGA:tRNA	6.0	50.0	1.1904761904761902	25510.204081632655	20.571238610733744	6:hsa;Homo_sapiens_chr8.trna11-SerAGA:tRNA,27503039,27503120,+	607.385811467444	0.4897913954936604
Homo_sapiens_chr6.trna5-SerAGA:tRNA	6.0	50.0	1.1904761904761902	25510.204081632655	20.571238610733744	6:hsa;Homo_sapiens_chr6.trna5-SerAGA:tRNA,27478812,27478893,+	607.385811467444	0.4897913954936604
Homo_sapiens_chr6.trna47-SerAGA:tRNA	6.0	50.0	1.1904761904761902	25510.204081632655	20.571238610733744	6:hsa;Homo_sapiens_chr6.trna47-SerAGA:tRNA,26327589,26327670,+	607.385811467444	0.4897913954936604
Homo_sapiens_chr6.trna5-SerAGA:tRNA	6.0	50.0	1.1904761904761902	25510.204081632655	20.571238610733744	8:hsa;Homo_sapiens_chr6.trna5-SerAGA:tRNA,95269657,95269738,-	607.385811467444	0.4897913954936604
Homo_sapiens_chr6.trna44-SerAGA:tRNA	6.0	50.0	1.1904761904761902	25510.204081632655	20.571238610733744	17:hsa;Homo_sapiens_chr6.trna44-SerAGA:tRNA,8226610,8226691,-	607.385811467444	0.4897913954936604
Homo_sapiens_chr6.trna148-SerTGA:tRNA	6.0	50.0	1.1904761904761902	25510.204081632655	20.571238610733744	6:hsa;Homo_sapiens_chr6.trna148-SerTGA:tRNA,27505828,27505909,-	607.385811467444	0.4897913954936604
Homo_sapiens_chr6.trna147-SerAGA:tRNA	6.0	50.0	1.1904761904761902	25510.204081632655	20.571238610733744	6:hsa;Homo_sapiens_chr6.trna147-SerAGA:tRNA,27541775,27541856,-	607.385811467444	0.4897913954936604
Homo_sapiens_chr6.trna44-SerAGA:tRNA	6.0	50.0	1.1904761904761902	25510.204081632655	20.571238610733744	6:hsa;Homo_sapiens_chr6.trna44-SerAGA:tRNA,27495814,27495895,+	607.385811467444	0.4897913954936604
Homo_sapiens_chr17.trna35-SerAGA:tRNA	6.0	50.0	1.1904761904761902	25510.204081632655	20.571238610733744	6:hsa;Homo_sapiens_chr17.trna35-SerAGA:tRNA,27478812,27478893,+	607.385811467444	0.4897913954936604
Homo_sapiens_chr17.trna35-SerAGA:tRNA	6.0	50.0	1.1904761904761902	25510.204081632655	20.571238610733744	6:hsa;Homo_sapiens_chr17.trna35-SerAGA:tRNA,26327589,26327670,+	607.385811467444	0.4897913954936604
Homo_sapiens_chr6.trna5-SerAGA:tRNA	6.0	50.0	1.1904761904761902	25510.204081632655	20.571238610733744	6:hsa;Homo_sapiens_chr6.trna5-SerAGA:tRNA,27503039,27503120,+	607.385811467444	0.4897913954936604
Homo_sapiens_chr6.trna5-SerAGA:tRNA	6.0	50.0	1.1904761904761902	25510.204081632655	20.571238610733744	6:hsa;Homo_sapiens_chr6.trna5-SerAGA:tRNA,27495814,27495895,+	607.385811467444	0.4897913954936604
Homo_sapiens_chr6.trna47-SerAGA:tRNA	6.0	50.0	1.1904761904761902	25510.204081632655	20.571238610733744	6:hsa;Homo_sapiens_chr6.trna47-SerAGA:tRNA,27478812,27478893,+	607.385811467444	0.4897913954936604
Homo_sapiens_chr8.trna11-SerAGA:tRNA	6.0	50.0	1.1904761904761902	25510.204081632655	20.571238610733744	6:hsa;Homo_sapiens_chr8.trna11-SerAGA:tRNA,26327589,26327670,+	607.385811467444	0.4897913954936604
Homo_sapiens_chr6.trna46-SerAGA:tRNA	6.0	50.0	1.1904761904761902	25510.204081632655	20.571238610733744	6:hsa;Homo_sapiens_chr6.trna46-SerAGA:tRNA,27503039,27503120,+	607.385811467444	0.4897913954936604
Homo_sapiens_chr17.trna35-SerAGA:tRNA	6.0	50.0	1.1904761904761902	25510.204081632655	20.571238610733744	6:hsa;Homo_sapiens_chr17.trna35-SerAGA:tRNA,27495814,27495895,+	607.385811467444	0.4897913954936604
Homo_sapiens_chr6.trna44-SerAGA:tRNA	6.0	50.0	1.1904761904761902	25510.204081632655	20.571238610733744	6:hsa;Homo_sapiens_chr6.trna44-SerAGA:tRNA,27503039,27503120,+	607.385811467444	0.4897913954936604
Homo_sapiens_chr17.trna35-SerAGA:tRNA	6.0	50.0	1.1904761904761902	25510.204081632655	20.571238610733744	17:hsa;Homo_sapiens_chr17.trna35-SerAGA:tRNA,8226610,8226691,-	607.385811467444	0.4897913954936604
Homo_sapiens_chr17.trna35-SerAGA:tRNA	6.0	50.0	1.1904761904761902	25510.204081632655	20.571238610733744	6:hsa;Homo_sapiens_chr17.trna35-SerAGA:tRNA,27503039,27503120,+	607.385811467444	0.4897913954936604
Homo_sapiens_chr8.trna11-SerAGA:tRNA	6.0	50.0	1.1904761904761902	25510.204081632655	20.571238610733744	6:hsa;Homo_sapiens_chr8.trna11-SerAGA:tRNA,27495814,27495895,+	607.385811467444	0.4897913954936604
Homo_sapiens_chr6.trna44-SerAGA:tRNA	6.0	50.0	1.1904761904761902	25510.204081632655	20.571238610733744	6:hsa;Homo_sapiens_chr6.trna44-SerAGA:tRNA,26327589,26327670,+	607.385811467444	0.4897913954936604
Homo_sapiens_chr8.trna11-SerAGA:tRNA	6.0	50.0	1.1904761904761902	25510.204081632655	20.571238610733744	17:hsa;Homo_sapiens_chr8.trna11-SerAGA:tRNA,8226610,8226691,-	607.385811467444	0.4897913954936604
Homo_sapiens_chr6.trna44-SerAGA:tRNA	6.0	50.0	1.1904761904761902	25510.204081632655	20.571238610733744	6:hsa;Homo_sapiens_chr6.trna44-SerAGA:tRNA,27478812,27478893,+	607.385811467444	0.4897913954936604
Homo_sapiens_chr6.trna46-SerAGA:tRNA	6.0	50.0	1.1904761904761902	25510.204081632655	20.571238610733744	6:hsa;Homo_sapiens_chr6.trna46-SerAGA:tRNA,27495814,27495895,+	607.385811467444	0.4897913954936604
Homo_sapiens_chr6.trna47-SerAGA:tRNA	6.0	50.0	1.1904761904761902	25510.204081632655	20.571238610733744	8:hsa;Homo_sapiens_chr6.trna47-SerAGA:tRNA,95269657,95269738,-	607.385811467444	0.4897913954936604
Homo_sapiens_chr6.trna51-SerTGA:tRNA	6.0	50.0	1.1904761904761902	25510.204081632655	20.571238610733744	6:hsa;Homo_sapiens_chr6.trna51-SerTGA:tRNA,27545689,27545770,+	607.385811467444	0.4897913954936604
Homo_sapiens_chr6.trna46-SerAGA:tRNA	6.0	50.0	1.1904761904761902	25510.204081632655	20.571238610733744	17:hsa;Homo_sapiens_chr6.trna46-SerAGA:tRNA,8226610,8226691,-	607.385811467444	0.4897913954936604
Homo_sapiens_chr6.trna5-SerAGA:tRNA	6.0	50.0	1.1904761904761902	25510.204081632655	20.571238610733744	6:hsa;Homo_sapiens_chr6.trna5-SerAGA:tRNA,26327589,26327670,+	607.385811467444	0.4897913954936604
Homo_sapiens_chr6.trna172-SerTGA:tRNA	6.0	50.0	1.1904761904761902	25510.204081632655	20.571238610733744	6:hsa;Homo_sapiens_chr6.trna172-SerTGA:tRNA,26312596,26312677,-	607.385811467444	0.4897913954936604
Homo_sapiens_chr6.trna44-SerAGA:tRNA	6.0	50.0	1.1904761904761902	25510.204081632655	20.571238610733744	8:hsa;Homo_sapiens_chr6.trna44-SerAGA:tRNA,95269657,95269738,-	607.385811467444	0.4897913954936604
Homo_sapiens_chr6.trna46-SerAGA:tRNA	6.0	50.0	1.1904761904761902	25510.204081632655	20.571238610733744	8:hsa;Homo_sapiens_chr6.trna46-SerAGA:tRNA,95269657,95269738,-	607.385811467444	0.4897913954936604
Homo_sapiens_chr6.trna47-SerAGA:tRNA	6.0	50.0	1.1904761904761902	25510.204081632655	20.571238610733744	6:hsa;Homo_sapiens_chr6.trna47-SerAGA:tRNA,27495814,27495895,+	607.385811467444	0.4897913954936604
Homo_sapiens_chr6.trna46-SerAGA:tRNA	6.0	50.0	1.1904761904761902	25510.204081632655	20.571238610733744	6:hsa;Homo_sapiens_chr6.trna46-SerAGA:tRNA,26327589,26327670,+	607.385811467444	0.4897913954936604
Homo_sapiens_chr6.trna47-SerAGA:tRNA	6.0	50.0	1.1904761904761902	25510.204081632655	20.571238610733744	17:hsa;Homo_sapiens_chr6.trna47-SerAGA:tRNA,8226610,8226691,-	607.385811467444	0.4897913954936604
Homo_sapiens_chr6.trna145-SerAGA:tRNA	6.0	50.0	1.1904761904761902	25510.204081632655	20.571238610733744	6:hsa;Homo_sapiens_chr6.trna145-SerAGA:tRNA,27553413,27553494,-	607.385811467444	0.4897913954936604
Homo_sapiens_chr17.trna35-SerAGA:tRNA	6.0	50.0	1.1904761904761902	25510.204081632655	20.571238610733744	8:hsa;Homo_sapiens_chr17.trna35-SerAGA:tRNA,95269657,95269738,-	607.385811467444	0.4897913954936604
Homo_sapiens_chr8.trna11-SerAGA:tRNA	6.0	50.0	1.1904761904761902	25510.204081632655	20.571238610733744	8:hsa;Homo_sapiens_chr8.trna11-SerAGA:tRNA,95269657,95269738,-	607.385811467444	0.4897913954936604
Homo_sapiens_chr6.trna5-SerAGA:tRNA	6.0	50.0	1.1904761904761902	25510.204081632655	20.571238610733744	17:hsa;Homo_sapiens_chr6.trna5-SerAGA:tRNA,8226610,8226691,-	607.385811467444	0.4897913954936604
Homo_sapiens_chr8.trna11-SerAGA:tRNA	6.0	50.0	1.1904761904761902	25510.204081632655	20.571238610733744	6:hsa;Homo_sapiens_chr8.trna11-SerAGA:tRNA,27478812,27478893,+	607.385811467444	0.4897913954936604
Homo_sapiens_chr6.trna46-SerAGA:tRNA	6.0	50.0	1.1904761904761902	25510.204081632655	20.571238610733744	6:hsa;Homo_sapiens_chr6.trna46-SerAGA:tRNA,27478812,27478893,+	607.385811467444	0.4897913954936604
Homo_sapiens_chr1.trna98-ValCAC:tRNA	1.0	5.0	5.0	2551.0204081632655	2.057123861073374	1:hsa;Homo_sapiens_chr1.trna98-ValCAC:tRNA,143803994,143804066,-	2551.0204081632655	2.057123861073374
Homo_sapiens_chr1.trna49-GluTTC:tRNA	1.0	2.0	2.0	1020.4081632653061	0.8228495444293497	1:hsa;Homo_sapiens_chr1.trna49-GluTTC:tRNA,161612718,161612789,+	1020.4081632653061	0.8228495444293497
Homo_sapiens_chr1.trna106-HisGTG:tRNA	2.0	2.0	0.024390243902439025	1020.4081632653061	0.8228495444293497	1:hsa;Homo_sapiens_chr1.trna106-HisGTG:tRNA,143661182,143661253,-	12.44400199104032	0.010034750541821338
Homo_sapiens_chr11.trna11-LysTTT:tRNA	1.0	1.0	0.3333333333333333	510.2040816326531	0.4114247722146748	11:hsa;Homo_sapiens_chr11.trna11-LysTTT:tRNA,122559947,122560019,+	170.06802721088434	0.13714159073822493
Homo_sapiens_chr16.trna23-LysTTT:tRNA	1.0	1.0	0.3333333333333333	510.2040816326531	0.4114247722146748	16:hsa;Homo_sapiens_chr16.trna23-LysTTT:tRNA,73478317,73478389,-	170.06802721088434	0.13714159073822493
Homo_sapiens_chr6.trna80-IleAAT:tRNA	1.0	1.0	1.0	510.2040816326531	0.4114247722146748	6:hsa;Homo_sapiens_chr6.trna80-IleAAT:tRNA,57822973,57823046,+	510.2040816326531	0.4114247722146748
Homo_sapiens_chr6.trna88-PheGAA:tRNA	1.0	1.0	1.0	510.2040816326531	0.4114247722146748	6:hsa;Homo_sapiens_chr6.trna88-PheGAA:tRNA,78958293,78958365,-	510.2040816326531	0.4114247722146748
Homo_sapiens_chr6.trna117-AlaCGC:tRNA	1.0	1.0	1.0	510.2040816326531	0.4114247722146748	6:hsa;Homo_sapiens_chr6.trna117-AlaCGC:tRNA,28695932,28696003,-	510.2040816326531	0.4114247722146748
Homo_sapiens_chr17.trna17-SupTTA:tRNA	1.0	1.0	0.3333333333333333	510.2040816326531	0.4114247722146748	17:hsa;Homo_sapiens_chr17.trna17-SupTTA:tRNA,60786232,60786302,+	170.06802721088434	0.13714159073822493
