name	180726-190530_Brain_S36	32140235_EXO_S8	32141754_EXO_S5	32141765_EXO_S9	32150091_EXO_S1	32150158_EXO_S10	32150162_EXO_S11	32150690_EXO_S2	32150880_EXO_S12	32151247_EXO_S13	32151370_EXO_S14	32151510_EXO_S15	32151523_EXO_S6	32151633_EXO_S16	32151648_EXO_S4	32152019_EXO_S17	32152081_EXO_S18	32152082_EXO_S19	32152259_EXO_S20	32152263_EXO_S7	32152276_EXO_S21	32152388_EXO_S22	32152480_EXO_S3	32160002_EXO_S23	32160008_EXO_S24	32160071_EXO_S25	32160118_EXO_S26	32160619_EXO_S27	32160652_EXO_S28	32160740_EXO_S29	32161241_EXO_S31	32160964_EXO_S30	32161448_EXO_S32	32170071_EXO_S33	32170419_EXO_S34	Suma â€“ X32170641_EXO_S35
hsa-let-7a-2-3p	39																							1				1								
hsa-let-7a-3p	3298	5	75	341		762	92	549	17	52	305	76	57	816		171			54	1	77	115	457	649	134	34	956	466	13	1	334	53	195	1306		138
hsa-let-7a-5p	1312591	2223	3332	25628	747	410078	14578	258657	21566	52067	114163	27939	29285	276636	1602	31318	2723	41204	21237	1767	26247	41191	139341	250356	48654	40347	310881	208805	11774	3224	109315	28194	34538	368343	53301	66866
hsa-let-7b-3p	3242	11	13	21		670		457	42	134	221	106	125	835		170		97	40	1	54	108	287	483	103	117	838	520	58	15	392	73	200	787	142	159
hsa-let-7b-5p	338500	2500	14173	20335	1167	384217	13743	232847	27886	61823	94292	28090	28803	267331	5436	52147	10545	47129	26152	11199	34364	37994	118379	178709	40352	45051	302981	197123	13545	3759	96711	33002	58427	316891	56161	83746
hsa-let-7c-3p	236					84	20				24			16									16	24			106	30			22			55		
hsa-let-7c-5p	223934	422	2207	4409	15	75387	2438	52117	6731	13058	22028	4751	5810	50947	783	10003	1299	6178	4584	692	6732	7767	20349	39266	7931	8554	69686	40589	3596	1102	19850	4639	6107	63769	11775	13724
hsa-let-7d-3p	16339	25	414	480		6542	489	5530	582	1119	2646	882	1167	6308	52	1524	270	1803	1069	211	875	1022	3075	4428	1584	631	7274	5795	609	135	3695	1056	1532	10300	1746	3321
hsa-let-7d-5p	101481	195	689	1367		21420	1393	12508	1542	3573	8134	2113	1716	21589	319	4149	468	3379	1230	240	1746	3177	8095	13105	3506	1772	22161	10837	1548	194	10687	2111	4259	27818	5189	5883
hsa-let-7e-3p	540		5	11		38		66		8	7	5	28	112		11		17	13		12	59	19	175	73		126	91	6		51		16	163	190	87
hsa-let-7e-5p	107930	391	1087	3002	16	46359	2295	29071	2921	7456	15927	3598	2713	47229	423	5333	1370	5014	3406	267	4438	4942	18510	25288	5524	3813	50054	27932	2071	819	13454	3713	6669	57101	9798	12827
hsa-let-7f-1-3p	106		1	6		22		48	31		29			40	1	19			57			10	67	37		27	4	83			31			106		
hsa-let-7f-2-3p	37			4		38		92	20		22	21		13									6				13				10		5	67		
hsa-let-7f-5p	686141	967	1226	10689	447	137373	5370	98993	7631	18220	48293	11763	12199	107397	567	9431	488	18553	7285	651	10665	14990	56328	103581	25052	8892	106023	74272	5333	1162	51682	12579	15932	179595	27234	28327
hsa-let-7g-3p			9																														9			
hsa-let-7g-5p	410875	327	2325	3821	11	54945	2314	41333	5100	10176	20751	5918	5681	51557	1367	6787	1435	7460	3400	600	4597	7417	23519	40649	11161	4193	42080	28409	3267	605	26861	6588	11650	76361	10224	11682
hsa-let-7i-3p	312		1	11		11								16		10						14	7	70			7	28			7		30			
hsa-let-7i-5p	113289	51	1310	858	2	9160	750	7684	1115	2318	3607	1121	1062	12768	699	2420	568	1872	1015	648	629	1688	4924	8106	2119	822	7112	5683	1627	393	7111	1716	3657	16629	2959	3166
hsa-miR-1-3p	17333	39	1		85	51	39		18	70	45	58	68	8	14	17					33	5		41	14		81				14	25	40	42		36
hsa-miR-100-3p	12																																			
hsa-miR-100-5p	162620	81	2088	782	3	6976	747	7681	562	1407	6030	1564	2120	10282	808	3114	785	2533	1157	140	595	1184	7077	5195	1143	1060	11775	3736	497	131	11785	1374	907	11492	3092	3481
hsa-miR-101-3p	61885	102	1559	1318	3	8796	908	6310	1222	1586	6002	1628	1650	11972	288	1672	433	1396	912	310	978	961	5415	7622	2031	609	6140	7012	733	93	4874	1547	2791	22337	1894	1770
hsa-miR-101-5p	90																		5																	
hsa-miR-10392-5p			17				4																													
hsa-miR-10395-3p	71																																			
hsa-miR-10398-5p	58																																			
hsa-miR-10399-3p	13		25	14		9				34	2		5	45		3								13				21			9		31	41		
hsa-miR-10399-5p						7					9	15		15														9					18	36		
hsa-miR-103a-2-5p	16																																			
hsa-miR-103a-3p	334605	257	2322	1494	6	19803	1142	8326	2553	2729	8391	2926	1600	30489	519	4975	718	2937	2274	596	1086	3813	8630	15636	3535	2443	18042	13446	1809	445	16008	2991	7804	38804	5894	6164
hsa-miR-10400-5p		1													16																					
hsa-miR-10401-3p	38		1			3		18						15				76					3		37		135				8	41	6	35	106	1
hsa-miR-10401-5p						1				12																										
hsa-miR-105-3p	13																																			
hsa-miR-105-5p	544												3																					26		34
hsa-miR-10527-5p	107		2	4	1	68				6	13	38	19	37		49			36			10	6	24			76				42		64	47		68
hsa-miR-106a-3p				1		9			14		13			5										76							9					
hsa-miR-106a-5p	414		1	18		422	6	40	44	50	68	2	25	241		5	80		12	2		64	79	397	84	40	79	67			82		87	139		135
hsa-miR-106b-3p	1502	6	60	99		332	49	155	55	101	130	36	55	446	56	238	41	61	120	114	47	102	273	143	143	51	562	358	67	12	366	112	203	734	168	236
hsa-miR-106b-5p	3314	26	50	92		665	106	480	60	123	384	135	65	1590	2	193		158	35		14	157	301	555	157	146	401	608	57	1	285	151	570	1222	194	139
hsa-miR-107	18750	28	87	101	3	1173	69	1045	34	313	543	148	194	2037	43	189	3	150	26	1	98	294	656	865	222	249	1413	742	2	2	1126	97	325	2125	333	575
hsa-miR-10a-3p	16	7	22	123		1659	41	842	52	389	601	151	53	2959		216	43	94	328	2	142	200	393	1102	489	129	2735	1008	43	50	860	126	491	2615	444	929
hsa-miR-10a-5p	429	1487	14948	23187	377	233130	5308	229871	18478	54492	106211	22459	15278	314160	3574	59663	6596	34384	36546	2623	32582	31892	126237	143912	45234	17334	254867	127442	19848	4951	132781	21064	47090	346473	71323	106435
hsa-miR-10b-3p		8	197	143		606	2	369	89	197	343	90	26	1122	10	244	65	14	64	106	147	261	235	466	40	50	925	489	46	1	585	91	270	1769	282	330
hsa-miR-10b-5p	204	2118	17265	27704	226	301293	6625	196353	18511	52014	96303	24864	16842	270291	3705	46514	7775	26669	28965	1687	27329	27190	143634	158889	39571	17669	253314	153202	15086	4116	127344	19176	42712	360829	56724	89460
hsa-miR-1179	202					11																		12												
hsa-miR-1180-3p	9381	35	309	96	1	1186	53	628	163	143	532	202	152	1812	88	397	225	194	86	36	154	98	517	871	178	81	1925	1070	149		858	8	467	2707	329	404
hsa-miR-1180-5p	60					17																		20						1	9			1		19
hsa-miR-1181												6																								
hsa-miR-1183				6																																
hsa-miR-1185-1-3p	80																																			
hsa-miR-1185-2-3p	18																																			
hsa-miR-1185-5p	72																																			
hsa-miR-1197	208																																			
hsa-miR-1199-3p											20																									
hsa-miR-1199-5p							15																													
hsa-miR-12121		13																																		
hsa-miR-12125				4							13			7								17					36									
hsa-miR-12136	823																						6								2					
hsa-miR-122-5p	98	4		9		6		64			23										82										34		13	49		127
hsa-miR-1224-3p	101																																			
hsa-miR-1224-5p	562																														10			8		
hsa-miR-1225-5p																						11														
hsa-miR-1226-3p	244		12			4				26	20	5	38	38			1					10	3	26							33			32		
hsa-miR-1226-5p													16					30									36				9					
hsa-miR-1227-3p	12																																			
hsa-miR-1228-3p	98							1														7														59
hsa-miR-1229-3p	261			11							19			8				33						4				20			6			1		
hsa-miR-1229-5p														6																			5			
hsa-miR-122b-5p														1		19								18										96		
hsa-miR-1234-3p											13																									
hsa-miR-1236-5p																																		8		
hsa-miR-1237-5p																												43								
hsa-miR-1238-5p						57																														
hsa-miR-124-3p	236417			1			12	2	12	1	4	11	5	3					1		1		9		4		17	99			37	33	8			83
hsa-miR-124-5p	1062																																			
hsa-miR-1243	124																																			
hsa-miR-1246		8					5	17		5			1			11								8			1									1
hsa-miR-1247-5p	670										2		8																					1		
hsa-miR-1248	58																																			
hsa-miR-1249-3p	3844	4	13	19		41		60	10	16	21	20	23	43		63	78	13	7		3		12	32	37		36	82	27		60	39	56	69		23
hsa-miR-1250-5p	902					18																														
hsa-miR-1251-5p			20					25					11										53													
hsa-miR-1252-3p	14																																			
hsa-miR-1252-5p	23																																			
hsa-miR-1255a	51																																			
hsa-miR-1258	46																																			
hsa-miR-125a-3p	355		58	29		325	22	304	44	87	118	86	13	442	32	208		71	88	197	22	67	118	163	197	80	275	156	23	1	230	45	128	365	121	130
hsa-miR-125a-5p	302140	722	15858	7386	17	103137	2874	56042	10146	19832	31649	9736	4498	91764	4561	27205	3998	13684	13320	2355	10645	15874	47168	59237	19576	10921	110116	69712	9565	1983	60937	11207	18549	165279	35207	46116
hsa-miR-125b-1-3p	2026					80		140			2	9		7	38	23					6		1								8	5		42		
hsa-miR-125b-2-3p	12301	7	130	62	1	921	12	367	267	133	271	98	99	1257	175	484	267	135	112	17	90	187	489	767	172	134	1123	598	70	9	653	154	218	1798	271	269
hsa-miR-125b-5p	519193	126	4261	2241	275	25875	1354	14257	3436	4732	10673	2396	2005	20843	886	5521	853	2624	2874	350	1775	4039	11533	19257	2901	2343	25398	15722	2079	505	14279	2182	3799	33736	6420	8256
hsa-miR-126-3p	53237		25	17		35	875	1		22	11	6	19	49		8	155		116	3	63	24	42	60	1		116	86	13		128	13	6	18501	40	27
hsa-miR-126-5p	9635					8	166	2		20	7		6						22				8	36	19		26	16			8			3509		
hsa-miR-1260a	2432	58	726	183	1	5508	628	2371	517	773	1953	744	323	4335	106	1335	1	939	795	709	730	1312	1735	4736	662	1405	5251	4441	273	1	3041	775	1519	10268	1565	2214
hsa-miR-1260b	2110	49	527	180	1	4846	449	1825	601	612	1664	751	340	3973	124	1101	1	886	694	498	584	1298	1554	4838	743	1444	5386	4152	202	10	2720	719	1335	8670	1503	1953
hsa-miR-1261														21									1													
hsa-miR-1262	18					40										11											21									
hsa-miR-1263														11									4													
hsa-miR-1266-5p														12																			3			
hsa-miR-1267	32																																			
hsa-miR-1268b														8				48						11										14		
hsa-miR-1269a	41		52			200					7		34	19	24			16		40			39			42			10		21	9	11			
hsa-miR-1269b											9																34									
hsa-miR-127-3p	22719		38	10		100	3		25		36					77							9	49			66	49			27	65	16	191	57	
hsa-miR-127-5p	2161																																			
hsa-miR-1270	76					79		76	2		38	27	24	61	17	6		93	54			12					17	31			107		14			
hsa-miR-1271-5p	975		38	4		40		66	9		46	12		74	55	2			18				36	17			21	24			93	19	7	20		72
hsa-miR-1272														17																						
hsa-miR-1273h-3p	63																																			
hsa-miR-1275	94					7						11		20								10	15					48			11			27		
hsa-miR-1276	47													9																						
hsa-miR-1277-3p	7																					20														
hsa-miR-1278																												48								
hsa-miR-128-1-5p	727												1										2													
hsa-miR-128-2-5p	110																										8									
hsa-miR-128-3p	931482	40	142	257		2897	181	2806	262	240	1278	264	187	3311	101	633	211	396	443	60	323	368	1364	1590	711	189	2588	1375	191	126	1840	272	857	4183	893	810
hsa-miR-1283	17													4																						
hsa-miR-1284	5										10			22																			32			
hsa-miR-1287-5p	157										8			17		64															7		12	20		
hsa-miR-1288-3p	11																																			
hsa-miR-129-1-3p	2774			16		45					4					14			45					20												
hsa-miR-129-2-3p	2642																		45												16					
hsa-miR-129-5p	46695		27	3		71		170	9	18	63		8	61		32			27			23	16	89	42		141		41		122	1	11	232	24	116
hsa-miR-1290																			19																	
hsa-miR-1291	31																																15			
hsa-miR-1292-3p	12																														1					
hsa-miR-1292-5p	184					22								10								21	24											46		89
hsa-miR-1293																																28				
hsa-miR-1294	23																														12					
hsa-miR-1296-5p	992			9		58	4			2	13	40		21		27			4			14	24	16			61	46			6		18	64		71
hsa-miR-1298-3p	310																																			
hsa-miR-1298-5p	199																																			
hsa-miR-1301-3p	9816	4	142	8	1	344	48	275	16	72	207	29	87	493	10	157	27	71	107		59	110	251	192	123	1	545	440	21	23	278	120	187	506	409	237
hsa-miR-1303						4																														8
hsa-miR-1304-3p	14					26			13		4			9									29	18	38	28			35		34	1		17	22	30
hsa-miR-1304-5p	52									1																	19									
hsa-miR-1306-3p	276			1		8		137		4				25		11		40					3	11							50					
hsa-miR-1306-5p	543			3		170		54		38	127	70	41	170	1	98		155	16		59	11	42	74	47	48	243	161	15	29	47	14	59	279		
hsa-miR-1307-3p	1095	19	184	57		343	18	139	41	132	164	57	113	520	62	442	36	52	55	202	32	34	194	354	119	1	633	355	56	17	540	81	214	856	160	223
hsa-miR-1307-5p	603		33	7		130		45		11	32		6	103		4			27	1	10	12	58	98	107		197	16	3		34	22	31	142		150
hsa-miR-130a-3p	373	1		21		160		160			14	11		67									7	103			8	34			32		28	271		101
hsa-miR-130a-5p														9																				9		
hsa-miR-130b-3p	392					39					2			7										45							18	8		26		
hsa-miR-130b-5p	1385	30	28	32		199	7	287	25	10	65	30	64	302	1	136	18	40	52		91	59	214	258	123	110	367	229	112		140	77	96	161	52	
hsa-miR-132-3p	42893	1		47		178	45	197		8	115	31	29	227		22		26				19	119	361	30	111	197	157	8	1	82	52	92	405		137
hsa-miR-132-5p	13847		2	2		21					17		23	34										26							32	22	4		39	
hsa-miR-1323																		46					12								18					
hsa-miR-133a-3p	1174						1									1			9							30				10			8			
hsa-miR-133a-5p	16																																			
hsa-miR-134-3p	78																																			
hsa-miR-134-5p	3737			9		4					6	1												27			20				7			65		
hsa-miR-1343-3p	174					31					19			11										23							14		14	12		
hsa-miR-135a-2-3p	461		53	11		546	36	74	14	5	175	50	24	132	17	23	14	62	37			68	101	306	45	89	317	154	1		90	38	52	591	184	81
hsa-miR-135a-3p	54																																			
hsa-miR-135a-5p	7629		56	22		824	160	351	217	24	420	55	142	277	22	16	1	101	8	1		100	474	765	139	194	1259	456	24		395	219	64	1345	64	77
hsa-miR-135b-3p																31							14													
hsa-miR-135b-5p	184	10	150	405		783	30	481	309	132	530	107	18	2670	92	58	170	2	81	55	145	215	901	524	477	171	965	563	267	24	886	274	504	2938	850	485
hsa-miR-136-3p	5788			1					16																			41			13					
hsa-miR-136-5p	547																							11											16	
hsa-miR-137-3p	5097																																			
hsa-miR-137-5p	112																																			
hsa-miR-138-1-3p	131			8							4			34																	33					
hsa-miR-138-2-3p	452										8			32									19								5					
hsa-miR-138-5p	8317		59	5		112		208	14	1	91		6	73	1	37								27	7	57	121	23		21	80		13	41		54
hsa-miR-139-3p	4417		29				13																							17				29		
hsa-miR-139-5p	65358			12		65	137	1		30	5			1					10			5	29	93	2		71	112	17		131			1507	12	
hsa-miR-140-3p	24233	6	502	566	2	3452	164	1544	128	387	921	270	331	1544	75	932	69	581	291	481	77	451	1452	2265	225	81	3894	2493	237	1	1793	183	667	10088	1204	763
hsa-miR-140-5p	1847		12	9		89		88	6	85	40	31	38	86				22			66	23	46	130	43		22	160	27		89	1	64	464		
hsa-miR-141-3p	31	47	119	319	1	2249	51	1408	797	446	1316	601	200	5702	167	894	52	633	500	2	315	779	911	3477	1050	412	1494	2998	279	92	2106	625	2620	9351	753	1378
hsa-miR-141-5p						7								22								6		7			17		23		1		16	13		
hsa-miR-142-3p	265			43			50				8			13									9	3									144	114		29
hsa-miR-142-5p	477	1		58			34			1		9		11									3			24			33	29	1	104	114	140		
hsa-miR-143-3p	280164		45	321	1	25	992	403	7	55	76	15	210	141	17	28	1		20	107		31	371	333	50		106	81	57	1	30	175	818	8394	79	181
hsa-miR-143-5p	155																																			
hsa-miR-144-3p	143																																			
hsa-miR-144-5p	1019																																			
hsa-miR-145-3p	4137			2									31											8										37		
hsa-miR-145-5p	10533			3			59	153	1						1								3	2				2	24				3	104		
hsa-miR-1468-5p	174		47	6		120		193		6	44		6	68	28	29	1	23			4	11	32	101	9	1	109	186	1		105	14	41	147		160
hsa-miR-1469								1																				1	1					1		1
hsa-miR-146a-3p	16														12									24								17				
hsa-miR-146a-5p	4812	1	98	65	1	531	128	236	295	77	114	59	239	107	11	376		1448	53	2443	16	101	194	1280	1497	133	213	286	52	2	359	1731	11493	2241	1254	140
hsa-miR-146b-3p	563		50			24				25	3	12	2	5	19								39	30	6		17				45	37	17	92		
hsa-miR-146b-5p	37462		117	105		1343	191	1433	142	185	606	106	301	1034	269	198	123	221	233	2	100	186	721	1122	378	298	2110	1324	47	1	1382	339	629	4913	349	355
hsa-miR-147b-3p	8																							21									42			
hsa-miR-148a-3p	2087	15	343	1230	8	8945	326	3940	1104	725	1881	718	650	5910	106	834	259	423	731	254	275	1095	3842	10908	1315	2395	4902	6568	368	117	4100	832	1246	7381	1611	2944
hsa-miR-148a-5p			49	4		218					20	36	38	136		32			26				39	171	4	7	60	62	9		75		34	114		
hsa-miR-148b-3p	9601		47	75		862	18	434	49	69	229	64	83	646	15	54	27	177	97		23	155	479	719	119	186	880	453	20	1	520	206	364	1857	215	111
hsa-miR-148b-5p	94		1			8				8	25			12				57		1		15		26				47			59		25	100		
hsa-miR-149-3p			10	14		71		63			3			26		64				90			12	36		38		49	51			13		41		58
hsa-miR-149-5p	22675	18	168	133		1357	63	232	211	159	412	180	145	2208	49	438		269	265	258	26	340	1009	897	339	355	457	902	119	33	999	224	324	1374	633	225
hsa-miR-150-3p	12																																			
hsa-miR-150-5p	2190						5				2	11		4		2						4	17	13									72	149		
hsa-miR-151a-3p	25819	45	670	645	77	7363	318	3879	563	1034	1911	580	720	6186	341	2595	125	2239	888	334	576	1082	2750	5274	1405	549	6349	5242	653	148	4923	1077	2549	13537	2031	3298
hsa-miR-151a-5p	106587	130	1278	1304	5	13388	669	6756	1433	2701	5280	1520	1799	18994	560	2679	263	2070	1449	114	1303	2199	5476	10939	2416	1355	15232	8546	1281	196	9369	1469	5628	25856	4802	5188
hsa-miR-151b	5123		122	61		683	91	358	41	187	305	80	142	943		139	1	67	78		74	148	245	625	190	54	1045	389	45	1	449	53	290	1764	637	402
hsa-miR-152-3p	3108	9	130	177		956	31	333	54	121	209	67	74	770	28	265	29	260	249	88	105	368	511	925	142	34	1201	1068	106	2	759	78	70	2095	537	269
hsa-miR-153-3p	1136										25													22												
hsa-miR-153-5p	56													12																						
hsa-miR-1538	34																														25					
hsa-miR-154-3p	1205					7																														
hsa-miR-154-5p	158																																			
hsa-miR-155-5p	1110	1	17	16	65	1139	2	140	94		17		12	104	15	22			21		1	43	19	525		496	116	195			25	29	15	335	106	156
hsa-miR-15a-5p	3088	11		3		216	10	27		1	54	5		173				44			13	10	31	184	69		235	38	18		131	48	70	535		1
hsa-miR-15b-3p	190			16		25	2				35			121								1	94	58			180				68			115	27	2
hsa-miR-15b-5p	4644	27	1	223		1175		103	42	160	270	70	100	1332	1	15			150		146	116	603	591	96	160	1113	341	39	33	363	83	152	1385	247	213
hsa-miR-16-2-3p	918	4	32	60		252	6	224	53	210	217	68	104	1007	46	113			41		68	84	300	274	47		379	199	86	1	338	71	150	780	309	202
hsa-miR-16-5p	42122	33	5	384	1	2343	146	858	186	217	622	227	161	2714	21	327	3	228	154	1	162	284	688	1911	409	174	2639	1521	187	21	1400	549	564	6955	656	694
hsa-miR-17-3p	165		30			57			21		9			5																	1		43	72	87	
hsa-miR-17-5p	1649	17	4	47		524	9	270	57	77	175	64	70	777		128		135	50	3	105	100	317	374	126	40	497	377	30	39	388	12	96	698	71	453
hsa-miR-181a-2-3p	3276		212	97		965	33	648	76	17	326	109	53	1017	38	364		152	67		144	221	541	458	271	140	864	643	200	84	406	65	265	1575	602	637
hsa-miR-181a-3p	2571		19	5		55				38	13	4	21	60		5			12				65	22			34	93			31		25	18	60	60
hsa-miR-181a-5p	449504	61	1197	531	5	5133	215	2915	567	689	2410	1004	337	7872	852	2158	220	1212	1260	448	506	1017	2790	3131	988	507	6567	4553	508	183	5128	1146	3204	14007	3757	5529
hsa-miR-181b-2-3p	55			9										9																				22		
hsa-miR-181b-3p	120																																			
hsa-miR-181b-5p	120916	11	397	275		1467	89	1121	306	137	616	276	157	2276	230	1082		289	444		10	315	1200	920	501	167	2510	1583	228	63	1824	418	962	4489	1605	2584
hsa-miR-181c-3p	918		14			2					5	5		31		31						10	29	14			65		15				54	57		
hsa-miR-181c-5p	4575		33	7	1	41		31	14	41	18	2		108	30	38					36	20	39	50	43		33	4	4	1	34		47	228		
hsa-miR-181d-3p	11																																			
hsa-miR-181d-5p	3404		33			104		51			20	5	3	142	1	25						26	2	23	19	9	97	23	1	1	19		58	150	1	41
hsa-miR-182-3p	21																				1								50							
hsa-miR-182-5p	577	9	238	614	3	8391	43	4270	685	1349	3052	308	697	9604	151	1259	104	1369	512	10	791	1169	2815	5922	1453	1226	5224	3986	549	165	3394	703	1537	8119	2231	1257
hsa-miR-1827																									1											
hsa-miR-183-3p						48				26	17		5	148									13	29							39		5	97		
hsa-miR-183-5p	340	1	51	159	1	3098	28	1610	184	640	1558	217	217	4890		505	213	277	216	45	379	720	1535	2373	523	256	3642	2040	195	70	1659	188	904	3051	809	818
hsa-miR-184	667	61	19	30	227	54	161	331	51	1125	237	33	73	69	1	53		59	54	3	794	161	169	50	35	43	278	95	2	28	112	17	40	177	395	156
hsa-miR-1843	628			6		21					22	23		63							5	10		22	53		16	15			22			218		
hsa-miR-185-3p	296		14			14					8			32									2								15		12			
hsa-miR-185-5p	8888	27	237	61		639	102	434	25	45	351	140	225	942	13	402		88	136		59	73	410	631	27	46	1084	553	54	16	685	191	538	1455	99	154
hsa-miR-186-3p																																			63	
hsa-miR-186-5p	13755	19	578	331	1	4237	158	1516	655	590	1682	530	434	4898	295	1251	73	1224	422	2	513	820	1637	3495	656	256	4621	2401	514	132	3500	707	1867	8437	1499	1609
hsa-miR-187-3p	97		22	1		162		227		21	119	12		236	35	6		64		94	35	3	69	105	15		144	30	21	1	148		33	113	169	113
hsa-miR-187-5p	11		3			21				21	32			16				100				11	6	64			116	82	14		33			23	97	32
hsa-miR-188-5p	13		1	7		14		65	21	23	42			11		30			21		38	3	28	12	2		52				48			83		
hsa-miR-18a-3p	69					94					8	20		8		5								3	22		13				27	15	13			26
hsa-miR-18a-5p	152			12		32				23	15	5	4	117								40	23						1		49		7	46		
hsa-miR-18b-3p														2														21			12					
hsa-miR-18b-5p						7																														
hsa-miR-1908-3p																																			19	
hsa-miR-1908-5p	383				1	41																						37								
hsa-miR-190a-3p	60							80		9	9			5	1	14					6													18		
hsa-miR-190a-5p	1079		137	53		317	21	229		16	216	43	40	728	16	41			28		6	43	362	227	74		250	156	43	2	216	18	41	763	87	117
hsa-miR-190b-5p			43			75					19																	21						34	1	
hsa-miR-191-3p	183		51	10		27					22		7	15									9	15			30				21		2	16		45
hsa-miR-191-5p	96020	239	1527	2509	5	27103	1338	10719	3694	3985	11159	3104	3130	33476	729	6573	679	6042	2993	249	1880	5757	12904	19616	5441	3235	28349	17295	1581	342	18675	3935	10200	44606	9782	10842
hsa-miR-1910-3p	29		6																							1								74		
hsa-miR-1910-5p																															21					
hsa-miR-1911-5p	28																																			
hsa-miR-1912-3p	34																																			
hsa-miR-1912-5p	19																																			
hsa-miR-1913	8																																			
hsa-miR-1914-5p	3																											5								
hsa-miR-1915-3p														8	64																					
hsa-miR-1915-5p													11																							
hsa-miR-192-3p						5					22		1																					2		61
hsa-miR-192-5p	946	16	1527	722	1	5682	1653	6850	491	703	4151	1856	2090	4956	860	2282	427	1972	1025	193	240	2939	4105	5029	706	216	16749	5686	526	140	12080	2427	2108	21302	4189	3945
hsa-miR-193a-3p							6	32						5																						
hsa-miR-193a-5p	1352	24	552	58	1	2097	25	1399	457	379	381	192	68	3023	161	749	135	128	328	784	17	319	658	1243	227	300	1098	1200	86	1	867	195	1064	2230	627	560
hsa-miR-193b-3p	250	4	4	17		188	5		11	84	43	35	34	159	37	57			32		42	13	41	80			289	70	69		85	61	5	189		73
hsa-miR-193b-5p	213		22	8		212		74		24	45	46	18	152		43			13		10	15	16	113	26	36	98	11	25		76	35	31	497	67	84
hsa-miR-194-3p		1		4		5	22	59			35	59	67	24		27			27			18	67	36	80		192	4			106		10	181		
hsa-miR-194-5p	863	16	497	373	1	4471	766	3883	280	236	2703	974	1502	3148	288	1047	163	1476	398	63	254	2982	2366	3775	478	215	11311	3767	328	28	7534	1967	1226	19227	2753	2446
hsa-miR-195-3p	128					27							16	4										20										46		29
hsa-miR-195-5p	6482			1		149		23			13	36		66		12		52				26	32	193		23	16	8					18	98		
hsa-miR-196a-1-3p														39																				9		
hsa-miR-196a-3p			14			42																					42							14		
hsa-miR-196a-5p	1		8	68	1	2088	259	3820	20	299	1099	236	349	1520	67	442		475	174		213	120	1071	1655	269	23	3331	1372	23	5	1112	336	287	3894	824	690
hsa-miR-196b-3p												1		3																						
hsa-miR-196b-5p	22	1	65	134	2	1495	38	523	134	81	330	88	120	304	19	211		179	84		1	243	411	1134	92	207	1226	1269		2	458	150	144	1369	309	526
hsa-miR-197-3p	11127	9	200	78		1102	78	529	134	124	352	259	56	1155	1	509	41	293	211	64	224	167	488	817	278	185	1297	842	82	91	819	121	336	1682	320	466
hsa-miR-197-5p	30					14																											13	102		
hsa-miR-1976														3								4		14										16		
hsa-miR-199a-3p	3721			38		64	217	49		1	42	24	20	27				66				27	117	18							21	21	18	2130	152	46
hsa-miR-199a-5p	452		5				24						10						14					6										33		
hsa-miR-199b-3p	3721			38		64	217	49		1	42	24	20	27				66				27	117	18							21	21	18	2079	152	46
hsa-miR-199b-5p	99			4						24	4	15		17								26	23				54						23			
hsa-miR-19a-3p	93	5		3		29				1	81		22	32	1							4	60	37	5				2		7		41	61	48	
hsa-miR-19b-3p	1032	11	72	26		479		148	72	96	196	33	52	566	48	104	60	59			30	49	180	379	15	24	391	282	16	21	389	35	132	899	68	163
hsa-miR-200a-3p	193	261	1729	1693	121	16151	737	8759	2183	2647	8810	2922	1925	30463	575	5311	500	3386	2537	8	1803	4348	8775	13714	4766	2176	11390	11513	1522	442	13991	2508	8132	35694	7456	8867
hsa-miR-200a-5p			50	80	1	611	33	192	88	101	177	63	31	931		198	18	71	86	1	68	126	188	442	142	82	587	232	106	20	406	156	242	1345	355	397
hsa-miR-200b-3p	811	695	2376	7441	13	82549	1083	29502	6544	8846	23089	7610	5496	86265	788	13923	881	9322	6173	79	4806	13835	37234	44302	16646	8698	54088	41571	4495	842	39992	6161	15547	103925	18581	20684
hsa-miR-200b-5p	6	11	90	211		2598	46	1613	237	409	604	178	269	3185	31	422	122	341	398		201	462	1051	1333	560	225	1597	1279	234	49	1350	342	745	4119	1232	894
hsa-miR-200c-3p	164	642	1243	6024	10	70420	758	24127	7269	6619	13039	5525	3569	80285	562	10934	1093	9444	6639	466	4632	12973	24159	50053	14901	10465	55852	44811	3137	1219	30822	7054	20260	79375	20035	19681
hsa-miR-200c-5p														5					27																	
hsa-miR-203a-3p	2729	957	2219	6634	153	17042	1245	24997	3236	2516	12165	12485	5304	31909	1848	5395	880	2366	6085	1951	2027	8091	16908	10167	9247	2422	11826	10577	3797	378	16322	12065	10147	36018	10225	12186
hsa-miR-203a-5p				13							6																				16					
hsa-miR-203b-3p	130			4		7					6	6	2	12		2				51		4	25	12							44		28	73		
hsa-miR-204-3p	76		530	54		1591	36	1289	229	152	468	130	168	1031	152	622	21	141	58	378	24	116	372	738	138	176	1439	956	147	91	798	159	436	3218	262	413
hsa-miR-204-5p	16822	939	9745	8247	21	90000	3802	61081	6570	14301	26643	9464	6413	60651	3002	14448	4857	9086	6452	479	10576	11473	23277	51871	11342	6633	78165	75049	8118	1472	39545	8888	12596	179808	21371	24571
hsa-miR-205-3p							37																													
hsa-miR-205-5p	21	624	2736	2692	3	2503	436	7124	934	1120	4521	7371	786	10505	1204	4348	760	2532	4756	656	1052	2285	10821	1675	2258	501	6183	1582	2877	212	3058	4567	3386	9866	5972	10231
hsa-miR-206	45				1	82	17	64	31	70	15	17	11	22		14							23	50	37	19	64	87			42			148		21
hsa-miR-20a-3p	47			1																			8	19			1				21					
hsa-miR-20a-5p	3152	18	1	58		835	7	326	71	183	538	46	11	1175	1	126		149	86		28	89	526	388	165	31	915	486	44		363	199	155	1079	372	200
hsa-miR-20b-3p						9					2	16												78										42		
hsa-miR-20b-5p	253			12		449		24	88	59	47	8		200		15			26			38	99	266	6	3	70	204	1		176	19	33	326		
hsa-miR-21-3p	36	6	24	23	1	131	9	22	75	1	83	43	42	387		55		86	16	76	24	51	60	233	25	18	18	91	49		102	93	480	486		1
hsa-miR-21-5p	75180	1333	5589	27674	307	85693	5455	47226	19389	11063	26476	15600	26174	129291	1766	24220	2538	31383	9603	3392	5172	27830	58042	80643	41342	12471	44482	62181	10661	2027	44765	33681	128872	206532	29672	35073
hsa-miR-210-3p	122		82	33		153		108	84	49	48	31	35	281	43	149			44	101		7	89	89	38		20	100	81		262		77	322	116	52
hsa-miR-210-5p	33		3	5		29			6		16		1	11							24	41	10	43	19		86				35		11	243		
hsa-miR-211-3p																																		35		
hsa-miR-211-5p	42		7			126		253	2	1	42	2	40	106		46		16	3		4	4	15	30	4	2	20	119	3		37	3	18	151	36	38
hsa-miR-2110	744		18	22		176	5	403	81	66	105	15	38	191		56		32		204	8	65	151	98	32		283	196	24	1	245	16	134	582	109	374
hsa-miR-2113	77																																			
hsa-miR-2114-5p																																		16		
hsa-miR-2115-3p	11					11								2										16			20				37					
hsa-miR-2115-5p	12																																			
hsa-miR-2116-3p	76		1			60		41		8	3			48		28		14					8	56	29		9	94	35		10		45	35		
hsa-miR-2116-5p	20										8			35										16												
hsa-miR-212-3p	1353			2							15													10					9							
hsa-miR-212-5p	2728															19											61				8			19		
hsa-miR-214-3p	557						33				4		48																		1			207		
hsa-miR-214-5p	36																																			
hsa-miR-215-3p																						163														
hsa-miR-215-5p	25	1	17	12		23	28	5	1	27	12	5	1	14	15	3		2				2501	5	14	2		10	63			29	1		111	4	1
hsa-miR-216a-3p																											26									
hsa-miR-216a-5p	11					5																													82	
hsa-miR-216b-5p	69			1				38			13			16		2		19					43								24	13		21		
hsa-miR-217-5p	27										29												26				58					22			41	
hsa-miR-218-1-3p						4																														
hsa-miR-218-5p	30819	9	22	7	1	467	8	325	27	84	177	40	41	69	68	58		304	13			29	127	348	57	59	575	247	69	1	302	100	60	838	64	245
hsa-miR-219a-1-3p	5		2									10																			23				30	
hsa-miR-219a-2-3p	192560			2										4								2			4				1					1	1	
hsa-miR-219a-5p	705																																			
hsa-miR-219b-5p	72																																			
hsa-miR-22-3p	20407	52	2096	991	2	5837	621	2960	1384	987	3205	1575	1064	6778	1786	2689	1234	2014	1187	4104	781	1661	3017	7751	1655	478	3746	5715	1185	106	6574	1438	5432	18208	3272	3166
hsa-miR-22-5p	1807		88	89		505	15	259	93	105	357	71	39	988	44	36		156	9		13	90	312	374	116		29	40	30	1	261	42	194	549	47	109
hsa-miR-221-3p	67134	236	4440	3335	3	15585	409	11386	2178	3293	7643	2620	594	20880	1805	7679	554	3264	3843	1909	1808	3596	12959	14119	3208	2016	21091	9231	3213	519	23026	2955	7653	25794	12114	9248
hsa-miR-221-5p	1837		32	5		78			11	15	16	49	32	185				32	14	1	13	9	108	109	26	79	138			34	108	1	40	93	59	104
hsa-miR-222-3p	52264	126	1922	3791	5	14111	411	7173	842	2592	4349	1068	543	12875	649	3269	791	2135	1982	603	1370	2525	9664	10730	2297	1184	17083	8008	1199	311	13595	1661	4944	21242	7397	7113
hsa-miR-222-5p				17																				9	7						11		30	32		
hsa-miR-223-3p	3596	22	43	3303	1	53	1125	1135	90	64	391	147	63	703	33	412	128	226	1	1	20	31	4577	369	13	41	102	1	1717		120	473	5957	4501	916	2004
hsa-miR-223-5p	16			21							4												24		5								13	78		
hsa-miR-224-3p	22		1	8		120							7	61		1		36				19	7	53	4		157			16	54		73	37		
hsa-miR-224-5p	59	39	100	316	1	1584	31	1972	284	174	335	397	112	2241	3	947		98	251	60	184	697	1349	665	698	194	659	1435	252	12	639	637	1632	2343	577	1026
hsa-miR-2276-3p			14						11		1					27						7		35					8		10					
hsa-miR-2277-3p	62															34																				
hsa-miR-2277-5p	126																					9									10			57		
hsa-miR-2278	6									12																								14		
hsa-miR-2355-3p	367					4					15	3		16	14	11								21							38	15	29			
hsa-miR-2355-5p																								8								43				
hsa-miR-23a-3p	29202	263	1520	3747	6	22776	1398	7613	2604	3939	6342	2512	1277	25985	739	5830	504	2611	2247	152	2230	4725	8612	12227	3744	2037	17942	12897	4138	533	12022	2665	8364	48115	7983	8362
hsa-miR-23a-5p	9		46			130		97	17	54	14	8	21	130		81			34	82			41	56	28				29		78		96	35		18
hsa-miR-23b-3p	100268	244	1330	3606	5	27173	2763	14849	1839	3086	13248	4098	2380	17872	783	5357	291	5534	3428	81	2123	4883	10672	27882	3557	2562	38866	22650	2662	378	17170	3591	4358	53788	9546	11080
hsa-miR-23b-5p	862		22	1		149	14	62			42	23	1	46		31		95	22		33	38	23	90	24		81	144			148	5	72	273	72	15
hsa-miR-23c	89			1		11		5	2	2	1	1	1	25		2						1	5	18	1		28	5			3		1	31	6	3
hsa-miR-24-1-5p	799	1	15	11		92					77	1	22	41	41	8			38			22	15	73	68		78	155	18		104	58	42	144		1
hsa-miR-24-2-5p	112		14	13		186	11			1	12	28		109		25						5	54	72	40		49	57	11		38	19	62	153		1
hsa-miR-24-3p	59503	136	873	736		8074	732	3331	1140	1258	3390	1222	756	7445	237	1351	138	1850	969	322	495	1888	3136	8623	2257	617	5551	7057	659	255	5287	2397	3722	25447	2268	2794
hsa-miR-2467-3p	17																																			
hsa-miR-25-3p	10185	34	448	696	195	5475	162	1787	444	572	998	347	381	3531	35	1841	395	927	697	119	579	886	2511	4550	782	455	4587	3446	409	51	2706	577	1247	8441	1873	2427
hsa-miR-25-5p	61			10		42		25			15	16	11	67		20			19			35	1	38				67			14		51	12		13
hsa-miR-2681-3p	121							127										4																		
hsa-miR-2681-5p	105					3																														
hsa-miR-2682-3p	18																																			
hsa-miR-2682-5p	108																																			
hsa-miR-26a-1-3p	63			7		10		43				11									14	6	46	44	4		32				20					
hsa-miR-26a-2-3p	322		2	14		36					11		7	56		3			6					24	8	47	31	39			23	18	18	70		168
hsa-miR-26a-5p	1043766	1427	7596	42525	183	292793	9663	141716	23640	37019	97811	22862	12879	248400	3448	36253	3388	34995	23925	742	22349	38428	88860	235629	33835	30775	287999	199159	16105	3405	136985	26764	48239	665442	75796	97231
hsa-miR-26b-3p	104		9	8		143	14			10	9			25	36	21		57	1		24	13	139	74	35		113	127			80		13	33		
hsa-miR-26b-5p	93587	200	1252	8587	11	46950	1613	25763	3541	6179	15697	4240	2835	41010	381	4705	943	5586	2933	155	4790	5960	17719	39130	7403	5351	43537	32137	1987	517	22174	5263	6902	106454	10599	13274
hsa-miR-27a-3p	14042	88	179	1235	147	2813	203	1640	590	363	1238	490	336	4898	328	758	66	806	299	2	443	938	1346	2516	522	287	2376	2585	321	85	1966	990	1772	10959	939	1142
hsa-miR-27a-5p	34		5	35		12			27		6	14		85		8			20		9		9	64			1		32		34		89	282		56
hsa-miR-27b-3p	225537	165	1664	5705	155	28785	2491	21725	2191	3597	17826	4233	4336	27856	805	5172	486	3972	2505	236	2114	4522	14019	28792	4296	2398	35340	23104	2135	380	18147	6558	6434	52050	8256	10166
hsa-miR-27b-5p	634		69	3		123	24	143		40	132	16	1	75	44	18	27	28				14	39	243	62	30	181	210	48		164	19	5	286	180	27
hsa-miR-28-3p	3529	26	691	442	1	4611	153	2081	561	573	1340	354	495	3026	106	1255	92	1218	727	611	378	704	1826	3198	932	597	4223	2776	279	77	1973	814	1875	5876	1124	1565
hsa-miR-28-5p	4889	1	138	133	1	1701	76	762	207	168	506	150	308	1639	34	157	171	361	45	2	72	226	490	1167	320	73	1048	743	141	2	791	90	552	2055	140	468
hsa-miR-2861				15					13																											
hsa-miR-296-3p	99					65						1	11	9		17						10		29			154				43		11	138		30
hsa-miR-296-5p	51		1			15						1				9						10	3				25						7			
hsa-miR-299-3p	133																																			
hsa-miR-299-5p	699			1																																
hsa-miR-29a-3p	109920	19	627	997	2	7583	427	3662	972	1328	5576	1322	582	11922	320	926	181	807	842	4	686	1257	4757	7127	987	663	7802	4414	503	87	5478	1050	2182	14398	3532	2429
hsa-miR-29a-5p	80			5				96			35		31	20		26								17							5		9	100		
hsa-miR-29b-1-5p	512			4		141	34		22	10	126	28	25	201	1	97			26			42	120	57	49		15			12	72	26	32	88	49	2
hsa-miR-29b-2-5p	1841		26	16		151		28	30	62	36	27	6	205		4		1	68			21	45	52	8	89	77	12			168		104	340		54
hsa-miR-29b-3p	6121	18	38	151		747	82	141	114	102	243	104	74	779		70		56	80			129	303	550	75	68	431	380	5	24	505	118	201	2063	451	295
hsa-miR-29c-3p	6139	15	125	156		1662	113	1234	478	350	1113	377	89	2927	1	330	2	264	129	116	139	358	998	1706	227	369	1168	1158	274	37	1159	315	837	3730	430	796
hsa-miR-29c-5p	1177		120	106		206		40	16	69	170	68	91	369	18	124		239	107			62	245	335	82	25	687	63	51		345	50	115	567	238	120
hsa-miR-301a-3p	13					4				9				44																	1		17			
hsa-miR-301a-5p	88		1	9		24									27							15									4					
hsa-miR-301b-5p	26																																			
hsa-miR-302a-3p																																1				
hsa-miR-302a-5p	18																																			
hsa-miR-302b-3p																												1								
hsa-miR-3059-3p	37																																			
hsa-miR-3059-5p	377																																			
hsa-miR-3064-5p	84			10																				9				9						17		
hsa-miR-3065-3p	66		25	18		115	16	72	76	10	18	6	10	78		6			15				29	15		33		41	15		41			109	36	
hsa-miR-3065-5p	149		26	17		29		113		1	31	29	18	92	43	47			23			22	89	91	38	24	130	248	53	36	51		41	300	117	109
hsa-miR-3074-5p									8												29		13				56		2					33		
hsa-miR-3085-3p	51																																			
hsa-miR-3085-5p	25																																			
hsa-miR-30a-3p	5169	113	2831	4501	11	39965	1130	24931	1768	4686	10669	2969	2122	27333	1464	8062	1494	5057	4464	1768	2762	4412	13606	24614	3656	2751	32070	23847	2983	787	21001	3125	5121	62611	9587	13377
hsa-miR-30a-5p	234230	4427	54183	78130	405	677951	36484	403648	51967	98992	271437	68436	57385	639829	17122	136361	26910	80121	60627	8969	48162	83084	274029	487428	59178	38797	493250	394178	58325	10597	366043	53481	109815	1268973	132258	183173
hsa-miR-30b-3p	52		15			45		95	13	39		6	24	72		22		26				14	69	48	22		111		3		60		33	77		
hsa-miR-30b-5p	9578	100	1901	8301	4	23077	688	9812	1293	3661	9451	1805	1285	13991	335	3127	205	3524	1295	55	2014	3211	13042	17345	2251	1934	25357	10363	1715	115	15265	1225	2933	41916	7018	7983
hsa-miR-30c-1-3p	171			3		20		75		59	18			80			30	28			4	8	46	15			13			2	7		17	30	9	
hsa-miR-30c-2-3p	964		405	146		1241	76	1466	261	385	918	185	185	1776	152	487	61	283	225	371	301	224	399	1398	216	66	2309	1374	321	20	1665	296	583	3859	551	946
hsa-miR-30c-5p	104035	1071	11790	31879	32	191457	8974	96949	9831	30049	69327	16367	11740	125387	2427	29632	5678	24347	16779	671	21454	25365	105625	128592	22867	12524	210698	95771	15104	3408	118151	17176	21949	258491	51611	55447
hsa-miR-30d-3p	20	1	39	7		55		5		25	23	10	1	56			31	51	2	1			12	34	1	1	115	2	1		66	1	32	88	48	8
hsa-miR-30d-5p	329021	2299	17351	26545	208	319033	8583	178145	19619	43409	105296	20096	16345	203052	5184	53821	9018	42479	24296	2312	21900	38739	102295	216913	34509	21599	297255	151688	19772	2901	155639	17585	37911	387203	66653	80071
hsa-miR-30e-3p	6017	30	102	780		5491	101	3319	228	672	1435	281	302	3576	93	1038	186	814	467	174	292	665	1951	3704	529	585	6765	2999	580	54	3163	440	891	10150	825	1957
hsa-miR-30e-5p	44453	339	3262	3566	77	35473	2103	27089	4956	9239	20926	4905	4290	49909	825	7448	1730	5894	4185	205	3727	5461	19786	32188	7690	2574	27620	24232	3781	641	27163	5445	12697	71506	9972	12035
hsa-miR-31-3p	21		30			39					14			16																					58	
hsa-miR-31-5p	2474	70	756	286	3	3395	141	1643	698	1144	1580	454	402	7270	166	1871	291	925	869	427	348	1004	1969	2060	1853	231	4883	2070	562	117	2143	668	3971	8593	1349	2123
hsa-miR-3115																												41			12					
hsa-miR-3117-3p	32																																			
hsa-miR-3120-3p	59																																			
hsa-miR-3121-3p																																		12		
hsa-miR-3124-5p												9							18																	
hsa-miR-3125				3																																
hsa-miR-3126-5p	18																																			
hsa-miR-3127-3p	37													13													16									
hsa-miR-3127-5p	101									15				7								19	3				17				16	1	27			
hsa-miR-3129-3p	20																																			
hsa-miR-3129-5p																																	6			
hsa-miR-3130-3p	29										11																									
hsa-miR-3130-5p																											32				6					
hsa-miR-3131																											16									
hsa-miR-3133	16													7																						
hsa-miR-3138																							33	33										6	30	
hsa-miR-3139	2																																			
hsa-miR-3143																																			1	
hsa-miR-3144-3p	39		17	21		21			22														10					41			17					33
hsa-miR-3144-5p														16																	1					
hsa-miR-3145-3p														19																						
hsa-miR-3145-5p	7																																11	30		
hsa-miR-3149	40													10																						
hsa-miR-3150a-5p															15																					
hsa-miR-3150b-3p				7																				9												
hsa-miR-3151-5p	27									20		7																								
hsa-miR-3152-5p											3													20												
hsa-miR-3157-5p														22													19				31			43		
hsa-miR-3158-3p	15												28										4	5								19				
hsa-miR-3159																																				23
hsa-miR-3163	17																																			
hsa-miR-3164	23																																			
hsa-miR-3167	46																																			
hsa-miR-3173-3p	26																							2			5				13					
hsa-miR-3173-5p	197					128		83	32	4	29	14		72		78		105	22		31	22	44	28	43	1	203	78			14	43	76	118	107	201
hsa-miR-3174														25																						
hsa-miR-3176	17																																			
hsa-miR-3177-3p	43					44					4			3								34									4					
hsa-miR-3177-5p																										1										
hsa-miR-3178	10	13	1	4						73	8	15		16		27				134		37	5	7	3	78	16	28	50	9			20		65	58
hsa-miR-3179																																		15		
hsa-miR-3180-3p	61																																			
hsa-miR-3180-5p	87										4																									
hsa-miR-3181		22																																		
hsa-miR-3182								31						1						1		19	24	4							19		17	78		
hsa-miR-3183																	1																13			
hsa-miR-3185				5											1																					
hsa-miR-3187-3p	22		38																																	
hsa-miR-3189-5p														11																				29		
hsa-miR-3190-3p	41																																			
hsa-miR-3192-3p																																	11			
hsa-miR-3192-5p														9																						
hsa-miR-3194-3p	40																																			
hsa-miR-3195		1				23											58		7																	
hsa-miR-3196																											18									
hsa-miR-32-3p	455			2		154		260	11	3	33	15		154								13	161	72	6						62	1	12	322		36
hsa-miR-32-5p	418			14		54			14	10	34	1	9	42					13				15	158	6			43			38	12	45	148	49	
hsa-miR-3200-3p	2508						18							6									37						5							
hsa-miR-3200-5p	77																										17									
hsa-miR-320a-3p	53520	653	19435	3953	261	40467	2480	31957	7669	9353	17835	9345	4122	70735	6428	31348	9833	7445	9985	19661	5068	8419	23161	22866	5545	3455	47513	29437	5457	1102	22397	6229	21978	81693	16894	22586
hsa-miR-320a-5p	3																																			
hsa-miR-320b	2523	79	593	102	104	1486	64	1131	432	392	379	479	340	2223	892	1165	65	626	504	1264	78	353	942	819	152	147	2715	1042	325	61	497	374	953	2854	604	1236
hsa-miR-320c	1394	23	339	56		995	18	708	188	190	310	245	121	1348	213	735	44	312	201	486	64	142	582	499	101	165	1678	710	212	97	224	271	553	1550	291	744
hsa-miR-320d	668	14	119	41		326	11	228	33	33	66	53	43	340	249	219	3	94	50	133	16	59	91	174	30	46	371	259	22	19	41	68	176	447	34	244
hsa-miR-320e	45		2			24		5		3	28	1		29	1	14	3	28		3		15	7	17	28		136	15	15	19	14	2	1	71	3	3
hsa-miR-323a-3p	27059		32	9		21						5												45			9		1			14		6		
hsa-miR-323a-5p	658																																			
hsa-miR-323b-3p	3963					38					4																54	14								
hsa-miR-324-3p	1817	2	107	68		350	22	248	157	74	192	54	25	531	64	217	18	229	45	358	1	139	195	506	174	62	585	319	56	15	639	42	184	1185	85	118
hsa-miR-324-5p	1934		15	1		82	33	47		9	23	18	14	148		50	25	49	20			3	78	39	31	28		14			66		52	131		
hsa-miR-326	1113	1	1	2		49					10	10		13		32						15		19	5		1	88			37	28		45	219	
hsa-miR-328-3p	16605	1	214	42		707	63	491	123	324	342	73	91	938	1	208	71	159	108	1	51	86	446	511	75	35	1191	550	89	43	590	61	242	1637	492	542
hsa-miR-328-5p	43			2		7								5																						
hsa-miR-329-3p	29981										8																	52								
hsa-miR-329-5p	406																																			
hsa-miR-330-3p	16794		7	7		84	3	5	19	45	111	12	32	244		27		59	16	1	15	16	74	145	5	31	316	126	12		143	27	78	426		200
hsa-miR-330-5p	2683									7		10		29								31									12					
hsa-miR-331-3p	3755	14	17	65		1086	13	181	46	25	290	83	48	751	1	150		125	180		17	135	329	525	131	146	566	361	102	18	349	55	139	1640	132	245
hsa-miR-331-5p	444		16	15		9		90			40	5		89		4					26		59	69			137	85			23	31	16	91		54
hsa-miR-335-3p	4296		1	36		1020	2	241	20	23	135	19	100	379		19	233	100	164		11	25	119	374	115		471	181	94		84	26	30	587	42	52
hsa-miR-335-5p	12986		2	73	1	2974	31	66	98	250	418	121	247	968	2	91		46	55	1	17	110	191	2104	86		1363	1420	32	3	349	125	122	2455	187	165
hsa-miR-337-3p	415																																			
hsa-miR-338-3p	24489			1		101					74			1										23	28		38						3	64		
hsa-miR-338-5p	40474		38	3		307	12	129			56			61	45						42	9	29	40	2		54		37		53		46	160		35
hsa-miR-339-3p	1209	12	87	13	1	325	7	244	48	2	164	28	47	340	19	67		46	14		72	119	184	455	59	42	228	369	27		372	77	185	907	107	77
hsa-miR-339-5p	1055		193	239		1354	100	608	108	63	366	261	47	1061	39	378	70	81	187	192	138	194	1017	602	196	22	1137	745	62	27	951	82	338	1996	149	714
hsa-miR-33a-3p						30								8																						
hsa-miR-33a-5p	197					27					7		15	14									25	4	19					1			30			
hsa-miR-33b-3p	1																							28												
hsa-miR-33b-5p	30																																			
hsa-miR-340-3p	12536			89		328		268	44	150	134	35	29	257				115	65		10	36	168	228	52	32	533	75	2	2	178	28	49	343		57
hsa-miR-340-5p	38599		16	137		502	71	779	77	72	392	45	113	1079	44	15		28	20		18	130	260	504	88	34	320	325	14		331	119	258	1472	148	194
hsa-miR-342-3p	20452	45	203	281	3	3325	177	1195	246	378	737	324	167	1680	22	480	32	265	294		84	521	997	2150	533	494	1777	2773	182		1191	291	545	3846	637	819
hsa-miR-342-5p	766		24			159		151	27	6	15			61		2		46					74	63		43	14	42			45		32	31	148	
hsa-miR-345-3p																															10			16		
hsa-miR-345-5p	1330	27	192	89		864	14	590	142	94	326	100	118	1446	16	281		201	153	178	41	44	529	556	72	116	773	441	187	59	847	36	628	2376	417	414
hsa-miR-346	5179					2																1														
hsa-miR-34a-3p																												16			13				70	
hsa-miR-34a-5p	5184	8	61	82		632	4	263		15	180	153	103	932	65	147			31	1	67	134	467	427	96	31	486	142	106	26	496	20	153	692	165	42
hsa-miR-34b-3p	378		3							7				8				1																81		
hsa-miR-34b-5p	33									11																										
hsa-miR-34c-3p	77								23																											
hsa-miR-34c-5p	617					7					7			12														49								
hsa-miR-3529-5p	26																																			
hsa-miR-3605-3p	543			5		108	7	225	37		12		10	210		85		19	19			8	29	91			71	126	8		51	60	15	149		29
hsa-miR-3605-5p	94		3					11						27										14												
hsa-miR-361-3p	11586	12	751	226	1	1808	207	1334	135	454	916	438	91	2497	236	1297	146	360	255	681	148	453	1602	1367	434	182	1934	1343	287	52	1223	486	1155	4779	1330	1545
hsa-miR-361-5p	17069	20	98	294		3027	157	1343	297	511	1327	467	233	3752	2	473	1	369	291	2	250	465	1138	2256	397	402	3577	2512	161	73	1752	343	708	5690	1676	1362
hsa-miR-3611	26																							4												
hsa-miR-3612	26																																			
hsa-miR-3613-3p	16																	28													4		8	10		
hsa-miR-3613-5p	4460	4	21	30		208	16	402	37	25	60	2	42	225	1	59		88				19	196	135	177	29	61	186	25		207	29	169	589	120	24
hsa-miR-3614-3p				4																																
hsa-miR-3614-5p																																		87		
hsa-miR-3615	2312		81	16		262	53	34	59	30	161	85	28	288	21	201	20	102	66		1	12	75	208	23	18	515	200	10		211	58	172	323	73	309
hsa-miR-3617-3p	16																																			
hsa-miR-3617-5p	12																		11																	
hsa-miR-3619-3p	22																																			
hsa-miR-3619-5p	18																						12													
hsa-miR-362-3p	120		22	9		126		96		15	109	12	10	182		8		15	5		2	3	50	124	6	1	157	25	6		87		80	309	38	30
hsa-miR-362-5p	650	1	469	216		1867	92	801	154	600	1280	286	171	3410	31	523	2	266	219		105	249	1365	1268	327	109	1636	894	276	60	1463	97	809	2777	422	488
hsa-miR-3620-3p	39												8																							
hsa-miR-3621							9																													
hsa-miR-3622a-3p	11						6																	9												
hsa-miR-3622a-5p	50										4	4		8							10			17				17			21					
hsa-miR-3622b-3p																													1							
hsa-miR-363-3p	5229	24	321	320		3696	16	453	764	200	612	177	121	1584	131	403		99	352	194	117	525	539	4553	190	1676	663	2074	350	111	1383	82	804	2951	276	756
hsa-miR-363-5p						55			42		5			11								19	34	30				36								
hsa-miR-3648		1										5				22																				
hsa-miR-3652	1																																			
hsa-miR-365a-3p	2192			92		467	20	28	46	112	187	114	30	458		112		58	15		30	23	223	189	123	140	217	320	36	49	209		44	246	105	131
hsa-miR-365a-5p	78					7	2				15		10			11							72	20	15		59	1			4	25	5	17		
hsa-miR-365b-3p	2192			92		467	20	28	46	112	187	114	30	458		112		58	15		30	23	223	189	123	140	217	320	36	49	209		44	246	105	131
hsa-miR-365b-5p	1		11	1		6							20	57	42	46			8				29	26	39						20		8			
hsa-miR-3661																								4												
hsa-miR-3663-3p	17																																			
hsa-miR-3663-5p									1																1											
hsa-miR-3664-3p						13																		4								18				
hsa-miR-3675-3p	8																																			
hsa-miR-3678-5p	26																																			
hsa-miR-3679-5p	1		22	3			18				37								17					25							8	28	41	15		
hsa-miR-3685	9																																			
hsa-miR-3688-3p	18																																			
hsa-miR-369-3p	19046					48								1		23							6	36	1			66						81		
hsa-miR-369-5p	1234																										15						5	44		
hsa-miR-370-3p	7879		2			5			28		18													21				63						101		40
hsa-miR-370-5p	258																																			
hsa-miR-371a-5p																																	9			
hsa-miR-373-3p																								3												
hsa-miR-374a-3p	726			31		84	9	110	35		61	14		130							11		38	150	56		9	149		1	25	43	35	218	1	
hsa-miR-374a-5p	3176	1	1	50	1	551	8	475	36	46	198	51	79	632	1	62		32	34	1	34	125	247	660	219	19	316	424		13	316	130	76	772	101	91
hsa-miR-374b-3p	458										5			12		4							9	21	40		23	33			16					
hsa-miR-374b-5p	7568	1	29	162		1773	69	362	80	110	437	126	55	1280		16		105	11		110	158	320	1677	130	222	1879	664	42	3	522	35	81	2386	215	249
hsa-miR-374c-5p	183			4		50						1		13							41			30			16				9		12	80		
hsa-miR-375-3p	902	19	225	220	10	43564	207	2075	10030	389	1053	995	151	2127	92	311	79	138	649	387	156	6453	1084	43294	332	18817	1228	32136	355	66	476	990	161	1362	949	431
hsa-miR-376a-2-5p	11																																			
hsa-miR-376a-3p	1094																								1											
hsa-miR-376a-5p	144																																			
hsa-miR-376b-3p	29																																			
hsa-miR-376b-5p	5																																			
hsa-miR-376c-3p	1919					30	14	46	1																		34	30								
hsa-miR-376c-5p	5																																			
hsa-miR-377-3p	169																						13											47		
hsa-miR-377-5p	359																							5												
hsa-miR-378a-3p	4876	39	1442	78		2468	517	1469	365	328	1389	630	838	3760	698	1257	360	748	355	1695	314	585	1369	1868	372	208	5232	2264	307	46	3486	331	1498	4699	1242	1348
hsa-miR-378a-5p	72		72	5		3	13				11	6		51		18								73			104	2	56		35		17	36		
hsa-miR-378b							1																								1					
hsa-miR-378c	73		40			82	20	96	21		59	7		142	12	82		129	41	124	18	9	124	3	9		3	25		1	80		87	79		
hsa-miR-378d	1		16			3		111			2			46	12	27						10	57			1	1	14			24		1	46	1	
hsa-miR-378f														1														36			16			66		
hsa-miR-378g	70		10			2		5			1	1	23	8						4			9			2	210				8		2	4		
hsa-miR-378i	3					1	1		1		2			2	2	2		1		1							3	1			2		1	1	1	
hsa-miR-379-3p	287																																			
hsa-miR-379-5p	23078			1		22					14											1		1			63	42						71		
hsa-miR-380-3p	1370																														8					
hsa-miR-380-5p	143																																			
hsa-miR-381-3p	1294	15				3						4																46								
hsa-miR-381-5p	25																																			
hsa-miR-382-3p	3924																															9		13		
hsa-miR-382-5p	13361					4	9				4													7			9	43	25					171	28	
hsa-miR-383-5p	3841																																			
hsa-miR-3909	109			1		21					33			39		16						5	39	30				11	9		53			67	55	
hsa-miR-3911																			14																	
hsa-miR-3912-3p	133											7		11				22					8	22							4					
hsa-miR-3913-3p																						7	37		4											
hsa-miR-3913-5p														15	48													14			19			31		
hsa-miR-3928-3p	30													17		20								9	28		11		47		16			22		
hsa-miR-3934-5p						5																		5												
hsa-miR-3938	25																											28								
hsa-miR-3939																																				1
hsa-miR-3940-3p	62			8							4		4						11						1								6		69	
hsa-miR-3940-5p																53																				
hsa-miR-3941																			21																	
hsa-miR-3942-3p																			7																	
hsa-miR-3943	84																																			
hsa-miR-3944-3p	22											12																1								
hsa-miR-3944-5p													12																							
hsa-miR-3960	6		2						9		14					48			28			6		10			38		43	30					152	30
hsa-miR-409-3p	13387		107	1		120				7	3	20				42			24				24	78	3		196	198	30		22	1		41		
hsa-miR-409-5p	1517																														1				63	
hsa-miR-410-3p	1839										7																	20								
hsa-miR-410-5p	17																																			
hsa-miR-411-3p	990																																			
hsa-miR-411-5p	8574								39	6																								48		
hsa-miR-412-3p	14																																			
hsa-miR-412-5p	1060																																			
hsa-miR-421	5050		7	11		311	4	202	17	22	61	26	45	307	25	16		137			38	40	117	223	61	1	202	245			260	34	15	261	71	15
hsa-miR-423-3p	38122	193	1817	580	3	8488	570	5659	1157	1875	3435	1478	798	12810	860	3021	522	1454	1209	1776	649	1649	3870	5160	1675	751	8657	4964	727	270	5995	1371	3929	14184	2935	3956
hsa-miR-423-5p	15091	260	3405	812	6	15034	596	8925	2416	3204	5727	2393	2020	17708	1302	4500	982	3713	2030	4966	1361	2135	7272	10526	3206	2402	17706	11415	1441	209	8941	2748	5423	22452	4583	5018
hsa-miR-424-3p	522		52	100		1524	111	807	55	133	702	111	147	833		248	1	313	96		76	109	591	1002	53	89	2030	826	4	16	820	54	233	1101	489	451
hsa-miR-424-5p	179		4	30		152	45	116	17	27	137	51	49	232		74			17		10	84	107	297	5		48	36	12		113	40	34	304	34	142
hsa-miR-425-3p	1520		37	14		193		74	19	24	39	52	20	339	55	111		54	23			80	57	141	19	76	221		19		124	53	95	422	183	85
hsa-miR-425-5p	9217	1	148	171	1	1338	61	527	412	216	485	198	301	1887	192	740		568	185	238	86	536	716	1114	568	162	1145	818	200	42	1527	290	1189	3202	827	946
hsa-miR-4259							5						20		1							7		21					7							
hsa-miR-4286	47		2						9		5			34								10		15	3			7			26				10	
hsa-miR-4289	3													4								10														
hsa-miR-429	99	63	298	887	1	6080	234	3170	775	726	3089	1047	784	11007	128	824	199	923	662	2	719	1520	2679	5847	1830	825	5866	3844	498	179	6196	1032	2721	14714	3144	2937
hsa-miR-4296																																19				
hsa-miR-431-3p	995																																			
hsa-miR-431-5p	678																							8												
hsa-miR-432-3p	14																																			
hsa-miR-432-5p	8853														1								6	26			156	84			10			99	36	
hsa-miR-4322												5																								
hsa-miR-4324	49									12	23											1		8												
hsa-miR-4326	31					6			27	5				8		41										54	45				19					
hsa-miR-433-3p	15770													1														34						22		
hsa-miR-433-5p	498																																			
hsa-miR-4421	47																																			
hsa-miR-4422																															15					
hsa-miR-4423-5p	46													23									23	14			6				23					
hsa-miR-4429	5		3			5		26			2		1	7			1	1	1	3		2	1	1	3		4	4			6		1	82	1	2
hsa-miR-4433a-3p																																				37
hsa-miR-4433a-5p	22					5							9																				10			
hsa-miR-4433b-3p																					39															
hsa-miR-4433b-5p	33						5																													
hsa-miR-4436b-3p												7		8																						
hsa-miR-4442	12																																			
hsa-miR-4443	372	6	58	4		36	30				73		22	30		35			6		39	31	78	31			193				3		11	154	54	1
hsa-miR-4446-3p	47							34						28								18		19		68		89					47			51
hsa-miR-4449														7										1							14		9			
hsa-miR-4451														6																						
hsa-miR-4454	1																														16					
hsa-miR-4466			28	2										13								8	21	21	33						26		7			22
hsa-miR-4470	12																																			
hsa-miR-4473	16																					13									12					
hsa-miR-4477b																																		54		
hsa-miR-4479																13																				
hsa-miR-448	210																																			
hsa-miR-4482-5p	31																														13					
hsa-miR-4484	31								11																		60									
hsa-miR-4485-3p	49																																7			
hsa-miR-4486			24																																	
hsa-miR-4488		8		1			5				8	10		3						109		23		19		28	27						8	1		
hsa-miR-4489																																	1			
hsa-miR-4492														8															5							
hsa-miR-4497		5		1			34				7		12														49									
hsa-miR-4498	33	1																							38											
hsa-miR-449a	20					12					35			25			16	62							9		110				14					
hsa-miR-449b-3p																							9													
hsa-miR-449b-5p										15																										
hsa-miR-449c-5p	17												11																		5				74	
hsa-miR-4508				5						15					42				6			9												21		61
hsa-miR-450a-1-3p								62					12			22								5											50	
hsa-miR-450a-2-3p						10		65						18									33	13			22				1		21	41		
hsa-miR-450a-5p	103		82	40		304	40	156			199	93	29	191		7		31			31	17	228	231	5	37	275	27	53		120	28	24	131	78	
hsa-miR-450b-5p	576	1	13	80		137	10	50		31	144	21	11	201	1		1	34				56	79	365	50		248		13		62	51	4	229	23	
hsa-miR-4510	95			3		25	2	26	3	2	7	3	4	14		1	1	5	2		3	4	13	16	4	3	28	12	2		13	2	2	22	4	3
hsa-miR-4511	21																																			
hsa-miR-4512			25																																	
hsa-miR-4513																																				1
hsa-miR-4516				2		4			19			8											26	14			13									
hsa-miR-451a	49590	143		1			20	2		105	17		48	2					1			24			1	51		197			64	1	14	23	3	
hsa-miR-452-5p	154		63	32		100		88		9	23	28		305		19		1	57	118		11	79	14	45		11	141	59	1	58	9	246	266	46	25
hsa-miR-4521	17					23								6											37			20								
hsa-miR-4525								51						13																						
hsa-miR-4536-5p																			5																	
hsa-miR-4538		2								17		12		3					7						13	21	59									
hsa-miR-454-3p	3364	6	3	13		264	7	123		65	5	3	1	206		22			11			46	73	112	39	43	187	100	28	38	161		46	163		
hsa-miR-454-5p	107					17					34			9							6	11	27	18	2		14				6			46		
hsa-miR-455-3p	1213		27	84		1062	101	340	29	85	437	189	383	1420	61	236		435	158	1	9	100	383	688	202	59	1509	545	67		1357	146	182	2987	856	728
hsa-miR-455-5p	27		4	16		29				1	29	25		61		19					14	5	67	35			17	40	8		80	6	18	65		
hsa-miR-4634			2														2																			
hsa-miR-4635														1	1																			12		
hsa-miR-4636	87					12	16							4								24	9	15				40						67		
hsa-miR-4638-3p												17																								
hsa-miR-4638-5p	20																																			
hsa-miR-4639-3p														12																						
hsa-miR-4640-3p	234			1				26				13	23	51		6		8						17			80	53					8	27	58	
hsa-miR-4640-5p	6																																			
hsa-miR-4641																																		78		
hsa-miR-4645-5p														9																						
hsa-miR-4646-5p														15																						
hsa-miR-4647																								8	6											
hsa-miR-4654	24																																			
hsa-miR-4655-5p																							3													
hsa-miR-4657			21																														19			
hsa-miR-4658	20																																			
hsa-miR-4659a-3p																															3					
hsa-miR-4661-5p											6			16																						27
hsa-miR-4662a-3p											10			10										3												
hsa-miR-4662a-5p	104			16		38		71		4	34	45	14	82								20	45	203	5		49	84			15	10		275		
hsa-miR-4662b	39													5																						
hsa-miR-4664-3p																			20																	
hsa-miR-4665-3p															22																14					
hsa-miR-4667-3p	3																																			
hsa-miR-4667-5p																											52									
hsa-miR-4668-5p																															12					
hsa-miR-4670-3p	15																																			
hsa-miR-4671-5p															11				12										7				16			
hsa-miR-4674																													5							
hsa-miR-4676-3p											10			9																						
hsa-miR-4676-5p						6																	12	10												
hsa-miR-4677-3p	42																							22												
hsa-miR-4677-5p														12																						
hsa-miR-4680-3p		3				20	3	1		30													1	3	31			112		37			31	36		
hsa-miR-4683														8										20												
hsa-miR-4685-3p	17					27																		24							12			37		
hsa-miR-4687-3p							1																													
hsa-miR-4687-5p														11																						
hsa-miR-4688	25																																			
hsa-miR-4690-3p	4																																			
hsa-miR-4695-3p						27											160										13							28		
hsa-miR-4695-5p											1																71									
hsa-miR-4699-3p														6																						
hsa-miR-4701-5p																									21											
hsa-miR-4705	227																										58									28
hsa-miR-4706																																				34
hsa-miR-4707-5p				1										10																				82		
hsa-miR-4708-3p																															14					
hsa-miR-4708-5p														14																						
hsa-miR-4709-3p																									4											
hsa-miR-4709-5p												4												17												
hsa-miR-4714-5p	19																																			
hsa-miR-4716-3p											5																									
hsa-miR-4716-5p																																		19		
hsa-miR-4718																1												1								
hsa-miR-4721						22																														
hsa-miR-4723-3p	11													10									3											10		
hsa-miR-4723-5p																															1					
hsa-miR-4724-5p	21					7																									1					
hsa-miR-4725-3p																				110																
hsa-miR-4725-5p											7			27																						
hsa-miR-4728-3p				11		59		263	13		13	41		56	1			39	16				15	35	10		73	21			47	32	42	83		
hsa-miR-4728-5p								2			7			10		7			5														1	40		
hsa-miR-4731-5p																						12														
hsa-miR-4732-3p														6																						
hsa-miR-4738-3p	38													3																				25		
hsa-miR-4739																							30								7	22				
hsa-miR-4742-3p	96					15					9			23										30							2			26		
hsa-miR-4742-5p	30													14														31								
hsa-miR-4743-5p														4																						
hsa-miR-4746-3p			2												10																19					
hsa-miR-4748														1								15											8			
hsa-miR-4749-5p	36																																			
hsa-miR-4750-5p	20													10										11									28	10		63
hsa-miR-4753-5p		15												11																						
hsa-miR-4754	7																																			
hsa-miR-4755-3p	34																																			
hsa-miR-4755-5p	19																																			
hsa-miR-4758-3p			20							4				17												1								8		
hsa-miR-4761-3p																			41																	
hsa-miR-4762-5p	35																																			
hsa-miR-4763-3p						6								6										20												
hsa-miR-4763-5p	44																														7					
hsa-miR-4767																																	6			
hsa-miR-4772-3p				3																																
hsa-miR-4775								56																											40	
hsa-miR-4776-3p												8																								
hsa-miR-4776-5p																			1						36											
hsa-miR-4780	47																																			
hsa-miR-4783-3p						7																														
hsa-miR-4785														23		1									24											
hsa-miR-4787-3p	239											5																			10					
hsa-miR-4787-5p														5						1					3						1		13			
hsa-miR-4789-3p														21																						
hsa-miR-4790-3p	25																																			
hsa-miR-4790-5p														20																						
hsa-miR-4791	49																																			
hsa-miR-4796-3p						8					2																							9		
hsa-miR-4797-3p	34																															15				
hsa-miR-4798-5p	27																								79											
hsa-miR-4800-3p	12		2																																	55
hsa-miR-4800-5p																									6			12						7		
hsa-miR-4802-5p																									23											
hsa-miR-4803	17																																			
hsa-miR-4804-5p	23					14		60	16															15												47
hsa-miR-483-3p	241										5																				9					
hsa-miR-483-5p	79					17												15																		
hsa-miR-484	5009	7	106	210		1910	39	525	167	200	559	188	165	1932	79	429	114	367	102	79	90	263	692	1051	267	107	1676	1026	166	84	577	239	482	2412	676	534
hsa-miR-485-3p	12623					39				30				1		2								19			11	20								
hsa-miR-485-5p	9153			2																					1			42					3			
hsa-miR-486-3p	257									43																	21				29					
hsa-miR-486-5p	8837	181	2	3	1	188	1	29		141	10	1	69	184	28	77		56	14	2		15	56	198	33	2	121	335		1	51	282	73	72	105	
hsa-miR-487a-3p	1517																							11												
hsa-miR-487a-5p	575																																			
hsa-miR-487b-3p	74085		14	15		76		66		7	20	5		9		5						17		34	2	91	13	88			10		1	160	158	
hsa-miR-487b-5p	200																																			
hsa-miR-488-3p	1250																																			
hsa-miR-488-5p	179																																			
hsa-miR-489-3p	24			6		243	38	370		26	23	8	6	109		1		145				7	95	183			376	36			109		10	133		99
hsa-miR-490-3p	173																																			
hsa-miR-490-5p	172																																			
hsa-miR-491-3p	74					3																														
hsa-miR-491-5p	475			11																				23												
hsa-miR-492																																		43		
hsa-miR-493-3p	78					21																														
hsa-miR-493-5p	821		1			14																										15		27		
hsa-miR-494-3p	3068					17												1									79	29						52	72	
hsa-miR-495-3p	19986		25				8							1									9	23			26	19				38		68		
hsa-miR-496	118																																			
hsa-miR-497-5p	2409		1			39		49						13			5							28				19						26		
hsa-miR-498-5p																			31				5													
hsa-miR-4999-3p																													9							
hsa-miR-499a-5p	1749	6		3		77			15		46	16		141		32			13		16	15	36	39	28		43	188	37	1	52	21	56	184	45	
hsa-miR-499b-3p																					39															
hsa-miR-5001-3p	47			9						14	10			9																	9					
hsa-miR-5002-3p	21																																			
hsa-miR-5002-5p	45					19																														
hsa-miR-5004-3p	17																																			
hsa-miR-5006-3p	80										5													4							2					
hsa-miR-500a-3p	1206	47	1116	340		3853	238	2703	421	732	1776	393	292	4020	336	1035	391	776	300	222	426	515	1713	2386	394	398	2833	1860	632	3	2070	347	1362	5624	1048	1376
hsa-miR-500a-5p	79		27	11		255	36	151	40	37	124	23	9	546		55			25			54	91	193	7		168	204	11		184	59	55	614	37	137
hsa-miR-500b-3p	2		27			10	1	3						5									1	14			3			1	23		2	14		1
hsa-miR-500b-5p	79		25	11		172	36	151	33	37	95	7	9	394		55			25			46	72	155	7		168	188	11		151	30	40	519	37	137
hsa-miR-501-3p	960	2	791	241	2	3207	150	2437	172	884	1295	286	391	3795	327	1461	474	809	194	798	161	356	1669	1678	599	67	2037	1247	400	18	1720	173	832	4886	788	1148
hsa-miR-501-5p	205	5	336	49		1110		533	121	250	347	80	42	1013	75	385		237	41	133	144	80	291	547	87	279	820	231	10	1	617	52	158	1826	215	218
hsa-miR-5010-3p	372		12			15					24			12	5	3		15					36	24							21					
hsa-miR-5010-5p	60					8								14													43				3					
hsa-miR-502-3p	765	57	530	315		3338	191	2504	303	652	1580	373	256	4352	332	671	434	421	332	2	269	355	1291	1689	300	205	2696	1754	431	30	2021	238	1039	5756	1017	1147
hsa-miR-502-5p	12		1	10		111				21	33	21		92	4	13		1			3	8	5	109	67			34			43		23	173	79	44
hsa-miR-503-5p	244					393	5	216	22	32	160	44	16	215	21	7						48	123	425	8	29	494	93	14	24	170	67	36	259	37	1
hsa-miR-504-3p																						15		10												
hsa-miR-504-5p	8825			18		315	15			43	74			10								12	24	77			262	194			34	61		62	28	115
hsa-miR-505-3p	2292		361	82		977	127	1079	179	272	679	234	283	2549	167	637	141	568	485		252	269	1149	913	534	192	1859	756	41	100	1263	175	698	1978	1001	594
hsa-miR-505-5p	92					32					31	3		27				109								23		32			19			48		
hsa-miR-506-3p	23	1											17														16				3			3		
hsa-miR-506-5p	14																																			
hsa-miR-508-3p	99					34		91			7		46	33		13							2	32					25		33		17	289	77	88
hsa-miR-508-5p						7		81				27	46			72					8		7	48					26		28		5	82		
hsa-miR-509-3-5p	22		2			45	4					9	5	10		9								14							24		15	52		
hsa-miR-509-3p			1	4		64	6	11		18	1	5	159	45		71		21					68	21	65		10		11		42		16	179		
hsa-miR-5090	51																																			
hsa-miR-5091							1										1													1						
hsa-miR-5094	45																																			
hsa-miR-510-5p											11													25				30	31		29		13			
hsa-miR-5100	78	4	262	1		874	31	181	231	120	541	118	55	807	1	486		61	98		15	406	471	810	82	144	1085	483	3	27	768	55	135	142	427	259
hsa-miR-511-5p	40																																			
hsa-miR-513a-3p														9																						
hsa-miR-513a-5p							1	129			25	11	5	30			150						58	101			1				53		32	168		
hsa-miR-513b-5p	56					24		124			21			35		42						23					85							159		
hsa-miR-513c-3p														9																						
hsa-miR-513c-5p	42		1					51			3	11	58	34		22						28	11								16		18			
hsa-miR-514a-3p			22			53	7		18		15	35	74	17		60						22	2	72			29		34	26	38		98	462	98	
hsa-miR-514a-5p						28						35	46	21																	30		9	130		
hsa-miR-514b-3p																																		1		
hsa-miR-514b-5p				6		8						26	17	12	4								53					58			8		21	48		
hsa-miR-516a-5p	14													21		3							22								35					
hsa-miR-517a-3p	23																						30	3												
hsa-miR-517b-3p	23																						30	3												
hsa-miR-5187-5p	40													7																	20		13			
hsa-miR-518e-5p	8																																			
hsa-miR-5193														9																	9			30		
hsa-miR-5196-3p	17																																			
hsa-miR-519a-5p	34					46																											11			
hsa-miR-519b-5p	8																																			
hsa-miR-519c-5p	8																																			
hsa-miR-520a-3p			10																																	
hsa-miR-520f-5p																						14											25			
hsa-miR-522-3p	140									1	14			41																	23	32	7			
hsa-miR-522-5p	8																																			
hsa-miR-523-5p	8																																			
hsa-miR-532-3p	228		188	227		1533	42	615	167	301	650	137	10	1070	1	223		232	141		168	200	440	656	106	164	1317	514	151	10	625	25	281	1759	319	432
hsa-miR-532-5p	1977	48	1364	566	2	6299	112	3924	274	1051	2173	458	447	5090	182	1838	188	889	444	31	278	725	2225	3057	360	298	4412	1953	496	71	3306	311	963	7253	1303	1700
hsa-miR-539-3p	1469																																			
hsa-miR-539-5p	1548					5																														
hsa-miR-541-3p	47																																			
hsa-miR-541-5p	18																																			
hsa-miR-542-3p	272		6	43		138	37	46	30	33	182	37	75	136				65				7	72	260			22	82	11	17	87	16	42	446		
hsa-miR-542-5p																								7				21								
hsa-miR-543	14896					21	4							5													13				12			10		
hsa-miR-544b																								7												
hsa-miR-545-3p																									4											
hsa-miR-545-5p	18																																			
hsa-miR-548a-3p											9		4											9							6			39		
hsa-miR-548ab	43																			146														57		
hsa-miR-548ah-5p											8																									
hsa-miR-548al	20																																7			
hsa-miR-548ar-3p	11					1																														
hsa-miR-548at-5p	34					61																														30
hsa-miR-548aw	10																							3												
hsa-miR-548ax																											1									
hsa-miR-548ay-3p	24																							17							5					
hsa-miR-548b-3p				2																																
hsa-miR-548ba											28			8																						
hsa-miR-548e-3p	62	18	17	9		12				13	27			53									51	27							1		14	101		
hsa-miR-548h-5p											22																									
hsa-miR-548j-5p			6			26							19																							
hsa-miR-548k	164			4		31		26			12	3			7	26			33			7		30					1		23		8	44		26
hsa-miR-548l	12			6		22								10										16	33			81								
hsa-miR-548n																								4												
hsa-miR-548o-3p	46													9																						54
hsa-miR-548q						21					11			14											33						6		28	38		
hsa-miR-548s	9																																			
hsa-miR-549a-3p																7																				
hsa-miR-549a-5p	14																																			
hsa-miR-550a-3-5p	66					6						1		3								22	27	3			23							15	11	18
hsa-miR-550a-3p						24																														
hsa-miR-550a-5p	50			1						33		1		23										16			46		32		15		15	15		18
hsa-miR-551a	5																																			
hsa-miR-551b-3p	71										9																			1						
hsa-miR-551b-5p	40																																			
hsa-miR-552-3p																								34												
hsa-miR-552-5p																			19			14														
hsa-miR-556-3p	38													4										11												
hsa-miR-556-5p	17													33																			6	31		
hsa-miR-5579-5p						24																														
hsa-miR-5581-3p	43																									30										
hsa-miR-5584-5p	113																																			
hsa-miR-5588-5p						26					26			4													52				1	33		24		
hsa-miR-5590-3p						16																														
hsa-miR-5680	57																																			
hsa-miR-5683														14																	7					
hsa-miR-5699-5p	8										4																12				7					
hsa-miR-5701	52																																			
hsa-miR-5702																											1									
hsa-miR-572				1								1																								
hsa-miR-5739																									27											
hsa-miR-574-3p	5217	17	13	203	1	1854	125	655	165	185	717	199	107	1317	18	340		424	280	46	260	547	597	1959	446	582	2452	1441	30	1	534	185	297	2326	215	570
hsa-miR-576-3p	20																																			
hsa-miR-576-5p	224			5						28	12			45			1	65	10			34	14	14	17				7		32	9	5	26	1	32
hsa-miR-577	1652							271		5	25		1	42									25		10		68							156		
hsa-miR-579-3p	3		18																												20					
hsa-miR-582-3p	421		2			110					24			40				24	18		2	8	5	34			1	42						87		
hsa-miR-582-5p	1011	1	1	2		106		281	24		44		7	155							18	5	37	167	56		99	37	23		136		24	329		
hsa-miR-584-3p	13												20																					22		
hsa-miR-584-5p	14583	16	21	33		359		36		5	159	66	102	777	34	231	28	108	59		16	31	301	257	428	33	238	172	16		441	61	272	337	409	250
hsa-miR-585-3p	5		3																			9		9			53							12		
hsa-miR-588	8																																			
hsa-miR-589-3p	26					4					3			2			2										1				6				161	
hsa-miR-589-5p	374		39	17		56		25	12	33	45	15		76		25		48	26	89		15	37	107			70				34	25	42	390	160	75
hsa-miR-590-3p	953					49		41			28	13		69								11	117	107	1		108	210	7		31		8	78		
hsa-miR-590-5p														7																						
hsa-miR-592	1079		2			20					5			11										3								59	10			
hsa-miR-598-3p	9413	2	6	65		332	45	132	36	174	307	80	19	565		118	497	155	105		64	62	362	467	45		609	235	13		291	80	139	754	279	255
hsa-miR-598-5p	36													6																						
hsa-miR-605-3p	9																																			
hsa-miR-605-5p											13																40									
hsa-miR-6068									25										12																	
hsa-miR-6075														1																						
hsa-miR-6077							1																													
hsa-miR-6124		9															1											47				1				
hsa-miR-6125				5																																
hsa-miR-6129																											1									
hsa-miR-6130	2													1																						
hsa-miR-615-3p			182	16	1	453	65	448	47	56	329	79	167	372	112	157	55	237	37	1		77	277	155	126	33	908	390	47		553	129	27	823	186	263
hsa-miR-615-5p				1										13																						
hsa-miR-616-3p						8					13	12										18						42			13					
hsa-miR-616-5p	17					9				39	8			6																						32
hsa-miR-618	22		28	10		90	18	29		32		18		12					50				52	40			70		18		45		12	21		
hsa-miR-622														9																				1		
hsa-miR-624-5p										2															4											
hsa-miR-625-3p	2739			2		112	7	51		52	15	31		316					23		6	10	77	18	80		217	112			87	28	50	150		30
hsa-miR-625-5p	132													6																	24					
hsa-miR-627-3p	29					10																11	30	15										12		
hsa-miR-627-5p	13																		18					17										12		
hsa-miR-628-3p	1660					198	5	264		7	57	7	5	186		15		51		1		9	132	138	50	62	330	41			99		112	508		28
hsa-miR-628-5p	2225					37	2					5		28								10								1	13			89		
hsa-miR-629-3p	13							14		26	2			5													19				25	9				29
hsa-miR-629-5p	577	39	58	16		141		114	28	7	83	82	18	155		111				1	8	47	56	148	26	1	30	169	28		114	44	109	177	114	97
hsa-miR-636																									3						17					
hsa-miR-638				1																																
hsa-miR-641	217			6		44				14		42		16		1			8		43		76	26									13			
hsa-miR-642a-3p	119				1	54				5				51		12			1					6			19	79			21		5	70		
hsa-miR-642a-5p	49		20			25		150		8	10			66		4		113				5	92	18	18						89			53		
hsa-miR-642b-3p						66																												4		
hsa-miR-642b-5p	7										1																				29					
hsa-miR-643	11																														11					
hsa-miR-6499-5p																6								14												
hsa-miR-6500-3p	65																											22								
hsa-miR-6501-3p				13																											6					
hsa-miR-6501-5p									10																											
hsa-miR-6503-3p							18																											59		
hsa-miR-6505-3p										29																										
hsa-miR-6505-5p	50																						10	11												
hsa-miR-6507-5p	74																																			
hsa-miR-6508-3p	43																							16												
hsa-miR-6508-5p																									39											
hsa-miR-6509-3p	20										7											5			9						13			28		
hsa-miR-6509-5p														6																						
hsa-miR-651-5p	47					43		121		33		33		99						2			7	64			23	16	14		5	39	29	91		45
hsa-miR-6510-3p				15										16		6							19		18								6			
hsa-miR-6511a-3p	370					108		64			19			61		10					25	11		72	8		83				37	22	28	64		41
hsa-miR-6511a-5p	85					11		31																							13		6			
hsa-miR-6511b-3p	1012		2	17		34					28		8	62										13	2		41	18			13	9	7	78	14	37
hsa-miR-6511b-5p	99					11		31																							13		6			
hsa-miR-6513-3p	13																																			
hsa-miR-6513-5p														27																				47		
hsa-miR-6514-5p	65					45																					14									
hsa-miR-6515-5p														7																						
hsa-miR-6516-3p	17																																			
hsa-miR-6516-5p	19																							20												
hsa-miR-652-3p	7160	71	460	221	1	3328	153	1772	599	563	1500	544	281	3887	81	1016	490	649	401	215	465	612	1252	2744	663	172	2074	2440	564	52	3312	411	1546	8650	573	1812
hsa-miR-652-5p	30													13															1							101
hsa-miR-653-3p	1		21	10		150		174	1		77		13	76				29	5		12			94	45		29		71		65			136		
hsa-miR-653-5p	58		1	14		146		313		11	99	9	34	152		7		127	41		34	15	154	273	25		59	113			39		2	123	117	
hsa-miR-654-3p	3595			8		43													31						3		71	47			13	9		58	44	
hsa-miR-654-5p	287																																			
hsa-miR-655-3p	1879																																			
hsa-miR-655-5p	8																																			
hsa-miR-656-3p	3505																							9												
hsa-miR-656-5p	81																																			
hsa-miR-659-5p	10																																			
hsa-miR-660-3p			18	1		31					25	19		15		19		42			17			5				59			9			33	72	
hsa-miR-660-5p	1183		469	486		3886	80	1519	155	698	1558	445	193	4389	118	986	173	466	459	1	490	486	1635	1977	308	385	2817	1003	281	73	1892	363	565	6605	951	1038
hsa-miR-663a	2																																			
hsa-miR-663b	9																																			
hsa-miR-664a-3p	1091		7	71		759	22	145	43	71	250	115	21	843		60	1	39	52		201	124	386	579	100	22	1014	389	55	7	525	89	92	993	253	365
hsa-miR-664a-5p	782		60	41		500		321	13	220	73	23	41	419	1	148		121	83	1	64	93	259	261	120		321	381	1		291	78	31	337		158
hsa-miR-664b-3p	59		1			24					5			19							77		7	8							24			46		
hsa-miR-664b-5p	15		27	1		20	3	25			7	25	15	34	1	7				64				35	10		10	109			17		23	143		
hsa-miR-665	45	9																																		
hsa-miR-668-3p	1346																							5			60									
hsa-miR-671-3p	1040		13	2		256	10		36	32	25	19	49	123		13			11		60	18	14	122	67		5	145			70	49	54	308		27
hsa-miR-671-5p	618	8	22			69		39	13	3	100		10	85	49	11						9	24	19		34	152	41			29	45	9	116		32
hsa-miR-6715a-3p									1																											
hsa-miR-6716-3p	153					11		35																7				31					5	28		
hsa-miR-6717-5p																	1													1			1			
hsa-miR-6718-5p	40																																			
hsa-miR-6720-3p	32											9																								
hsa-miR-6721-5p	39													10									7													
hsa-miR-6724-5p	51		61	1										25		36			1			3		23							14		13	37	37	
hsa-miR-6726-3p	63							40																							24			18		
hsa-miR-6727-5p											3																									
hsa-miR-6729-3p								65						21																						
hsa-miR-6730-5p						26				11								25													21	22				
hsa-miR-6732-3p											18																						21			
hsa-miR-6732-5p									9																								7			
hsa-miR-6733-5p	44																																			
hsa-miR-6734-3p	16																																			
hsa-miR-6734-5p	32	8	16			48					5	10		12		4				222			6	4			94				21	8	8			
hsa-miR-6735-5p	53							48								11																				
hsa-miR-6736-5p														10														25								
hsa-miR-6738-3p														7									7													
hsa-miR-6738-5p									8																	39										
hsa-miR-6739-5p	18																																			
hsa-miR-6741-3p	13							22																												
hsa-miR-6742-5p	7																																			
hsa-miR-6743-3p	22													5																						
hsa-miR-6743-5p																															5			55		
hsa-miR-6744-5p											6			5																						
hsa-miR-6746-3p							5								1										1											
hsa-miR-6747-3p	26													29										18				19					6			
hsa-miR-6748-5p	1																																			
hsa-miR-6749-5p						2																														
hsa-miR-675-3p																																		9		
hsa-miR-6750-5p																													4		1					
hsa-miR-6751-5p	11																																			
hsa-miR-6754-3p																11																	9			
hsa-miR-6755-5p						27																						52								
hsa-miR-6756-5p																															8					
hsa-miR-6757-5p																								1		39										
hsa-miR-6758-3p	15																																			
hsa-miR-676-3p	25					16																	37	19												
hsa-miR-676-5p	10																																			
hsa-miR-6760-3p	26																																			
hsa-miR-6761-3p	16																						6													
hsa-miR-6761-5p	29													13									1													
hsa-miR-6762-5p																												2								
hsa-miR-6763-5p																							19													
hsa-miR-6764-5p																					52													45		
hsa-miR-6765-3p																						16														
hsa-miR-6769b-3p																								7												
hsa-miR-6770-5p	20																							22				30								
hsa-miR-6772-3p																															7					
hsa-miR-6776-3p	9																																	32		
hsa-miR-6777-5p			20																																	
hsa-miR-6780a-3p			1																																	
hsa-miR-6780a-5p								16						5																						
hsa-miR-6784-3p																									5										72	
hsa-miR-6786-3p	48																																5			
hsa-miR-6787-3p														17																						
hsa-miR-6788-3p	34													9																						
hsa-miR-6789-5p														1										8												
hsa-miR-6790-3p												2										10														
hsa-miR-6791-5p																																	12			
hsa-miR-6792-3p											2																									
hsa-miR-6793-5p								57	1															12												
hsa-miR-6794-3p	98																																			
hsa-miR-6794-5p	10																																			
hsa-miR-6795-5p																																		17		
hsa-miR-6796-3p	15																																			
hsa-miR-6796-5p	10																																			
hsa-miR-6798-3p	21										6																							25		
hsa-miR-6800-5p																															6					
hsa-miR-6801-3p	7																																			
hsa-miR-6802-3p														4										15				16								
hsa-miR-6802-5p																																				1
hsa-miR-6803-3p	49		2	3			4	68	26	23	25	3		72							27	4	11				47				8	14	1	14		35
hsa-miR-6804-5p																																		18		
hsa-miR-6805-5p																																		34		
hsa-miR-6809-5p	15																																	36		
hsa-miR-6810-3p																18						8						83			7			3		52
hsa-miR-6810-5p			9																																	
hsa-miR-6811-5p																															4					
hsa-miR-6812-3p																																		21		
hsa-miR-6814-3p														8									2													
hsa-miR-6814-5p																								2							21					
hsa-miR-6815-5p	11											11		5																	15					
hsa-miR-6816-3p																								14												
hsa-miR-6818-3p	19																						7													
hsa-miR-6819-3p	5																																			
hsa-miR-6820-5p	47																																			
hsa-miR-6821-5p			1						22																								14			
hsa-miR-6823-5p				6		21																														
hsa-miR-6825-5p			31																																	
hsa-miR-6826-3p	6					21																														
hsa-miR-6826-5p	30																														11					
hsa-miR-6827-3p								24											44				9													
hsa-miR-6827-5p	31																																			
hsa-miR-6834-5p														35																						
hsa-miR-6835-5p																							13													
hsa-miR-6837-3p				1												11							1											59		
hsa-miR-6837-5p	14																							19												
hsa-miR-6838-5p																			10								37									
hsa-miR-6841-5p	57																																			
hsa-miR-6842-3p	185																					9														
hsa-miR-6842-5p	20					25															58															
hsa-miR-6847-3p	15																																			
hsa-miR-6847-5p	12																																			
hsa-miR-6849-3p							13																													
hsa-miR-6850-5p		6																																		
hsa-miR-6852-5p						36																														
hsa-miR-6853-3p	15																																			
hsa-miR-6855-5p	15																																			
hsa-miR-6858-3p																															10					
hsa-miR-6858-5p	11													9																						
hsa-miR-6859-3p																																		18		
hsa-miR-6859-5p	17		18											13										19							13			28		
hsa-miR-6861-3p	17																																			
hsa-miR-6862-5p																																		43		
hsa-miR-6863				3		18				37	8																				20			1		131
hsa-miR-6864-5p	27																																			
hsa-miR-6865-3p									12												5															
hsa-miR-6865-5p	14																							11												
hsa-miR-6866-3p																															11					
hsa-miR-6866-5p	1					23								2																						
hsa-miR-6868-3p	14																																			37
hsa-miR-6869-3p						18									18		28																			
hsa-miR-6869-5p			11	5		27	1	52		26	8				41	16						13	6	29		1		27	19		1	1				
hsa-miR-6871-5p																															20	18				
hsa-miR-6872-3p	9																																			
hsa-miR-6873-5p							19																													
hsa-miR-6874-5p	13																																			
hsa-miR-6875-3p	54			4						5												9		6							14					
hsa-miR-6876-3p	13																																			
hsa-miR-6877-5p	23																																			
hsa-miR-6879-5p				3														17																		
hsa-miR-6880-5p	29																							13												
hsa-miR-6881-3p	134					11																						26								
hsa-miR-6882-5p									11																		17				11	16		20		
hsa-miR-6883-3p	17		10																				19	14												
hsa-miR-6885-3p	14																																			
hsa-miR-6885-5p						29																			69		29									
hsa-miR-6886-3p																															11					
hsa-miR-6886-5p														7										22												
hsa-miR-6887-3p												7																								
hsa-miR-6887-5p																		48												16						
hsa-miR-6891-3p																																		25		
hsa-miR-6891-5p	8																																10	6		
hsa-miR-6894-5p	17																																			
hsa-miR-7-1-3p	795					101		9	13	26	32			142								13	102	60	34		18	56			33		16	57	29	83
hsa-miR-7-2-3p	82																																			
hsa-miR-7-5p	141037	15	19	25		385	5	309	55	192	145	64	62	441	18	112		70	46	101		122	258	288	244	32	133	122	1	2	122	100	182	564	346	151
hsa-miR-708-3p	462		1			37				2	9	35	12	27		18							10	9			54				19	16	4	107		38
hsa-miR-708-5p	3299			3		5					22	26		41		3			15			1	19	38			102				5		21	26		70
hsa-miR-7107-3p	14																																			
hsa-miR-7108-5p																													22							
hsa-miR-7109-3p																											18							44		
hsa-miR-7110-3p	4																					18														
hsa-miR-7111-3p	20																																			
hsa-miR-7113-3p	16																																			
hsa-miR-7113-5p																								15			56									
hsa-miR-7114-3p						1																														
hsa-miR-7114-5p	32																																			
hsa-miR-7151-3p	44																																			
hsa-miR-7151-5p	52																																			
hsa-miR-7156-5p	19																																			
hsa-miR-7158-5p													1																							
hsa-miR-7159-5p																														8						
hsa-miR-744-3p	294													7											2											
hsa-miR-744-5p	11539		76	37		253	11	91	61	81	95	109	41	407		161		202	65			28	187	223	30		121	212	64		299	29	167	635	91	177
hsa-miR-758-3p	135																																			
hsa-miR-758-5p	318																																			
hsa-miR-760	3072			1		35		1	7		8		31	13	17				7		7	6	5	47			50	109			79		18	171		12
hsa-miR-765						31								13									1											57		
hsa-miR-766-3p	223		1	7		46					13			4							33		9								10	57	8			61
hsa-miR-766-5p	48																																			
hsa-miR-767-5p	327			6																																
hsa-miR-769-3p	489					8										29						10					27									
hsa-miR-769-5p	23314		190	37		396	20	268	82	65	135	41	34	258	17	237	176		116	131	18	97	165	205	9		132	106	1	1	279	31	156	691	201	247
hsa-miR-770-5p	253																																			
hsa-miR-7704	100					24			68	14		2				33						8		27			14		16		10					
hsa-miR-7705						24																	20								1			19		
hsa-miR-7706	37		6			13			24	10	17	13		61	30	46						6	36	31			52				12		49	28		
hsa-miR-7845-5p				5																																
hsa-miR-7847-3p												3																								
hsa-miR-7854-3p	34					4																												37		
hsa-miR-7975																												1						25		
hsa-miR-7976	11																																			
hsa-miR-7977	260		19			22					10		31	38								10						34			30		1	93	1	
hsa-miR-7978	29																																			
hsa-miR-802																															11					
hsa-miR-8072								53																												
hsa-miR-873-3p	225																																			
hsa-miR-873-5p	736										8			7																						
hsa-miR-874-3p	6145	16	339	30		691	35	484	72	140	295	86	11	708	21	168	283	95	103	1		120	466	387	158	30	1055	120	89	1	637	47	117	1150	546	627
hsa-miR-874-5p	130											16							20								27				9					
hsa-miR-876-3p	348																																			
hsa-miR-877-3p	55		9							28	8		4	12																						
hsa-miR-877-5p	679	6	154	41		503	77	534	67	120	221	43	82	822	25	365		281	66	92	14	48	344	229	208	54	695	405	114	31	279	237	151	1094	305	390
hsa-miR-885-3p	831									18				5																				36		
hsa-miR-885-5p	17545	1				25		49		28	72		11	36		29					1		27	18			94	10		1	27		4	26	34	
hsa-miR-887-3p	326													31		53											14							109		
hsa-miR-887-5p	36					33																			5											
hsa-miR-888-3p																															14					
hsa-miR-888-5p	15			29		365	1	66	25	59	200	19		67		60		56		1		35	285	441	63		1020	75		1	451	1		20	55	133
hsa-miR-889-3p	2434																							14		43										
hsa-miR-889-5p	31																																			
hsa-miR-890																					32		6	10							16					
hsa-miR-891a-5p	22		36	17		1779		1019	53	356	774	8	19	354		237	1	158		1	132	238	359	1716	159	116	2883	285	96	26	2148	53		676	479	771
hsa-miR-891b										16	9											34		42							16				47	
hsa-miR-892a	6					22				9				4				27					22	37			138			1	23					
hsa-miR-892b											3			6										35	7						24					
hsa-miR-892c-3p																															3					
hsa-miR-9-3p	321188	7	27	70	2	1275	3	339	20	105	187	52	11	829		21	126	27	29		33	49	302	361	3	82	444	308	50	2	368	51	82	1150	150	122
hsa-miR-9-5p	1827947	49	158	667	1	4300	30	2668	257	588	1041	293	86	4094	82	713	246	285	216	3	162	364	1537	1094	1055	255	1644	1317	236	89	1547	378	800	6762	625	1063
hsa-miR-92a-1-5p				7		68		78	24				44	71					14				8	4			63	63				21	44	81		
hsa-miR-92a-2-5p						16								17								24		18										27		
hsa-miR-92a-3p	107507	662	2200	4618	269	70464	1813	44342	4592	9506	21245	5891	4118	63695	702	12254	3200	10571	7371	309	6570	7267	24076	43087	10786	8731	72702	48672	2641	1033	28274	5829	10667	73110	20128	26339
hsa-miR-92b-3p	47170	50	124	238		5871	87	4575	330	881	1835	532	282	6078	14	1343	228	847	584	1	905	437	2374	2467	935	536	5952	3894	320	146	2527	625	786	7077	2275	1633
hsa-miR-92b-5p	346		15	17		45		29		15	18	11		124		95		6				1	184	7			131	13			48		81	54		
hsa-miR-93-3p	211		19	9		64			24		54	10	9	151		66			17	1		29	32	70				138		24	186		56	445		59
hsa-miR-93-5p	27527	140	328	417	2	5386	252	3470	773	750	2114	737	750	11555	239	1786	77	890	606	143	203	1397	2587	3771	874	520	3678	3955	627	98	4050	696	2936	8926	2187	2298
hsa-miR-933							11																													
hsa-miR-934			136	53		105	18	111	51		86	40	26	232		89		16	15			20	244	88	38	20	180	155			252		108	614		158
hsa-miR-935	1200																																			
hsa-miR-937-3p	37							38			11			6				34	13			10	6	20	37						12			31		
hsa-miR-939-5p	16																																			
hsa-miR-940	418										2			15		10								16										15		
hsa-miR-941	66		1	1		117	2				15	5		38		11			40		50	21	49	85	49	1	220	116	49		154			376		253
hsa-miR-942-3p	22																																			
hsa-miR-942-5p	175	10	20	5		53					29			53				33				15	58	71			66	49	59		75		13	140		55
hsa-miR-943									1					5																						
hsa-miR-944				4							10	16		14									60						26			38		137		
hsa-miR-95-3p	26983	16	57	319	1	2024	237	1150	131	38	830	595	119	777	1	201		344	75	1	162	618	887	2206	63	25	1374	1855	29	88	390	328	290	3600	331	290
hsa-miR-96-5p				9		175		221		109	48		15	172		13						45	55	145	31		9		1		75		43	270	105	15
hsa-miR-98-3p	752			35		81		66		18	61		9	74		49		12				28	5	57	58		24	138			88	17		291		
hsa-miR-98-5p	97428	52	239	494	3	6207	270	6730	302	1155	2622	514	1097	5953	201	906	167	1585	357	133	465	981	2888	4548	1162	365	6220	3385	381	130	3527	745	1094	10998	1463	1682
hsa-miR-9898																							45										22			
hsa-miR-9901						5						8																								
hsa-miR-9903				1							10																43									
hsa-miR-9983-3p	24																					1									7					
hsa-miR-9985	1190		32	21		75	22	9	29	1	75	21	8	64		1	1	3	9			30	36	129	8		48	83	2	1	18	2	95	211	2	5
hsa-miR-99a-3p	111		37			22					8			12		33						7	14	16				25			8		19			
hsa-miR-99a-5p	108426	104	6501	3163	10	27816	1214	13814	6179	5122	12770	3245	1855	33797	2129	7303	1222	3355	4325	1086	2279	4653	10240	21829	2729	2992	23467	14040	3551	434	17552	2857	7119	40357	7358	8457
hsa-miR-99b-3p	4122	6	144	85		825	33	485	69	38	416	103	86	1167	28	585	48	234	73		69	230	438	363	152	43	583	254	117	23	460	26	227	1796	259	404
hsa-miR-99b-5p	83402	116	2432	2085	9	25880	1165	16258	2760	4975	9716	2957	2063	32757	1114	8884	626	4352	3765	1068	2900	4779	11148	16455	4903	3390	25109	21283	2332	571	17318	3067	7524	47043	11204	13208
