name	180626-180628-190531_Brain_S32	32140237_EXO_S31	32150168_EXO_S6	32150184_EXO_S18	32150225_EXO_S2	32150855_EXO_S1	32150887_EXO_S28	32151031_EXO_S19	32151184_EXO_S8	32151244_EXO_S30	32151484_EXO_S11	32151686_EXO_S20	32151694_EXO_S10	32151750_EXO_S14	32151971_EXO_S23	32151974_EXO_S24	32152194_EXO_S15	32152197_EXO_S12	32152356_EXO_S21	32152444_EXO_S25	32160074_EXO_S17	32160187_EXO_S9	32160196_EXO_S22	32160475_EXO_S26	32160668_EXO_S16	32160696_EXO_S3	32160790_EXO_S27	32161242_EXO_S7	32161248_EXO_S29	32161349_EXO_S5	32161406_EXO_S4	Suma â€“ X32161462_EXO_S13
hsa-let-7a-2-3p																15													3			
hsa-let-7a-3p	1615	209	697		387		1722	191	107	832	218	1913	963	43	267	2489	638	563	309	48	178	449	217		725		222	206	381	3	226	1
hsa-let-7a-5p	996982	162445	541381	228651	394727	109538	2074198	306037	31496	1246587	342202	1141984	590772	202586	222973	2055348	933926	168446	272815	43483	44933	184466	213116	225258	656650	118868	250882	328355	335559	13797	330150	58345
hsa-let-7b-3p	1351	228	934	882	1137	35	3347	775		2069	828	2044	1429	971	514	3726	1977	591	630	92	38	640	459	449	1925	571	720	783	797		1059	2
hsa-let-7b-5p	214499	127751	400444	198343	393528	115910	1302406	233471	38540	745455	305774	677389	548392	177575	170011	400105	727853	129119	238564	34023	35993	148024	123686	201103	538559	95678	208048	296517	281449	10768	276133	53473
hsa-let-7c-3p	51	55					179			10		32	84			33	8		9				7						39			
hsa-let-7c-5p	156401	27454	94858	40787	61126	11829	298866	58475	10299	191605	69419	159993	116079	24151	37170	308774	138834	23172	50725	7325	9886	38812	32129	48622	95683	20979	53485	75135	61910	2929	42166	7356
hsa-let-7d-3p	8196	4380	7748	4887	8158	1155	26216	7274	2	17785	7326	16894	7836	5916	4762	14433	8914	4249	6013	942	645	6823	2973	5477	18837	2047	6403	7661	10420	360	8195	3490
hsa-let-7d-5p	43617	4577	13895	7015	15279	4246	67920	9915	740	37928	11602	43548	15765	7607	6238	84310	21337	7959	11009	2918	1444	4871	6175	6023	27082	4118	7034	11151	13495	325	14524	1809
hsa-let-7e-3p	179	66	78	414			435	27		140	139	457	34		36	394	57		29			27	43	221	161	28	7	126	220			
hsa-let-7e-5p	78980	17868	68595	26169	70411	10340	261690	42950	5858	153952	45176	132494	59627	22100	24575	152371	80643	20210	35495	5516	6003	17814	24747	23377	68847	16806	35548	39208	40545	3942	43534	6567
hsa-let-7f-1-3p	89		44				263			116	9	143	49			80	22		1			1	18		135		186		34			
hsa-let-7f-2-3p	11		58				27	11		1		43	1			29	26						8		71		29					
hsa-let-7f-5p	528886	66160	187674	78701	146148	36402	811492	112523	13276	529094	138727	439999	174944	72906	85409	1148912	224054	64702	99080	17484	20647	72218	89482	64677	217593	38457	99351	112457	126519	7877	107334	20048
hsa-let-7g-3p	13						102									32																
hsa-let-7g-5p	274927	19417	54364	27898	42766	9559	271806	39923	4180	157020	47874	160108	63846	24789	28512	588558	71809	21150	35361	5820	6921	27181	26802	24774	96268	10400	33014	35953	42097	3014	22416	14090
hsa-let-7i-3p	411		144	13	75		199	11		232	191	125			1	762	5	16					47		79				145			
hsa-let-7i-5p	89365	4663	12603	5153	9960	2353	55478	9156	741	36157	13484	30286	12897	4046	5430	203564	10875	5395	4919	1327	1542	4119	5903	8480	23492	2268	6578	6763	5582	168	8916	3057
hsa-miR-1-3p	10100		42	1	11	1	17	33	3	26	84	130	101	440	3	21109	475	141	265	2054	1140	194	6		122	1	86	2	185			3
hsa-miR-100-3p	11															25																
hsa-miR-100-5p	71910	1731	6782	1031	5259	474	25762	3569	1125	15385	5530	14240	6203	3700	2335	139764	5198	3743	3392	945	420	3268	2369	2084	11865	2150	2192	2330	4508	4	2064	1868
hsa-miR-101-3p	26340	2347	9775	2229	3755	1266	31232	7375	339	23620	8586	17206	8212	3131	4582	59421	7980	3805	6542	756	752	4126	4068	2115	12267	1739	5147	4560	4814	275	4115	2601
hsa-miR-101-5p	38									15		12				6								77								
hsa-miR-10392-5p									1																							
hsa-miR-10393-3p																4																
hsa-miR-10394-3p				13																												
hsa-miR-10395-3p	72							11								42										84						
hsa-miR-10397-3p																																1
hsa-miR-10398-5p																2							3									
hsa-miR-10399-3p	16						70	11		11		46					16						19									
hsa-miR-10399-5p		23					14			107				84		51		35					35				89					
hsa-miR-103a-1-5p																	67															
hsa-miR-103a-2-5p												5					1															
hsa-miR-103a-3p	81994	2338	9695	2774	11284	3951	52090	7485	419	26800	8672	34896	12157	5804	3725	154153	21275	5330	6844	1129	1188	2631	4413	3428	23752	2328	6344	5491	9812	414	5380	2827
hsa-miR-10400-5p		1																														
hsa-miR-10401-3p		12			1		101					27	230		44	13											17				55	
hsa-miR-10401-5p							14										46															
hsa-miR-105-5p	350															641	1											72				
hsa-miR-10522-5p	9																															
hsa-miR-10523-5p																																1
hsa-miR-10527-5p	20	68	257	332			196	39		89	3	110	247	204	72	42	22	101	216	106			28		14	42			79		50	
hsa-miR-106a-3p	4						18			31		75	31			41	23															
hsa-miR-106a-5p	199	43	342	150	126		624		1	120	108	484	86	2	112	400	837	61	12			1	38		197	19	181	1			208	4
hsa-miR-106b-3p	730	187	600	53	701		2261	383	1	1168	402	759	859	111	138	876	513	98	232	203		8	190	6	677	66	276	249	344		312	71
hsa-miR-106b-5p	1297	44	704	140	854	62	2420	475		1229	354	1233	189	111	295	2204	834	62	545	39		89	237	293	1523	110	242	137	688	37		2
hsa-miR-107	5158	3	661	22	798	11	4243	956	3	1855	847	2235	663	1170	29	9256	963	482	892	30	170	70	256	256	2279	272	127	684	1256		142	4
hsa-miR-10a-3p	81	520	1596	774	3463	144	7917	818	193	5068	1868	5164	1289	631	624	78	1641	274	632	47	98	78	996	720	2273	62	960	1089	973		426	117
hsa-miR-10a-5p	17290	95160	300799	155566	315719	31280	1347401	194252	22829	874685	263886	645321	250002	92514	108893	21251	296477	66796	147851	22501	20501	120955	150185	156082	403247	61631	172648	252167	248514	8854	94492	12289
hsa-miR-10b-3p	48	307	993	69	938	24	4407	706		2740	289	2823	663	41	292	56	875		424		332	107	508	243	889	175	383	564	765		31	
hsa-miR-10b-5p	20164	105999	292640	130960	220634	25897	1390348	183261	17679	933876	196405	622730	220200	88093	125774	24273	309242	78881	133108	26096	27313	113957	160883	132174	309572	53500	167592	199635	264183	6782	124771	14787
hsa-miR-11399	3																															
hsa-miR-1178-3p	17																															
hsa-miR-1179	150											11				194			1				11									
hsa-miR-1180-3p	5526	214	820	800	1485	29	5170	710		4409	1310	2342	1516	415	911	8737	1370	810	481	18		106	597	696	2231	562	1086	438	1438		633	6
hsa-miR-1180-5p	16				177		8			23		6				41									22							
hsa-miR-1185-1-3p																207																
hsa-miR-1185-2-3p																64		1														
hsa-miR-1185-5p	33															206																
hsa-miR-1197	29															70																
hsa-miR-12125			7	107							17	25																				
hsa-miR-12128															1																	
hsa-miR-12135																15																
hsa-miR-12136	836															1272																
hsa-miR-122-5p	79				39	1	109	77	1	130		31			63	231	82		76				4		41							
hsa-miR-1224-3p	12															85																
hsa-miR-1224-5p	467						42									600																
hsa-miR-1225-5p																5																
hsa-miR-1226-3p	77		27							33		74				151	152								141			93				74
hsa-miR-1226-5p																8	7															
hsa-miR-1228-3p	5		12				5					20				96																
hsa-miR-1229-3p	45						17					24				104							5						101			127
hsa-miR-122b-5p							53										33								21	117						
hsa-miR-1234-3p	9									49																						
hsa-miR-1236-5p			6													24																
hsa-miR-1237-3p	4															2	16														52	
hsa-miR-1238-3p																	34															
hsa-miR-124-3p	146444	1	15	23	1		117	1	26	12	1	86	1	168	39	301981	18	7	30	1	1		61		121	23		24		2		
hsa-miR-124-5p	227															948																
hsa-miR-1245b-3p												24																				
hsa-miR-1246			23					58														58										307
hsa-miR-1247-3p																													1			
hsa-miR-1247-5p	277														30	377									21							
hsa-miR-1248																29																
hsa-miR-1249-3p	1466	23	1	111	123		157	97		165	69	115	12	143	1	2388	179	35	244	33	7		34		118	9	27	1	128			
hsa-miR-1249-5p	3																															
hsa-miR-1250-5p	187		27													202																
hsa-miR-1251-5p	25												16			72																221
hsa-miR-1252-5p																25																
hsa-miR-1258	40															155																
hsa-miR-125a-3p	334	138	548	664	790	55	2239	316	1	1088	499	799	504	148	117	313	847	159	452		158	292	181	225	537		424	603	492			53
hsa-miR-125a-5p	148824	31629	133231	60457	148313	17271	353768	88311	13804	282720	89333	215913	92247	41123	44699	307727	120363	24613	66895	8097	10980	34840	49315	52226	132226	29302	65086	85544	98349	4599	60659	6304
hsa-miR-125b-1-3p	1402		124				292			79		154	41		8	2682	49					173	12		173		99		255			1
hsa-miR-125b-2-3p	6787	368	1038	255	1544		3919	850	1	2886	1322	1775	1468	124	713	11669	1758	365	566	2	16	226	454	79	1809	120	488	352	640	19	351	3
hsa-miR-125b-5p	175897	5213	16036	7184	13695	1806	59470	13280	1964	31338	14886	42278	17223	6785	5366	384619	25586	2917	10568	1512	1246	4231	5784	5853	23238	4525	8614	11503	12975	553	8958	536
hsa-miR-126-3p	37163		211	6	211		455	127	1	190		378		38	7	68015	2	1	7			77	68	1	2525	2	65	198	26			
hsa-miR-126-5p	4661		18				130	51		36		15			3	6117	1		2				2	18	221		20		34	1		
hsa-miR-1260a	1207	1494	4708	582	3414	1269	13716	2150	769	5730	3804	9450	4471	3625	1284	2122	9392	1525	6370	402	648	1908	1004	2114	5273	1318	1859	2762	7160	162	3106	1766
hsa-miR-1260b	1015	1377	5010	978	2947	1249	13253	2038	510	5573	3872	9680	4559	3525	1354	2354	9901	1544	6631	605	854	1896	939	1625	4404	1138	1060	2307	7099	98	2407	1119
hsa-miR-1261							1			38			1			47	1															
hsa-miR-1262	11						47					8											1		32							
hsa-miR-1266-5p	9									36																						
hsa-miR-1267	14																															
hsa-miR-1268b	19																12															
hsa-miR-1269a							435	99		33	224	19	39			24	71		49			156	11		79				41			
hsa-miR-1269b	34							1									27							46								
hsa-miR-127-3p	5704			1		1	21		2			45				12700			18		2		2		34			2				
hsa-miR-127-5p	570		30		287							35				1948	1		1					179								
hsa-miR-1270	80			34			224	95		165		253	250	140	79	180	123	122	4				18		199			150	71			1
hsa-miR-1271-5p	150						90			84	39	153				635	23						23	300				233				
hsa-miR-1273c																												231				
hsa-miR-1273h-3p	32																															
hsa-miR-1275	47						102					4					59		2				3					119				1
hsa-miR-1276	39															53							3									
hsa-miR-1277-3p	1									12			9														142					
hsa-miR-1278												5																				
hsa-miR-128-1-5p	505						66			21						1129			40				2		1							
hsa-miR-128-2-5p	106															232																
hsa-miR-128-3p	541630	972	2899	645	2212	1097	11635	1895	139	6933	1794	5481	2055	1324	1519	845272	3409	976	1143	259	79	989	1297	824	5813	739	1662	811	2263	16	936	165
hsa-miR-1284	13						38									22			35									79				
hsa-miR-1287-5p	51						9						127			147																
hsa-miR-129-1-3p	1938						184			26		27			1	4327	277						10		1	2			223			
hsa-miR-129-2-3p	1230			1			1		1			26				2212	1		1				1		1							
hsa-miR-129-5p	37688	42	99	98	180		597	73	5	455	10	345	263	68	11	60983	139	103	8		49		70		187			86	46	1		
hsa-miR-1290																																1
hsa-miR-1291	16															92																
hsa-miR-1292-3p	6																															
hsa-miR-1292-5p	52				39		55			115		23				1	51		25								33					
hsa-miR-1293					37							48																				
hsa-miR-1294												42														234						
hsa-miR-1295a	1									37						30																
hsa-miR-1295b-3p														43																		
hsa-miR-1296-5p	212				125		61	38			110	177				429	1	1							33							
hsa-miR-1297							20																									
hsa-miR-1298-3p	201			1												394																
hsa-miR-1298-5p	37								1							93																
hsa-miR-1301-3p	3883	122	324	38	236		1992	398	2	992	555	1430	324		43	8297	452	427	337	203		29	187	171	636	273	71	184	377	4	59	133
hsa-miR-1303							146					16									1								48			
hsa-miR-1304-3p	14		64				23			45	116	113				76	16		40				4						154			
hsa-miR-1304-5p	19						1									34	11						4		190							
hsa-miR-1305																							1									
hsa-miR-1306-3p	160									99			27			311							12									
hsa-miR-1306-5p	303		32	321	370		201	28	92	414	52	192	352	286	206	297	247		94			774	38		308			73	45	236	174	
hsa-miR-1307-3p	499	221	661	45	832	176	2628	396	1	1324	338	1594	803	853	274	701	943	449	262		108	566	241	332	820	1	192		778	324	93	152
hsa-miR-1307-5p	300	154	106				532			45	36	305	54		1	404	163	56	80				22		101	4				1	1	
hsa-miR-130a-3p	412						313	12		376	127	366	56		58	498	55	74			290		47		195	56	65		27			
hsa-miR-130a-5p												20													27							
hsa-miR-130b-3p	318						44			153		17				570	42								412	1						
hsa-miR-130b-5p	771	40	314	139	115		803		1	456	131	434	196		256	1371	511	38	205		89	112	70	101	672	182	235	133	225		169	67
hsa-miR-132-3p	28839	39	103	75	198		1241	150	3	587	304	440	144	115	244	46298	413	180	433		119	130	93	1	482	2	56	235	228		349	53
hsa-miR-132-5p	8147			1		73	62			115		37	129		4	18442	1		2				7					3				
hsa-miR-1323							10			38		21				4							1		108							
hsa-miR-133a-3p	456						1					67			55	857				28			1									
hsa-miR-133b	2																															
hsa-miR-134-3p																56																
hsa-miR-134-5p	1127						80					7			2	2309			3							1					38	
hsa-miR-1343-3p	194									47			3			181							6		52							
hsa-miR-135a-2-3p	139	190	124				579	72	1	77	21	223	1253		165	282	779	98	90				55		221		48	117	37		10	286
hsa-miR-135a-3p	5																															
hsa-miR-135a-5p	4105	351	1092	55	360		2302	385	3	764	46	1644	1399	324	159	10041	3008	423	86	203	323		75	28	1767	226	578	443	360		791	160
hsa-miR-135b-3p					72																		1									
hsa-miR-135b-5p	282	148	2962	1369	3656	434	8593	2578	213	4366	1869	7182	1569	225	701	510	2921	766	1111		43	236	669	1126	2110	515	1777	172	1024	259	244	295
hsa-miR-136-3p	4617		1				2	12	1			22				6750			1				2			1						
hsa-miR-136-5p	570						1			130						930				1			1									
hsa-miR-137-3p	1931															3305																
hsa-miR-137-5p	83															53																
hsa-miR-138-1-3p	196		17		120		72			28		32				198						1	10		72		88					
hsa-miR-138-2-3p	481		25				44			30	19	13				793							7									
hsa-miR-138-5p	3536		77		26		227		1	141	6	189	69	45		6893	90						33	5	138		25	43	74			1
hsa-miR-139-3p	2485		1	2			1			18						4976							4							1		
hsa-miR-139-5p	43334		1	7	101		501		6	41	10	108		16	12	78958	151	3	6				18		109	6	196	8		1		
hsa-miR-140-3p	9168	626	622	389	483	256	8630	643	104	3261	1081	3650	977	407	608	17279	2218	981	704	310	81	300	513	360	4260	185	630	773	1129	19	480	1549
hsa-miR-140-5p	1720	73	56	1			1010	73		310	173	561	88		3	3240	129		44		43	385	42		496			167	232		139	
hsa-miR-141-3p	704	2136	4967	1326	5629	1247	18875	4637	235	13751	3710	13908	4265	2801	3216	609	6535	2117	3145	652	1146	632	2033	1606	12805	427	4200	2940	4043	117	1646	1417
hsa-miR-141-5p			53								23	62					97						4		130				53			
hsa-miR-142-3p	219			1				579		25		29		9		380	29	98							1861	24	315					541
hsa-miR-142-5p	325					41		247		38				134		809	22			42					5725		348					415
hsa-miR-143-3p	237414	139	38	44	3	3	185	2249	48	210	2	143	1	550	202	563709	213	157	111	306	106	2	126	1	28689	214	1248	47		3		3152
hsa-miR-143-5p	54															43																
hsa-miR-144-3p	213															404							1		56							
hsa-miR-144-5p	586											2				1156	1															
hsa-miR-145-3p	1614						1		1	11		2			2	3277			1				1		320	1	22					
hsa-miR-145-5p	4214		1	1			2	110				2			2	9972	1						4		300			5				
hsa-miR-1468-5p	187		227		317		1128			284	39	290	200	80	97	325	432	124	64	77	270	110	75	100	206	1	151		171			2
hsa-miR-1469					1															98												
hsa-miR-146a-3p																12																
hsa-miR-146a-5p	2378	175	308	1	151	7577	980	285		444	157	717	106	7300	196	6436	130	533	145	50	25	314	34	22	5921	5	704	3	312		694	242
hsa-miR-146b-3p	181						69				128	28		155		650	15	88					16					1				
hsa-miR-146b-5p	20333	390	922	123	1351	35	5603	905	128	2943	966	2854	1691	690	715	45690	1924	1602	777	483	21	324	381	699	2149	103	729	1190	716	25	609	991
hsa-miR-147b-3p	12																											123				
hsa-miR-148a-3p	2140	4661	12805	2876	7656	500	36517	4533	146	19777	7898	16247	16900	2805	4939	3436	21500	3024	4090	490	1215	3735	3407	2438	24341	2032	5142	4350	6880	222	3045	1201
hsa-miR-148a-5p	41		129				85	147		104	66	141	161		19	6	79	106					31		48	198	24				172	1
hsa-miR-148b-3p	4616	351	1295	198	479	113	3649	496		2579	1090	2264	1471	519	533	9503	1661	508	567	123	139	432	410	326	1768	16	436	391	753		804	679
hsa-miR-148b-5p	101	1	35				169					94				139	42						22		36							
hsa-miR-149-3p	26				227		5	90			90	25	46			125	113															
hsa-miR-149-5p	9339	147	512	146	624	50	2445	359	1	638	1084	1717	1036	189	183	18868	2226	217	230	23	75	58	83	424	532	114	434	82	630		491	3
hsa-miR-150-3p	22																															
hsa-miR-150-5p	1741			1				54	1	61	1	8		452	25	3098							3		518							210
hsa-miR-151a-3p	20099	4463	8570	3306	9227	2950	48148	5879	793	28543	7188	20848	12888	6712	4073	38377	13821	3137	5428	1392	492	3409	5004	4474	13776	2739	5107	5419	7704	784	4789	2585
hsa-miR-151a-5p	51424	3931	13133	4577	9959	3785	57090	9763	1003	29246	9640	40049	10541	5778	4323	107171	16607	3612	5063	1665	1222	5801	5457	3861	19608	2135	5516	7075	8006	434	6429	3277
hsa-miR-151b	2660	326	299	24	745	66	3686	535	19	1325	514	2295	246	203	405	6122	838	238	665		4	585	291	764	1662	356	311	794	361		350	1377
hsa-miR-152-3p	1495	291	1118	804	329	279	4355	444	2	2245	770	2035	769	222	576	2363	1014	433	625	41	143	158	221	604	1114	23	803	300	672		517	2
hsa-miR-153-3p	1704				47						36	21		1		3318	14							78								
hsa-miR-153-5p	79															95																
hsa-miR-1538							128									13																
hsa-miR-154-3p	436															724																
hsa-miR-154-5p																114																
hsa-miR-155-5p	844	181	1199		93	44	727	267		230		105	1186	53	153	1697	3589	35	235		278		27		410	34	180	2	212			14
hsa-miR-15a-5p	2640	44	48		141		1124	99	520	680	145	527	32	75	239	5064	84	86	106		260	84	72	112	2031	1	638	39	120			243
hsa-miR-15b-3p	50		18				96			64	13	69			27	113	69	27					4		274			128				
hsa-miR-15b-5p	2543	243	1111	121	1046	189	4344	710		3687	2040	3193	1632	761	293	4443	1672	264	753	211	515		559	356	5680	69	720	563	767		165	828
hsa-miR-16-2-3p	371	60	261	48	417	149	1311	129	1	1312	306	551	334	160	42	501	355	9	61	83			117	1	764		166	121	130		52	
hsa-miR-16-5p	36610	1132	3487	1744	3046	1057	17663	3866	164	12947	3523	12172	3641	1423	1623	74331	5749	755	1524	292	429	938	1740	1519	28547	241	2087	2396	2314	26	1554	592
hsa-miR-17-3p	46						61	56			11	56	53			69	17						10					4	94			
hsa-miR-17-5p	420		372		224	37	1771	215		1027	266	1019	243	237	1	1284	589	278	160		17	137	154	97	725	57	141	369	311		195	50
hsa-miR-181a-2-3p	1689	235	640	308	1103		3325	736	3	2453	931	1977	1285	155	348	3741	849	216	658	1			514	250	1155	402	540	76	683	232	644	311
hsa-miR-181a-3p	1450		12				83			52		79	15	109		1997	74						16		166	1	163		143			2
hsa-miR-181a-5p	380181	2090	6373	752	11788	1847	35409	3945	238	19079	5356	20644	7979	4277	2634	606211	7052	3135	4167	931	600	1238	3413	1933	27051	1219	3944	2931	6734	80	2320	885
hsa-miR-181b-2-3p										60						1																
hsa-miR-181b-3p	18				95		100									140															20	
hsa-miR-181b-5p	86406	856	1822	168	3290	522	9825	955	13	4630	1710	5850	1267	540	434	142551	1976	1148	1332	53	124	218	670	1004	5650	618	1110	695	2029	314	1925	63
hsa-miR-181c-3p	355						30					45			55	807							11									
hsa-miR-181c-5p	3984		16	2		5	225			320		96				5636	154	88	2	168	2	1	50		193	1	38	111				
hsa-miR-181d-3p	20															64																
hsa-miR-181d-5p	1935		1		1	1	246	1		397	125	148	80		84	2880	78	219	1	76		505	34	104	876	1	2	1	73		1	
hsa-miR-182-5p	905	3213	13378	6709	10669	1074	67327	9008	1174	33172	11010	24937	12257	3865	3487	1829	20747	3565	5222	784	518	4621	5604	7541	17065	2658	8881	10194	7486	14	4586	1278
hsa-miR-1827	4						3									4																
hsa-miR-183-3p	9				2		470			32		58	186			70	120						2		24	207						
hsa-miR-183-5p	485	1638	7989	1912	7994	845	41107	5907	252	20529	6230	14783	5232	3149	2004	1199	11398	1330	3844	176	721	2598	3356	3377	11043	1401	5263	4804	4656	216	2885	1086
hsa-miR-184	439		98	986	557	339	322	820	2384	574	342	57	572	74	115	726	1007	147	79	336	479		80	590	402	155	288	892	1	1	164	465
hsa-miR-1843	654		90				439		1	147		104		66	27	1356	82		1			84	19	12								
hsa-miR-185-3p	141									84		20				103									44							
hsa-miR-185-5p	3020	164	74	321	990		2210	225		1037	253	1630	630	30	241	6774	536	486	94			334	87		1233	1	217	2	311		482	34
hsa-miR-186-3p										20																						
hsa-miR-186-5p	6907	924	3543	876	2561	414	14320	2795	123	7700	1676	9194	3470	1957	1636	13678	3171	1434	1549	289	394	1647	1227	940	7085	644	1522	1623	2780	276	2468	774
hsa-miR-187-3p	46		354	432			991		1	109	173	482	20	53		109	119		103			102	38	261	511	24		60	102			2
hsa-miR-187-5p			23			31	458			124	35	74	81		36		33					36	45		129	100		88	17		331	
hsa-miR-188-3p	17																															
hsa-miR-188-5p			35		46		203			111		121	70			63	50		11				3		201	88			381			
hsa-miR-18a-3p	19		79				114			115		170	270			29	23						27		224				57			1
hsa-miR-18a-5p	95						54	123		63		55				126							4		208		50					
hsa-miR-18b-3p																	32															
hsa-miR-18b-5p												8													51							
hsa-miR-1908-3p			26																													
hsa-miR-1908-5p	268		18													599	74											1				
hsa-miR-1909-5p																56																
hsa-miR-190a-3p							52			88						17							15				44					
hsa-miR-190a-5p	479	321	313		129	1	1669	301	1	1372	369	690	256		108	568	168		125	141			156	68	491	108	335	2	126			
hsa-miR-190b-5p	2		11		12		43			53		22				95	14						5		247							
hsa-miR-191-3p	181		178				230	180		54	344	34	66	90	144	253	76						20		137	113						
hsa-miR-191-5p	52735	6844	25646	7229	29138	8182	112589	16707	1574	54856	17587	70531	28463	19741	10640	97681	40509	9000	18557	3192	2992	11460	9030	10484	70282	5048	14152	14436	24106	883	14972	8228
hsa-miR-1910-3p												11																				
hsa-miR-1910-5p					56																											
hsa-miR-1911-5p	49															20																
hsa-miR-1912-3p	20															85																
hsa-miR-1912-5p	38																															
hsa-miR-1913									1								76						6									
hsa-miR-1914-3p	33																															
hsa-miR-1914-5p							18																		39				30			
hsa-miR-1915-3p						1																							1			
hsa-miR-1915-5p																1																
hsa-miR-192-3p							24																1									
hsa-miR-192-5p	890	1082	3982	1094	3177	719	14814	2683	59	6053	1847	10134	6397	4055	2373	1906	4391	7392	2295	662	448	412	884	536	12737	1205	2451	1885	2569	11	2530	3357
hsa-miR-193a-3p	27						44			25		8			83								1		71		29					
hsa-miR-193a-5p	647	488	1511	456	2753	90	5070	745	1	2119	657	2675	1607	279	103	1223	2527	393	485	2		48	515	859	2940	209	777	356	883	159	133	119
hsa-miR-193b-3p	120	103			57		84			58		149	22		23	65	44	146					6		170		73	70	63			87
hsa-miR-193b-5p	23	32	38		316	185	404			131	263	432	386	136	95	110	199		27				37		428	163	30	52	109		279	3
hsa-miR-194-3p	49		432				502	302		111		104	211		162	19	8	138					21		259							
hsa-miR-194-5p	1208	1531	3692	221	1594	342	15396	3008	534	5778	1512	11910	4033	4115	2235	2057	3989	7370	1444	456	430	888	962	761	14515	945	1888	885	1832	18	2438	3413
hsa-miR-195-3p	114						66			48	36	72				341	168						2					10				1
hsa-miR-195-5p	6902		100	2			528	1		272	75	209	148	1	3	13199	1425	199	34	69			45		115		184	2	2			235
hsa-miR-196a-1-3p										5		19					7															
hsa-miR-196a-5p	231	1802	3541	989	2656	685	18834	1438		9974	1260	9720	4487	1283	2055	142	4012	2870	1857	478	746	2004	1453	601	8101	1012	2114	3421	2344		3452	646
hsa-miR-196b-5p	251	1084	2079	398	360	488	5273	1004		4697	720	2779	2533	1013	612	239	3889	1069	928		341	431	737	331	2058	238	1210	636	921		1637	1132
hsa-miR-197-3p	3785	501	944	559	1358	181	3827	1058	142	2731	747	2286	698	898	329	7359	1778	171	1056	282	19	175	490	615	4343	452	977	935	1422	190	847	799
hsa-miR-197-5p																									35							
hsa-miR-1976	8												21			22																
hsa-miR-199a-3p	1345						27		1	56		33		56		3307	9	1		1	34				1114		27	2		31	109	52
hsa-miR-199a-5p	196									18						366																
hsa-miR-199b-3p	1345						27		1	56		33		56		3295	9	1		1	34				1114		27	2		31	109	52
hsa-miR-199b-5p	16									19						18									203							
hsa-miR-19a-3p	36	22	1	209			212	21		330	1	132	82			90	103	62	28				39	1	350	1						
hsa-miR-19b-3p	463	130	207	8	247		930	231		908	422	739	391	219	99	747	604		106	1		281	79	188	484	78	359	38	271		387	296
hsa-miR-200a-3p	1611	5686	15056	4337	14990	5265	58476	9939	1245	40166	9831	39579	14602	11963	7764	1366	18994	5772	13393	1146	1452	5673	6451	5838	28286	2861	8874	9728	12403	355	5566	1997
hsa-miR-200a-5p	71	279	873	482	1077	284	4141	310		2592	987	1872	1000	585	240	119	1213	547	564	58	48	198	408	66	1788	90	526	148	839		263	29
hsa-miR-200b-3p	4280	19542	53506	20552	53584	8118	276389	38170	4366	150975	46863	156423	65181	31280	21138	4692	91189	19859	41303	5310	5736	19276	25036	19871	74696	12356	32985	31779	52753	3493	20746	5138
hsa-miR-200b-5p	235	1930	2755	835	5523	1484	13935	2261	3	8540	3908	6927	6226	1780	1494	450	5710	722	2460	331	420	1845	1491	1616	4946	734	2038	1861	2650	54	1883	566
hsa-miR-200c-3p	4647	22614	63353	28875	86005	19778	314786	49526	6411	157994	53568	182515	76534	43717	29472	4546	144573	19998	41641	5495	6874	15485	26125	22994	116596	11251	42352	31402	56866	2164	25272	8002
hsa-miR-203a-3p	3048	10423	8477	7871	14600	26871	75264	48764	4934	59233	30449	41658	18414	18727	16892	5013	17246	15043	18016	5117	5990	8012	10063	7419	78079	4967	41344	17702	19138	5015	11873	10999
hsa-miR-203a-5p								43															7									
hsa-miR-203b-3p	59			34			38			201		13				101	30						15		117		105		67			
hsa-miR-204-3p	112	710	1213	644	622	423	3321	2062	38	4013	617	2355	999	370	555	341	1018	395	562	202	278	374	672	560	1568	92	746	580	1402		164	737
hsa-miR-204-5p	14438	29651	87707	32498	42615	8842	269705	84662	5425	305094	64379	195536	58737	43449	36418	20934	79940	20445	83162	9348	8423	18411	53587	31077	101567	17247	63093	52844	112976	1182	36759	10424
hsa-miR-205-3p							1										85															
hsa-miR-205-5p	120	1480	1818	1388	2493	1039	16439	8213	543	6485	3551	10460	2205	4363	1984	113	2153	2726	2638	1274	1750	774	951	880	15685	559	5289	1780	2675	622	3201	1827
hsa-miR-206		24	18	1			301			194		115	76		28	24		1				46	40		102		81	47	179		547	
hsa-miR-208a-3p																								98								
hsa-miR-20a-3p	10		8								17	54				11	16										13		37			
hsa-miR-20a-5p	863	425	597	249	388	62	1338	242	362	946	324	1501	1115	390	330	975	542	575	355	44	92	129	156	441	994	608	327	392	389		82	1
hsa-miR-20b-5p	131		1		103		260	18		227	19	142	122	162		264	458		27		12		10	135	141		123		183			
hsa-miR-21-3p	126	69	42		116	274	575	93		249	68	377	117	65	51	183	143	118	71	174	42		50	1	1411	23	153	39	369			559
hsa-miR-21-5p	59476	47252	74221	18459	80237	113768	306282	142997	10800	152240	53665	205033	83115	135539	67877	96287	132517	74082	38857	11107	8629	19591	27821	19533	339784	10844	100885	31692	44535	5139	44327	53788
hsa-miR-210-3p	76	96	181				404	93		214	78	245	53	63			128	101	65				29	60	177		148		159		43	
hsa-miR-210-5p	3	36					9	36		84	109	3	11			38	34						2			8	22					
hsa-miR-211-5p	104	4	133	183	158	80	249	24		207	19	168	32	11	174	87	346	68	15	101	325	3	75	375	241	86	15	21	64		6	3
hsa-miR-2110	520		205		448		553	58		351	223	539	292	129	95	767	123	147	125		199		72	34	757	28	245	219	106		171	455
hsa-miR-2113	78															55																
hsa-miR-2115-3p												11					44						6		28							203
hsa-miR-2115-5p																	53								20							
hsa-miR-2116-3p	50		59		289		128	1		83		62	45			129	6	109	20		92		7		83	34	40				153	
hsa-miR-2116-5p																	50															
hsa-miR-212-3p	1029						44			41		28				1752			109	1			1					52				
hsa-miR-212-5p	958															1802																249
hsa-miR-214-3p	324								1			37	54			822																
hsa-miR-214-5p															1	15																
hsa-miR-215-5p	18		3		3	3	71	1		73	2	135	4	6	86	49	4	9	62	1	1			1	56	2	162	1	1	1	2	5
hsa-miR-216b-5p							39			23		11			79	111																
hsa-miR-217-5p	42						42			82		5																	58			
hsa-miR-218-1-3p					154							47																1				
hsa-miR-218-2-3p															1													2				
hsa-miR-218-5p	22327	143	120	269	180		1715	16	183	436	261	1146	430	19	135	48450	502	68	247			310	100	91	726	80	255	283	185			
hsa-miR-219a-1-3p			44							40			115																			
hsa-miR-219a-2-3p	91985		11	11	1		29	1	20	1		20			24	198760	9	5	21				35		3	13	1	17	1	1		
hsa-miR-219a-5p	279											1				463																
hsa-miR-219b-3p										105																						
hsa-miR-219b-5p	12															7																
hsa-miR-22-3p	30457	5880	11243	4487	10805	4947	60419	11417	934	27834	13861	40581	14909	6017	7007	58366	11945	6388	6585	2748	1509	6015	3724	3738	27188	1731	6181	7861	8509	470	6440	5859
hsa-miR-22-5p	905	140	352	202	428		2724	206	196	701	273	1604	353	62	95	1961	702	183	185	39	62	14	125	531	259	14	114	333	221	124	209	299
hsa-miR-221-3p	25461	3451	8914	5881	14976	2828	50441	9953	638	18497	11048	30237	11210	3802	3734	44840	13242	4145	5889	1333	1685	3274	3076	5870	20545	3310	8062	3805	8732	574	4124	2629
hsa-miR-221-5p	681					49	308	43		134	14	111	88			1119	100	65	72			1	39		241				66			
hsa-miR-222-3p	16466	2681	9478	5339	17001	5040	46727	9429	2253	14149	10613	29793	10393	4258	3411	33052	12644	3057	4185	263	671	3849	2429	4053	14412	2336	8246	6137	7128	769	3209	2190
hsa-miR-222-5p		10					117					9					13								31		40					
hsa-miR-223-3p	1821	530	1	96		763	123	12734		843	25	133	69	3033	461	3735		362	236	251	523	20	175		159387	3565	8156	1	126		306	30946
hsa-miR-223-5p	18							9								15					16				1151		24					
hsa-miR-224-3p			59				96	114		153	21	28					4		108				9		66				47			
hsa-miR-224-5p	161	829	483	489	1063	2482	3254	1541	1	2269	1081	2079	2146	1568	913	264	1721	565	587	356	529	120	264	425	4841	304	1187	680	774	485	291	603
hsa-miR-2276-3p	38		65				30			10		83				97	1														44	
hsa-miR-2277-3p	6																								111							
hsa-miR-2277-5p	37															3																
hsa-miR-2278	8																															
hsa-miR-2355-3p	141						27					10				514			2			277	2		74							
hsa-miR-23a-3p	16347	5673	15736	8874	20958	5205	72134	22046	2721	58110	15396	41163	13423	9794	6560	27899	21396	6179	13751	2415	2712	4133	9185	8658	68549	4390	16163	10647	19232	1383	10982	5509
hsa-miR-23a-5p	27	104					134	164		168	255	86	229		45		128	68					19		399				151		55	89
hsa-miR-23b-3p	56539	10578	21688	8912	21429	3641	102206	16770	1921	51664	15809	60341	20700	13946	13396	106741	31650	16382	22341	4610	4927	10092	7826	9952	45383	5489	12741	16492	23767	685	24631	5397
hsa-miR-23b-5p	130		185				536	90		77		282	78	156	20	769	120		119				20		60		13		93		252	
hsa-miR-23c	83	7	10	5	6	3	107	9		62	6	126	14	49	2	77	12	4	13	1	5	4	6	1	88	4	4	5	34		15	5
hsa-miR-24-1-5p	325						302	31	1	118	49	167	138	23	58	1080	147		112				5	56	129		13	1				
hsa-miR-24-2-5p	126		86				425	8		123		337				145	74	77	1				52		47			108	158	156		1
hsa-miR-24-3p	60628	3762	10912	3765	11433	2337	47124	12472	136	29023	10374	34480	10866	6729	6472	134882	9117	7237	6931	2122	2734	4255	4268	4531	29818	2452	8173	6484	7712	135	10839	5839
hsa-miR-25-3p	8221	1269	4237	2400	5340	1264	27160	4220	135	14536	5412	10666	8278	3108	1788	13729	10006	2146	2706	287	481	1597	2631	2421	30691	1796	3101	1991	4918	542	3907	1473
hsa-miR-25-5p	48	28	129				90			111		81	46			16	243	148	171				18		53				145			
hsa-miR-2681-3p	54									48						155																
hsa-miR-2681-5p																38																
hsa-miR-2682-3p	24																															
hsa-miR-2682-5p	134															200												1				
hsa-miR-26a-1-3p	27		58	123	79		107			35		116			86	45							12		69						74	
hsa-miR-26a-2-3p	268		7				182	16		324	53	40	52			405	74						36		50		26	123	71			
hsa-miR-26a-5p	773428	119919	304125	125694	257425	42340	1290234	197154	21274	924793	194319	700372	262080	109723	136955	1241753	399578	117592	162757	34169	27244	97068	149973	121807	522712	57939	174203	216008	233462	8212	171941	45342
hsa-miR-26b-3p	103			11			135	28		170		84	243		118	144	181						27		133		1		69		72	407
hsa-miR-26b-5p	67909	21506	58266	21611	37623	7958	192407	31891	2987	157972	36550	93311	49405	23304	22741	112766	80052	18305	25408	4733	4989	16673	23986	21269	96258	12072	31494	32592	39879	2432	28761	12536
hsa-miR-27a-3p	12608	2404	4250	1387	4117	803	17953	8551	796	17984	2952	11236	2558	2189	1618	20310	5398	2636	2644	496	588	679	2653	2139	20609	1166	6420	2349	3630	375	2275	2183
hsa-miR-27a-5p	24		47				169	100		110		213		101			28	38					11		878		131					
hsa-miR-27b-3p	187134	14232	31134	8523	23807	2945	164402	24465	1285	93028	18559	92402	27859	16390	20070	342157	37192	23019	20012	5460	4637	14943	14835	10463	70891	7392	21158	20397	25130	677	25207	10822
hsa-miR-27b-5p	487	77	128				446	88		524	415	301	205			853	234			2	7	10	42		130	16	107	35	33		35	
hsa-miR-28-3p	2403	1599	2955	1642	3977	884	20899	2702	3	9339	3571	9123	6249	2165	1801	4526	6437	982	3511	648	161	1254	1702	957	7693	846	1688	2597	4131	105	1443	1279
hsa-miR-28-5p	2085	301	1054	266	1062	404	4682	1146	87	3007	469	3506	1689	241	592	4250	1900	340	726	236	14	47	526	339	2462	473	243	1062	695	20	268	33
hsa-miR-2861																			15													
hsa-miR-296-3p	15									21		25				33			24				8			1		155	62		89	122
hsa-miR-296-5p	24						79					9				16												1				
hsa-miR-299-3p	147															166																
hsa-miR-299-5p	514															562												1				
hsa-miR-29a-3p	60758	2138	6903	2707	6345	849	33850	5192	829	17309	4046	21913	6740	2342	2028	109753	8005	2356	2084	546	791	1973	2833	1675	15014	980	3678	5926	4840	269	2424	566
hsa-miR-29a-5p	58	55					53			34	103	51	24		141	128	14	1										37	24			
hsa-miR-29b-1-5p	194	51	88		45		401	228		237		204	191	1	174	330	396						31		432	1	48		92		243	
hsa-miR-29b-2-5p	615		224	1	101		396	3	1	64	158	387	61	25	1	1187	137	69					21				48				73	
hsa-miR-29b-3p	8572	780	1139	708	928	158	7162	742	118	3283	1606	4918	1319	1153	532	16038	1577	362	593	94	133	347	520	371	3280	105	903	718	807	1	334	132
hsa-miR-29c-3p	5356	809	2442	639	1293	244	7472	1598	116	6205	1617	6100	1223	930	833	9737	3362	727	946	96	431	1088	714	273	3905	184	834	1406	1323	9	884	120
hsa-miR-29c-5p	425	100	343		187	93	763	37		291	23	529	403	166	78	603	623	44	256			24	63	53	331	259	166	460	252		209	77
hsa-miR-301a-3p	8						32			35		18	16	34		8			47				10									
hsa-miR-301a-5p	14											40				62	36						4					1	67			
hsa-miR-302a-5p	13						1																									
hsa-miR-302b-3p	11						1									4					81											
hsa-miR-3059-3p																76																
hsa-miR-3059-5p	378															330																
hsa-miR-3064-3p							24																									
hsa-miR-3064-5p	59						127			27		50				44	23						9									
hsa-miR-3065-3p	90		68	45	91		179			140	21	77	10			98	26	61					15		243		124				2	90
hsa-miR-3065-5p	52	129	68		265		326	166		115		162			34	36	94	22	186				22		422	28	201				107	
hsa-miR-3074-3p										141													1									
hsa-miR-3074-5p			70							57		38											2									
hsa-miR-3085-3p	1															9																
hsa-miR-3085-5p																58																
hsa-miR-30a-3p	11550	23885	75209	26729	47478	4845	301179	38408	4637	207882	48446	119539	65324	21128	30400	17430	67986	23871	29857	5026	7091	26640	34709	25016	80504	14014	38673	34494	62981	1099	35784	6465
hsa-miR-30a-5p	244258	285304	806009	330187	512324	65392	3520832	475192	36651	2640734	517469	1736130	704626	228661	370247	402903	1032641	350460	359731	92105	88542	348462	459295	319935	1122887	168079	414995	401024	573211	12172	442792	98551
hsa-miR-30b-3p	177		278	27			490			123	192	395		161		212	80	34					56		124			154	153		90	
hsa-miR-30b-5p	4378	2048	10950	4898	4461	355	60343	7157	343	24226	10436	43423	7509	5267	3884	9746	14214	3493	7644	665	1092	6398	3770	3449	25632	1298	5019	7777	8342	403	3499	253
hsa-miR-30c-1-3p	65	62	366		1		634	103	1	310	205	166	58	169	177	355	203		19				49		134		89	1				2
hsa-miR-30c-2-3p	714	1158	2241	1237	3356	52	11567	1713	2	6765	1910	5860	2798	563	729	1407	3537	813	751	244	126	1066	1293	774	2445	496	1868	1019	1567	88	1505	15
hsa-miR-30c-5p	33045	19252	101156	34226	57035	6388	336489	51146	4689	171514	74768	254666	65309	37491	29412	67494	104100	30449	52729	11177	11351	40574	28494	34309	131290	17250	34786	56252	67849	1555	49961	7786
hsa-miR-30d-3p	38	6	271	42	79	1	289	76		344	186	141	20	3	5	46	25	73	98	1	2	78	60	7	152	1	39	4	112	1	109	1
hsa-miR-30d-5p	249911	123027	324738	161086	226872	48332	1715972	189138	19550	941754	211132	851011	283940	130870	144627	443778	483651	105586	195719	33426	34211	191117	165834	161681	516399	59650	164802	259459	289313	9462	164703	37340
hsa-miR-30e-3p	7359	3026	10339	3271	4759	1466	48788	5859	156	31816	6163	20614	9445	5373	4005	12493	9953	3522	5487	494	1121	4673	5386	3860	13778	1501	5632	7228	10093	89	5281	1313
hsa-miR-30e-5p	29048	15358	43325	19768	31651	7322	203350	28099	3952	117594	30665	130382	35410	17021	21745	57831	44262	19581	21191	4171	5628	27855	19898	23881	85211	8199	23390	32505	29715	1445	16069	8532
hsa-miR-31-3p							19			43																						
hsa-miR-31-5p	2357	629	3298	1996	6061	991	25595	5780	823	10111	4225	16970	5420	3770	2556	5772	5389	2110	3700	417	156	67	1494	1526	6757	1063	2278	3029	2765	15	753	562
hsa-miR-3117-3p	14															78																
hsa-miR-3120-3p																21																
hsa-miR-3120-5p	15																															
hsa-miR-3121-3p										15									29													
hsa-miR-3124-5p	71				92																										102	
hsa-miR-3125																16																
hsa-miR-3126-5p	17																															
hsa-miR-3127-3p	15															19																
hsa-miR-3127-5p	28		26	140			13									6							8									
hsa-miR-3129-3p			36									37																				
hsa-miR-3129-5p												8																				
hsa-miR-3130-3p	4						60			78		9																				
hsa-miR-3130-5p							17							29		21																
hsa-miR-3131							16					30																				
hsa-miR-3133	10																		146													
hsa-miR-3135a																76																
hsa-miR-3135b																	1															
hsa-miR-3138							41								93								3		112							
hsa-miR-3139	7															9																
hsa-miR-3143	4																		81													
hsa-miR-3144-3p			28				166			109		85					16						7						1			
hsa-miR-3144-5p					163		103					43																			348	
hsa-miR-3145-3p	19																															
hsa-miR-3145-5p	12						14						27			26							3									
hsa-miR-3149	33		35					15								71																
hsa-miR-3150a-5p	20	1																														
hsa-miR-3150b-3p															42															1		
hsa-miR-3151-5p	33															16																
hsa-miR-3152-5p												34											4									
hsa-miR-3157-3p	1						19																									
hsa-miR-3157-5p										47		15				113										1						
hsa-miR-3158-3p	61											61				99							3									
hsa-miR-3158-5p																	18															
hsa-miR-3159																34															1	
hsa-miR-3161																							8									
hsa-miR-3163																												114				
hsa-miR-3166							47										41															
hsa-miR-3167																12																
hsa-miR-3168		1																														
hsa-miR-3173-3p										37	61						2															
hsa-miR-3173-5p	190		147	20	163		198	64		150	15	210	208	197	55	211	52						36	395	273		96	83				
hsa-miR-3174	16																						1									
hsa-miR-3177-3p	110									53		36			51	147	11		49						42		32					
hsa-miR-3178							99	30	201	168	247	29	21		45	38	165						8									
hsa-miR-3179										34	27												6									
hsa-miR-3180-3p	76															64												28				
hsa-miR-3180-5p	23															8																
hsa-miR-3182										13		13																	78			
hsa-miR-3185																					1											
hsa-miR-3187-3p	30			1					137	8		61				3								89								
hsa-miR-3188																19																
hsa-miR-3189-3p																							1									
hsa-miR-3192-5p												15				9														1		
hsa-miR-3195								92									98															
hsa-miR-3198							21																									
hsa-miR-32-3p	323	11	140	268	77		771			210	257	322	80	19	81	246	155	35	25				63		205	256	22		36			
hsa-miR-32-5p	773	48	227	164	74		649	270	94	531	68	501	59		55	1264	122	130	15		27	39	78	31	184	1	135	108	43			374
hsa-miR-3200-3p	732						164			13		70				1589	66		244	1		28	5				25					
hsa-miR-3200-5p	111						103			41		28				152																
hsa-miR-320a-3p	25207	10809	19032	11970	41825	8459	102713	18767	2571	57283	27856	50025	41535	13880	9782	39126	37021	14331	15185	2355	3304	8531	9711	12341	67381	8400	19387	11201	25829	1871	21447	13280
hsa-miR-320a-5p																									27							
hsa-miR-320b	1917	1117	920	100	3405	387	6541	2079	892	3649	2864	3023	3345	602	611	3240	1729	436	767	87	408	373	577	1351	8499	452	1051	678	1219	156	675	2351
hsa-miR-320c	1279	783	653	31	2934	66	4307	1385	1	1952	1579	1962	1681	308	291	1956	1191	234	465		172	286	323	1040	2157	356	411	642	605	146	204	1996
hsa-miR-320d	603	411	193	115	629	1	1834	571	29	666	512	560	574	252	66	1082	539	334	111		52	4	143	293	735	2	95	346	520	117	1	536
hsa-miR-320e	94		2	1	252	1	88	25		9	4	7	9	5	2	210	11	2	1		1	1	11		17	2	5	2	4	1	4	2
hsa-miR-323a-3p	16568	1	61	2			56		5			12			3	31541	3	1	64				8		190	1	54	2			91	
hsa-miR-323a-5p	267						1								1	768							1									
hsa-miR-323b-3p	1884		27				112		1	16						3119						115	1				3	110				
hsa-miR-323b-5p	35																															
hsa-miR-324-3p	1582	319	701	391	876		1945	387	120	1575	467	1447	244	41	225	2550	1016	171	183	3		118	194	100	685	37	781	484	467	7	43	46
hsa-miR-324-5p	844					1	286	56		213	22	260	326	30	30	1711	72	53	34				16		108		22					
hsa-miR-326	437		61				4				31	65	16	37	39	1006	56	30					6						74			
hsa-miR-328-3p	4653	126	579	21	286	114	1574	226	164	932	319	1769	667	299	188	10687	713	143	338	42	43	615	238	276	1363	27	312	321	445	116	237	509
hsa-miR-328-5p									1				8							32												
hsa-miR-329-3p	12009		3	3					2		14	47	11	1	4	20933	2		2				4		64			3	5			
hsa-miR-329-5p	155						1									462																
hsa-miR-330-3p	8865		106	249			1235	240		177	49	305	322	1	168	15704	46	59	118	1	98		84	175	170	25	33	2	31			179
hsa-miR-330-5p	1441						57	23		78		66				2950	24								1			38				
hsa-miR-331-3p	1632	91	1030	106	1129		3457	352		1241	662	1830	1098	882	147	3848	1044	408	381		24	218	221	192	726	306	411	440	836		556	1
hsa-miR-331-5p	441		81				171	34		96	28	173				359	246	104	183	80			36		280			1				
hsa-miR-335-3p	1550		198	195	356		2641	74	1	1025	84	1502	112	1023	290	3433	635	66	193	140	163		170	22	736	34	116	144	372		251	1
hsa-miR-335-5p	12646	577	1293	480	853		14669	1702	4	6178	421	10654	1323	3041	904	23707	4013	1722	1195	466	444	880	1101	122	4832	295	1086	1492	2231		1854	343
hsa-miR-337-3p	268									33			24			352																
hsa-miR-337-5p	21															52																
hsa-miR-338-3p	16715		48	2	129		146	180	2	49		24	30	78	2	26735	32	214	3	17			7		187	78	1	2				
hsa-miR-338-5p	29248	1	245	2	132		563	13	4	52	3	129	14		8	48422	82	172	16				23		862	2	34	2	65	1		
hsa-miR-339-3p	1288	41	137	220	216		1546	95	1	760	30	562	302	279	111	2653	1019	171	29	3		42	147	653	484	1	291	270	79		360	1
hsa-miR-339-5p	260	76	218	257	270		1415	294		703	416	1502	380	248	85	793	482	214	105		33	121	160		916	195	194	77	234		155	
hsa-miR-33a-3p	5						14					6				22	56															
hsa-miR-33a-5p	81						20					63				126							2		120		135					
hsa-miR-33b-3p			28													17							9									
hsa-miR-33b-5p	48															36																
hsa-miR-340-3p	11377	19	776	84	175		1982	174	3	1555	690	1048	632	318	101	19265	525	47	180	16	21	605	355	888	1297	101	466	218	483	15	337	4
hsa-miR-340-5p	19876	202	1167	131	126	293	3387	399	59	3058	441	2047	1116	254	522	33339	1218	96	332	149	72	174	522	522	2825	247	223	644	470	1	255	562
hsa-miR-342-3p	9612	344	1600	825	1803	428	7961	1429	392	5221	1499	4653	2463	1161	910	15889	2871	998	1380	467	194	1233	781	1185	3953	501	1099	942	2497		2567	274
hsa-miR-342-5p	675	63	2		180		278			179	126	148	85			1543	198		42				24		341			46	140			
hsa-miR-345-3p																							14									
hsa-miR-345-5p	1081	296	1276	75	513	694	3985	750	56	2114	591	3056	862	549	631	2590	1666	197	653		149	311	406	412	1561	1	477	197	529	112	130	201
hsa-miR-346	1228						2					33				2501	57									1						
hsa-miR-34a-3p	6						12							54		30																
hsa-miR-34a-5p	1773		212	150			1499	429		584	400	1748	222	49	2	3594	448	167	310			1	119	188	410		109	307	378		265	
hsa-miR-34b-3p	179						96	65				21				170					8		1		1031				38			
hsa-miR-34b-5p	23															17							3									
hsa-miR-34c-3p	33							76								63				35					66		153					
hsa-miR-34c-5p	131											6				219									128				26			
hsa-miR-3529-5p																58																
hsa-miR-3605-3p	223	157	125	79	478		201	418		229	1	205	42	408	1	624	151	74	98		369		35	34	434		161	101	201			
hsa-miR-3605-5p	10						212					78	185			111		60					7									
hsa-miR-361-3p	3611	130	1268	504	1358	67	4272	455	268	2222	1163	2904	977	865	731	6863	1483	839	476	108		797	335	750	2069	277	499	478	886	97	704	96
hsa-miR-361-5p	6055	706	2697	1607	2827	77	10425	2001	135	5857	1186	6724	2182	1176	994	10776	3247	617	1668	30	420	1074	847	818	5650	606	1671	1359	1880	135	1370	476
hsa-miR-3612	10															74																
hsa-miR-3613-3p	14						2					23				45			9						62							
hsa-miR-3613-5p	5097	38	520	54	433	67	1457	700	56	832	319	842	561	468	250	9683	425	308	4	47		42	142	36	3913		534	129	239	42		245
hsa-miR-3614-3p																1																
hsa-miR-3614-5p							9									40																376
hsa-miR-3615	1153	109	239	67	405		1281	403	172	398	165	609	201	345		1682	149	84	95	67			153	159	2050	30	68		262		110	227
hsa-miR-3617-5p												11															38				37	
hsa-miR-3619-5p																23	24															1
hsa-miR-362-3p	12		25		446		283	149		524	224	425			18	69	124	74					42	14	220		76	155	105			
hsa-miR-362-5p	347	137	674		317		6204	532		2820	995	3533	923	276	704	440	1133	735	383	240	263	871	473	531	1664	112	220	236	1405		693	6
hsa-miR-3620-3p	20															4																
hsa-miR-3621																			31													
hsa-miR-3622a-3p												11						172											1			
hsa-miR-3622a-5p	36							18		42						184	13															
hsa-miR-3622b-3p	10				55											26																
hsa-miR-363-3p	2845	846	2031	114	1145	60	6066	345	2	2921	396	3562	2881	280	876	5915	8391	121	1395	190	115	451	455	868	1227	285	135	680	543		855	27
hsa-miR-363-5p	14		53						125	8						9	40									1						
hsa-miR-3648	13																		43													
hsa-miR-365a-3p	694	158	422	143	15		1834	227		599	174	725	127	163		1650	679	136	10	24	27	425	105		759		1	138	243	6		3
hsa-miR-365a-5p	9		25		147		49			51		64		50		2	3		63				17	131	171							
hsa-miR-365b-3p	694	158	422	143	15		1834	227		599	174	725	127	163		1650	679	136	10	24	27	425	105		759		1	138	243	6		3
hsa-miR-365b-5p	9	22			107	46	112			19		35				60	94		40			117	47					63	151			
hsa-miR-3660	10																															
hsa-miR-3663-3p							102									5														1		
hsa-miR-3663-5p	1								184																							
hsa-miR-3664-3p										53						3	12															
hsa-miR-3664-5p										116																						
hsa-miR-3675-5p																13																
hsa-miR-3678-5p																36																
hsa-miR-3679-5p								39		33															75			123				
hsa-miR-3680-3p																							4									
hsa-miR-3682-3p																			5								60					
hsa-miR-3684													10																			
hsa-miR-3688-3p																	49															1
hsa-miR-369-3p	11546	41	40	66			17	80	1		48	62	30		3	18298		1					13		187	1		2			370	
hsa-miR-369-5p	1170									25						2144										1						
hsa-miR-3691-5p			15																													
hsa-miR-370-3p	7201		1	2			13		3			50			2	15962			69				9		1	1						
hsa-miR-370-5p	82						1									233																
hsa-miR-371a-5p	5															30																
hsa-miR-371b-5p																									254		54					64
hsa-miR-372-3p																36																
hsa-miR-374a-3p	569	167	156		43		633	137		491	137	254	227	123	66	995	324	45	15	1		35	102	35	276	97	334	49	42		85	
hsa-miR-374a-5p	1895	292	885	310	880	166	2611	518	92	2887	343	1758	198	113	455	2518	1107	412	444	177		598	411	235	1319	146	710	593	259		460	49
hsa-miR-374b-3p	348	73	57				197	174		201		168	134		88	818	12					116	25		27	25	92					
hsa-miR-374b-5p	5770	609	2174	1371	1367	156	9631	835	324	6953	684	6756	1808	567	505	10429	3606	606	651	176	213	81	912	302	2528	468	923	329	1637	18	574	6
hsa-miR-374c-3p	29						1								1	1						1	3									
hsa-miR-374c-5p	190		92	212			214		2	296	7	203	49		48	390	32						16		1		1		1			1
hsa-miR-375-3p	5866	9519	38105	814	1037	1266	7142	1876	454	5336	3772	3074	125880	2028	12367	6536	239191	3202	2987	603	970	836	933	1040	36345	241	1520	2241	5379	1176	632	2300
hsa-miR-376a-2-5p	37																															
hsa-miR-376a-3p	579									35						984																
hsa-miR-376a-5p	143											1				437																
hsa-miR-376b-3p	51																															
hsa-miR-376b-5p	12															2																
hsa-miR-376c-3p	1039	3							1			24				1626							2			1						
hsa-miR-376c-5p	12															2																
hsa-miR-377-3p	163								1							441																
hsa-miR-377-5p	96															165																
hsa-miR-378a-3p	1832	498	2145	177	548	28	8737	795	705	3047	1567	5621	2672	1853	668	3414	2760	1932	1546	573	99	1250	459	640	6523	1021	810	440	1891	449	2252	2284
hsa-miR-378a-5p	5		18				212			28		145				2	40	159	64						208		77				141	
hsa-miR-378b							1					1		1														1				
hsa-miR-378c	38	1				574	363	120				48		1	56	36	20						9		175	94		114	96			
hsa-miR-378d	7						1	1		58		48	1		1	7	27					1	9		158				1			2
hsa-miR-378e												8																				
hsa-miR-378f																													1			
hsa-miR-378g	24				1		4			1	1	2		1		2	1		37				1		4		1		1		1	
hsa-miR-378i	1	1	2	1	1		8			4	2	6	2			3	2	2				2		3	7	2			3			
hsa-miR-379-3p	373															531																
hsa-miR-379-5p	32579		136	4			112		7			73	152	72	9	68755	2	3	12				26		1	20		5		4		
hsa-miR-380-3p	1048								1			21				1127	1															
hsa-miR-380-5p	106															416																
hsa-miR-381-3p	575														1	1121																
hsa-miR-382-3p	2923		2				49		1							5723	109		1				1		1							
hsa-miR-382-5p	9225	84	2	4			138		1	40	158	71			2	18927	104		5				12		272	1			82			
hsa-miR-383-3p	8															26																
hsa-miR-383-5p	1228						1									2688							1					1				
hsa-miR-3909	49						150	42				53	188			52	26		64				31									
hsa-miR-3912-3p	60						52									21									44		62					
hsa-miR-3912-5p																	5															
hsa-miR-3913-3p												8											8									
hsa-miR-3913-5p							66									16								18								
hsa-miR-3916									1																							
hsa-miR-3917																12																
hsa-miR-3927-3p							37																									
hsa-miR-3928-3p	32				179		172			125						58																
hsa-miR-3934-5p										44		3													19		40					
hsa-miR-3936										11																						
hsa-miR-3937												22																				
hsa-miR-3938																8												51				
hsa-miR-3939							22									69																
hsa-miR-3940-3p	31						15				141	31				112	1						6		45							
hsa-miR-3941																22																
hsa-miR-3942-3p																25							6									
hsa-miR-3943	11															15																
hsa-miR-3960	1	36					19				1	4				1					1											
hsa-miR-409-3p	8740		283	2			97		3	143	61	95	110		3	19932	2	1	15				9		282	57		2				
hsa-miR-409-5p	377															1071																
hsa-miR-410-3p	1687			2			1			25					1	2393			1	57												
hsa-miR-410-5p	10															64																
hsa-miR-411-3p	758											1				1020																
hsa-miR-411-5p	10779		40	1			2	1	2			2			2	23327	11		2				6		1	1		1		1		
hsa-miR-412-3p																5																
hsa-miR-412-5p	543						1									1457							1									
hsa-miR-421	2565	104	518		276		1933	306	91	473	119	962	310	222	35	5096	596	38	124	228	12	12	175		294	15	142	127	251	20	214	1
hsa-miR-422a													1																			
hsa-miR-423-3p	28457	3240	8714	3865	14728	1979	41650	6079	840	22226	10053	22190	12905	4609	4582	56091	15791	3264	4504	1364	744	3992	4143	4331	20858	2544	5167	8533	8112	658	6224	2144
hsa-miR-423-5p	9512	5165	17724	9713	26557	6176	68936	13648	3084	39266	17509	37380	32748	9859	7805	21003	30015	6777	10206	1358	2278	8114	6812	9010	57596	5060	7871	11791	14644	1332	12562	9399
hsa-miR-424-3p	411	981	1717	809	1370		11764	951	120	4013	823	6363	1036	780	584	515	3300	1338	1100	220	856	512	655	1143	2970	574	973	1001	1973	44	990	87
hsa-miR-424-5p	270	163	138	91	63		1325	74		803	168	931	662	35	51	341	187	276		83	17	221	89		1084	100	6		220		331	511
hsa-miR-425-3p	1175	38	113		154		1170	159		543	100	503	268	371	19	1558	400		482	79		84	71	37	755	20	135		150		252	
hsa-miR-425-5p	4961	273	1154	52	1183	197	5971	1483	115	2335	1030	4731	2191	1266	691	8909	1804	322	617	62	100	121	404		5020	52	828	314	1408	1	1835	829
hsa-miR-4259							3																					1				
hsa-miR-4286	19				48		68			1		19	27		37	66	64						13									
hsa-miR-4289	1															1																
hsa-miR-429	831	3610	10113	3672	7567	1552	41321	8479	479	29970	7116	27218	7930	4954	4252	962	13613	3387	5614	1085	646	1897	4988	3731	16515	1763	5180	6731	8237	519	3584	1087
hsa-miR-431-3p	356															725																
hsa-miR-431-5p	610						1					4				640							1									
hsa-miR-432-3p	23																															
hsa-miR-432-5p	6665	70	148	1			172			54		168	163		46	12621			3			1	4		219	235	46					
hsa-miR-4324	5					2	11				1	1	1	95		8	1		1				8								2	
hsa-miR-4326	50		13				47				29	11			102	187	9						8						55	10		108
hsa-miR-433-3p	12212			5			2		3						4	26754	2		5				5		63	2		7		1		
hsa-miR-433-5p	106															425														1		
hsa-miR-4423-5p	36						33					13	36			56										35						
hsa-miR-4426														107																		
hsa-miR-4429	6	2		1	6	1	9	1		5	4	5	2	2	1	4	9					2	2		8	5	2		2		4	4
hsa-miR-4433a-5p				41									63										2									
hsa-miR-4433b-3p													133																			
hsa-miR-4433b-5p	33															34																
hsa-miR-4436b-3p																									114							
hsa-miR-4440	98									70						4									102							
hsa-miR-4442																												1				
hsa-miR-4443	158		97	270			357			61		283	233			637	148						37		42		146	1				
hsa-miR-4445-5p												17											3									
hsa-miR-4446-3p	67	49			150		89					32		565		189	140						13	46		201	99		214			
hsa-miR-4448	28																															
hsa-miR-4449			38				43					6									20				56							
hsa-miR-4451																												1				
hsa-miR-4454												12					1															
hsa-miR-4466		33					251			61		61				13			60													
hsa-miR-4473	5											18		167		7																
hsa-miR-4477b										35																						
hsa-miR-448	118															215																
hsa-miR-4482-3p	20															72																
hsa-miR-4484																9	1				36							47				
hsa-miR-4485-3p	58															31	28															
hsa-miR-4488	33						10									51																
hsa-miR-4492	5							125		33											147						105					
hsa-miR-4497							33																				35					
hsa-miR-4498																4																
hsa-miR-449a	10				119		127	200		17		60				46							9		99							
hsa-miR-449b-3p																							2									
hsa-miR-449b-5p							14					27													45							
hsa-miR-449c-5p					140																											
hsa-miR-4500												1																				
hsa-miR-4501	33															31																
hsa-miR-4502			64																													
hsa-miR-4503	6																															
hsa-miR-4508	8						92	170				21				8																
hsa-miR-450a-1-3p	27											13				12													114			
hsa-miR-450a-2-3p	25		4				86	61				66	94			34			2			218	8		48		46					
hsa-miR-450a-5p	65	74	24	16			841	11		384	46	781		89	15	160	128	53	199	4		241	57	90	352		71		34		33	1
hsa-miR-450b-5p	222	90	460				536	49		208	129	313	249	82	154	189	129	323	36		23		46	33	380	267	5	258	71		530	22
hsa-miR-4510	70	14	37	12	23	8	156	26	2	85	39	60	58	5	19	140	46	12	19	4	6	25	15	20	49	8	16	40	27	1	28	4
hsa-miR-4511																9																
hsa-miR-4516								1					37				110					24			1	140						
hsa-miR-451a	27970		2	62			147		1			50			5	56423	1	1	47	1	50		9		4778	4	43	6				
hsa-miR-452-3p																								223			211					
hsa-miR-452-5p	27		19		200		309	143		254	105	217	204		1	107	37	1					27		179	30	82	416	32			293
hsa-miR-4520-3p																24																
hsa-miR-4520-5p																9																
hsa-miR-4525					280		8	17																								
hsa-miR-4536-3p	7																						1									
hsa-miR-4536-5p	31																						2									
hsa-miR-4538																										114						
hsa-miR-454-3p	1661	62	202	140	223		679	191		343	25	310	187		1	2709	451	32	47	42	330	42	94		462	34	143	1	234	3		
hsa-miR-454-5p	40				73		93						8			148	39			43					88						330	
hsa-miR-455-3p	599	371	1900		1394	85	4895	712	1	2245	786	3698	597	1224	112	1170	1188	501	460	1	594		374	224	2751	66	183	51	1320	2	462	1103
hsa-miR-455-5p	3		35		351		66	59		120		70	299			21	3		110				2	186	24		30					
hsa-miR-4632-3p																		1														
hsa-miR-4632-5p							53																									
hsa-miR-4635							12																		1							
hsa-miR-4636	20		25					9		13									10										31		77	
hsa-miR-4638-5p																6																
hsa-miR-4639-5p	11																															
hsa-miR-4640-3p	53						18						10			237	24						5	68	35							
hsa-miR-4641																							7									
hsa-miR-4647	12						42					18											2									
hsa-miR-4651													130																			
hsa-miR-4654							1						14																			
hsa-miR-4659a-3p	16						41																									
hsa-miR-466																		27														
hsa-miR-4660							64			47													14									
hsa-miR-4661-3p	12																															
hsa-miR-4661-5p							83			59						6											26					
hsa-miR-4662a-3p												12																				
hsa-miR-4662a-5p	108	107	171	125	150		262			269		76	118		160	238	63	190		73		119	32		70	407			98		488	1
hsa-miR-4662b								26		21						17		16														
hsa-miR-4665-3p						56																										
hsa-miR-4665-5p							17								40	8																
hsa-miR-4668-5p	6						9						4			5																
hsa-miR-4671-3p	8															45																
hsa-miR-4677-3p	13						21									34	13						2									
hsa-miR-4677-5p	10																															
hsa-miR-4680-3p						385	36				185						30					46	2		213				142			
hsa-miR-4680-5p									1																							
hsa-miR-4683												33													47							
hsa-miR-4684-5p	9														1																	
hsa-miR-4685-3p	13									84		34		62		7	12						2		45			69				
hsa-miR-4687-5p																											2					
hsa-miR-4688																17																
hsa-miR-4689										8																						
hsa-miR-4695-3p																19																
hsa-miR-4695-5p																15																
hsa-miR-4699-5p	16																															
hsa-miR-4701-5p	11																															
hsa-miR-4705	108															107																
hsa-miR-4706			1																													
hsa-miR-4707-5p																								364								
hsa-miR-4709-5p							16																		28							
hsa-miR-4713-5p							50					17																				
hsa-miR-4717-3p																93																
hsa-miR-4721													75																			
hsa-miR-4723-3p	12				57							4				4			25				2									
hsa-miR-4723-5p																		23														
hsa-miR-4724-5p			7																				3									
hsa-miR-4725-3p			41		1																											
hsa-miR-4728-3p	9		54		170		158	282		33	118	105					81		33				15				44	292	73			1
hsa-miR-4728-5p			7				32			56													5	26				92				
hsa-miR-4732-3p	3															51																
hsa-miR-4732-5p																33																
hsa-miR-4738-3p	29		14																													
hsa-miR-4742-3p	12						59									42	20															
hsa-miR-4742-5p	24									13		11				30		74														
hsa-miR-4743-5p	6									18						8																
hsa-miR-4748	11						102																						44			
hsa-miR-4749-5p												21	25			25																
hsa-miR-4750-5p			56				23												12									104				
hsa-miR-4753-3p											19																					
hsa-miR-4753-5p																							5									
hsa-miR-4755-3p													222																			
hsa-miR-4755-5p								49																								
hsa-miR-4758-3p							57										27															
hsa-miR-4758-5p	19						44																2									
hsa-miR-4760-5p	13															44																
hsa-miR-4762-5p							44												15													
hsa-miR-4763-5p			14													21																
hsa-miR-4772-5p																									121	74						
hsa-miR-4773	37																															
hsa-miR-4775	11		12				23	6		44		17					46															
hsa-miR-4776-5p												3																				
hsa-miR-4780	35															42																
hsa-miR-4781-3p													2																			
hsa-miR-4781-5p																	55															
hsa-miR-4785												1																		1		
hsa-miR-4786-5p	12																															
hsa-miR-4787-3p	39									9		31				304							7									
hsa-miR-4787-5p																											1					
hsa-miR-4791	78															71																
hsa-miR-4796-3p	14						3			17		83				1	29		32													
hsa-miR-4796-5p												15											11									
hsa-miR-4798-5p																58																
hsa-miR-4800-3p							20			35							3						3									
hsa-miR-4802-5p							11																									
hsa-miR-4804-3p																			1													
hsa-miR-4804-5p	2						117					78											13			1						
hsa-miR-483-3p	42						1									53																
hsa-miR-483-5p	63									33						78																
hsa-miR-484	1767	102	981	150	880		3510	682	1	1776	691	2924	996	956	320	2962	1973	262	788	329	242	358	255	467	1967	369	869	271	867	60	121	304
hsa-miR-485-3p	4425	109	102	2			149		1						23	7874			22				3	286	70	1	143		101			1
hsa-miR-485-5p	4655		1	1			12		1			1			1	10880							13			1		1				
hsa-miR-486-3p	144			71												207							2									
hsa-miR-486-5p	3838	1	13			165	109	33	1		6	223	199	115	2	7804	71			162	137		24	67	2094	1	36	240	33		207	463
hsa-miR-487a-3p	1344															1508																
hsa-miR-487a-5p	313															757																
hsa-miR-487b-3p	68570	46	392	6	113	63	124		11	281	269	287	171	1	24	116555	71	33	34				39	1	672	292	144	10	36	6	1	91
hsa-miR-487b-5p	130															171		1														
hsa-miR-488-3p	926			1								2			1	2904												1				
hsa-miR-488-5p	56															61			1													
hsa-miR-489-3p	9			294			616			422	166	932	13		75	17	280					6	48		54			1	244		83	1
hsa-miR-490-3p	14															76																
hsa-miR-490-5p	80						1									225							1									
hsa-miR-491-3p	43						19								1	133																
hsa-miR-491-5p	224											14				385			1												122	
hsa-miR-492													17																			
hsa-miR-493-3p	68															119																
hsa-miR-493-5p	499		21				66			57	14	168	68			917							10		124						36	
hsa-miR-494-3p	1441		38									39		1	1	2716			22			485				20	34		70			
hsa-miR-495-3p	10944	1	106	2			4		1			71			3	21227			1				5		55	2	18	1				
hsa-miR-495-5p	16															21																
hsa-miR-496	81															159																
hsa-miR-497-3p														87																		
hsa-miR-497-5p	1182		15				73					51				1890	98						6	211							54	
hsa-miR-498-5p												19																			51	
hsa-miR-4999-5p	29															19							8									
hsa-miR-499a-3p												12											4						86			
hsa-miR-499a-5p	1794	17	23		190		496	27		589	28	316	24	128		3116	94						45	109	316			17	24			
hsa-miR-5000-3p	9																															
hsa-miR-5001-3p	33											12				2																
hsa-miR-5002-3p																	7								129							
hsa-miR-5002-5p	12																															
hsa-miR-5004-3p																19																
hsa-miR-5006-3p	6						36									49																
hsa-miR-500a-3p	887	1135	2719	1067	2670	585	14276	1830	3	8614	2886	8557	3478	1466	607	2066	3323	915	2732	245	52	2287	1407	1425	3732	390	783	1983	1657	43	742	761
hsa-miR-500a-5p	71	57	133		311		1255	46		477	127	417	108		64	34	105	16	86		24	172	71	38	350	23	1		289			1
hsa-miR-500b-3p	1	2	3	1			105	1		36	2	18	4	1	1	9	24	1	1		1		3		3			3	6		1	
hsa-miR-500b-5p	66	57	133		159		1217	46		377	127	359	85		64	6	91	16	27		24	172	71	26	300	23	1		243			1
hsa-miR-501-3p	815	1254	2190	1136	1882	254	15638	1360	2	7644	2726	8088	4315	1504	890	1038	3188	776	1532	300	647	942	1564	1286	4588	779	1113	2215	2543	94	2623	5
hsa-miR-501-5p	43	172	460	25			2347	429	148	875	71	1892	146	27	130	153	663	167	337			17	239	173	780	73	532	1	594		321	3
hsa-miR-5010-3p	181						12			80	70	15				348		57	11				12		26							
hsa-miR-5010-5p	7		119					110				31	139			26																
hsa-miR-502-3p	468	804	1868	1650	2971	101	11723	1372	3	7309	2504	7968	2425	1326	515	790	2003	796	1022	294		1081	1125	902	2617	228	662	1286	1627	1	1014	255
hsa-miR-502-5p	17	50	47	142			271	122		118		238	69			16	7		134			18	56	357			13	101	64			
hsa-miR-503-3p												38																				
hsa-miR-503-5p	209	73	76		39		1327			320	15	626	14		50	533	197	27	76	199	233		67		424	117	10		73	17	198	445
hsa-miR-504-3p	9																															
hsa-miR-504-5p	1898		31		193		200	121				37	85	17	44	4543	167		12				6		27			116	43			203
hsa-miR-505-3p	1213	470	707	849	1689		4089	871	354	2681	1531	2717	1236	788	659	1529	1503	570	623	352	318		365	303	1370	473	884	167	979		899	42
hsa-miR-505-5p	28		6		49		40			113	57	119	10			73	123						17		144			50	30			1
hsa-miR-506-3p							14			83		18				75		83	46				13									
hsa-miR-506-5p	14																															
hsa-miR-508-3p	44		24	35			208			224		45				18	24	9	261	1			37									
hsa-miR-508-5p							147	20		159		31			147			81					20		117							49
hsa-miR-5089-3p																15																
hsa-miR-509-3-5p	42						90			99		55	3			12	71	29											1		78	
hsa-miR-509-3p	4						208	80		90		3		44	1	5	14	93					17		166	18	172	98	48			
hsa-miR-509-5p														101		16																
hsa-miR-5090	11							31																								
hsa-miR-510-5p			93									115						89							36		63					
hsa-miR-5100	94	2	356	155	116		4304	399	3	775	372	2277	478	343	104	5	3773	277	1730	297	126		159	7	151	23	44	913	2287		422	3
hsa-miR-511-3p																23																
hsa-miR-511-5p	16															58																
hsa-miR-513a-5p	18						385	43		153		68		79		1		254	2	79			31		245							
hsa-miR-513b-5p	13						128			190		14						360	185				8		1			52				
hsa-miR-513c-5p	79	39					294			61	51	39	275			98	154	220		57			13		101			237	349			1
hsa-miR-514a-3p	81	173	157				351	209		447	102	180	188	344	50	22	66	673	595				63		98		57		84		33	31
hsa-miR-514a-5p	3				86		39					81			37	37	71	35					3									
hsa-miR-514b-3p							22											1														
hsa-miR-514b-5p			32				3					75		101			16						5		70							
hsa-miR-516a-5p	10						91				14					10								5	51							
hsa-miR-517a-3p	6															29																
hsa-miR-517b-3p	6															29																
hsa-miR-5187-3p	12																															
hsa-miR-5187-5p	9									107		8							28													
hsa-miR-518b	10						70									1																
hsa-miR-518c-3p														1																		
hsa-miR-518e-3p														80																		
hsa-miR-518e-5p	37																								87							
hsa-miR-5193	12						44																									
hsa-miR-5196-3p	15															111			1													
hsa-miR-519a-2-5p																						1										
hsa-miR-519a-3p	13																															
hsa-miR-519a-5p	37															18						16										
hsa-miR-519b-5p	37																								87							
hsa-miR-519c-5p	37																								87							
hsa-miR-520b-5p																						1										
hsa-miR-520g-3p														1		1																
hsa-miR-520h																1																
hsa-miR-521														1																		
hsa-miR-522-3p	85						124				78	9				406						1										
hsa-miR-522-5p	37																								87							
hsa-miR-523-5p	37																								87							
hsa-miR-524-3p														1																		
hsa-miR-525-3p														1																		
hsa-miR-525-5p			17																													
hsa-miR-526b-5p																	69															
hsa-miR-532-3p	130	674	525	696	1099		4122	157		1499	701	2485	358	999	464	293	747	27	631		35	96	263	146	1496	286	143	506	1135		159	2
hsa-miR-532-5p	1154	1441	3538	904	3158	567	25703	1552	2	9397	2945	12308	3017	1700	1646	1773	5178	1033	4082	500	649	2717	1794	636	6180	629	1743	1956	5229		2857	639
hsa-miR-539-3p	1040						2		1							1539			1				1									
hsa-miR-539-5p	1200			1					1							2355																
hsa-miR-541-3p	46															135																
hsa-miR-542-3p	260		95		52		1035	127		467	35	962	99	206		532	269	374	35	63	112	98	108		611		32	278	163	1	227	1
hsa-miR-542-5p																							3				58				124	
hsa-miR-543	6060					41	67					38	39		1	10948	1	1	1				14			1						
hsa-miR-544a	4																															
hsa-miR-544b				52																												
hsa-miR-545-5p																							7									
hsa-miR-548a-3p	14									76																						
hsa-miR-548a-5p	9															9																
hsa-miR-548ab	37		78													61																
hsa-miR-548ah-5p							126																									
hsa-miR-548al	11																															
hsa-miR-548ar-3p	47															15																
hsa-miR-548at-5p																2																
hsa-miR-548aw												16				32													35			
hsa-miR-548ax										33		46																				
hsa-miR-548ay-3p												13				36																
hsa-miR-548ba	12							160		29						36	6	36														
hsa-miR-548e-3p	93		40				96			41	97	75		64	29	92							14	79	59							
hsa-miR-548e-5p												1				34																
hsa-miR-548j-5p	12																															
hsa-miR-548k	22		19				185					37				38	46		5				16		42							
hsa-miR-548l	27						19			38						11																
hsa-miR-548m																												52				
hsa-miR-548o-3p							11			8		54				31							1									
hsa-miR-548q	13						51					32				8							12									
hsa-miR-548s	8															44																
hsa-miR-548v	18											1				37																
hsa-miR-549a-5p	26																															
hsa-miR-550a-3-5p												37				41																
hsa-miR-550a-5p							45			97		80				88	52						14		104							
hsa-miR-551b-3p	56										66					116	63						11									
hsa-miR-551b-5p	20									26		64																				
hsa-miR-552-3p	31																															
hsa-miR-552-5p	10															12																
hsa-miR-556-3p	9						47	104		34		56				10							1									
hsa-miR-556-5p	19						164	95		93						35				88			15									
hsa-miR-5581-3p																7								48								
hsa-miR-5584-3p	4															15																
hsa-miR-5584-5p	38															89																
hsa-miR-5588-5p	18						52			42			26										7			9						
hsa-miR-5590-3p				37																												
hsa-miR-5680	12															69																
hsa-miR-5683	12																															
hsa-miR-5684																							4					56				
hsa-miR-5690																	5															
hsa-miR-5696					111																											
hsa-miR-5699-5p																							3									
hsa-miR-570-3p							75																									
hsa-miR-572																															1	
hsa-miR-574-3p	2303	223	1665	737	1124		3257	577	76	1624	809	2610	2612	904	818	4024	3684	747	1387	440	454	220	345	911	2613	504	794	830	1313	10	1717	62
hsa-miR-576-3p							10			23																						
hsa-miR-576-5p	82		109		64		160	19		66	30	51				171	6	124					23		31							
hsa-miR-577	496	69	57		188		107			61					19	1001	13		22				26		75							
hsa-miR-579-3p																									48							
hsa-miR-582-3p	186		35				103			34	11	15				297	24						24		118		61	32				270
hsa-miR-582-5p	398	217	62	20			257	97		760	231	269	76	83	139	817	79	71	43				103		245		81	173	103			96
hsa-miR-584-3p	15											37				29																
hsa-miR-584-5p	6986	159	199	2	1101	740	1922	191		770	927	1136	728	455	225	14056	562	111	279	60	85	105	120		178	12	171	307	501		369	119
hsa-miR-585-3p	60															33																
hsa-miR-585-5p	9																															
hsa-miR-589-3p	23						15																1						71			
hsa-miR-589-5p	207						278			160			29			236	41						13									
hsa-miR-590-3p	634		177		33		152	29	1	299	356	171	86		140	900	72	92					49		154		17		113			
hsa-miR-592	429											9				896																
hsa-miR-597-3p	25															123	12															
hsa-miR-598-3p	5118	32	925	78	249	42	1697	369		1275	433	704	503	194	405	7645	377	156	286	86			173	382	588	213	83	1	380	23	313	
hsa-miR-598-5p	10		10				7									8																
hsa-miR-605-3p																						247										
hsa-miR-605-5p			126																				5									
hsa-miR-6068												46																				
hsa-miR-6088																												1				
hsa-miR-6124																								1								
hsa-miR-6129			1							1				1		1	1															
hsa-miR-6130	4									1		1				3									1							
hsa-miR-6131																									1							
hsa-miR-6133					1																											
hsa-miR-6134	1					1						4				1							1									
hsa-miR-615-3p	22	92	684		101		1775	299		982	195	1489	569	401	386	26	358	306	249		1	37	97	12	1060	211	80	570	480		634	23
hsa-miR-615-5p																			25													
hsa-miR-616-3p	29						100					61								39			1		116							
hsa-miR-616-5p	20		15				38									13		30	21					1								
hsa-miR-618	16		12				95	103		329		142	60	60		95	104	97	201				19		164							
hsa-miR-622																														298		
hsa-miR-624-3p																									79							
hsa-miR-624-5p	33															3																
hsa-miR-625-3p	714	62	146		331	34	230			120	101	95	91	36	12	2057	181		124				31		258		22		209		24	385
hsa-miR-625-5p	129															222							6									
hsa-miR-627-3p	14															11							12									
hsa-miR-627-5p	7																															
hsa-miR-628-3p	1488	253	75		137	55	930	314		848	109	777	622	60	51	2148	195	100	312	29	33	461	131		401	237	284	530	294		41	8
hsa-miR-628-5p	1772						132	79		68		192	31		68	3303			1				22				60				480	
hsa-miR-629-3p		28								26						50						80			78		17		27			
hsa-miR-629-5p	162		10		280		761			212	93	373	332			549	212		43				90		701	13	50	237	138	8		
hsa-miR-636							53																						28			
hsa-miR-641	25						303		155			110				134		74					32						140		118	
hsa-miR-642a-3p	75		11		237		318			92	21	23	45			111	49						2	70	157		50	50				
hsa-miR-642a-5p	30		84				100			12		57				28							2					95				
hsa-miR-642b-3p	5		31				14						29												1							
hsa-miR-642b-5p							40			1																						
hsa-miR-643																							7				25					
hsa-miR-6500-3p	28						5					19				141										1						
hsa-miR-6501-3p																	16															
hsa-miR-6501-5p														115																		
hsa-miR-6503-3p																17																
hsa-miR-6504-5p	29																															
hsa-miR-6505-5p	10															56											56					
hsa-miR-6507-5p	102															215																
hsa-miR-6508-3p	2		20													39			2													
hsa-miR-6508-5p																22																
hsa-miR-6509-3p							124																									
hsa-miR-6509-5p	3						17					18																				
hsa-miR-651-5p	44		55				268			188	125	117	16			181		196	21				49	27	116						170	
hsa-miR-6510-3p							39			86		14						168					14				82					
hsa-miR-6511a-3p	248			16	58		96	48		61	67	88			185	428	90						11	16	188			43				86
hsa-miR-6511a-5p	31						26									74							4									
hsa-miR-6511b-3p	282		144		1	30	133	66		141	47	66	37		29	675	56		38				14			199		83	46			
hsa-miR-6511b-5p	47						26									74							4									
hsa-miR-6512-5p	21											58																				
hsa-miR-6513-3p	25		80														25															
hsa-miR-6513-5p												26				10																
hsa-miR-6514-5p	44									41		78				42	37								30							
hsa-miR-6516-3p	5															18																
hsa-miR-6516-5p	97											31				68																
hsa-miR-652-3p	5814	1239	3729	2319	3914	619	20773	2651	3	9012	3423	12170	2398	1611	1768	13530	4460	1798	3066	421	289	1592	1823	1887	7642	256	2568	2385	2355	197	687	627
hsa-miR-652-5p	40						145			32		72				41							5						57			
hsa-miR-653-3p				96			296	84		236	45	279		41		124	39		111			481	27	38	217	48			63		20	
hsa-miR-653-5p	54	6	48	29	43		691			306	165	305	134	306			193		11			87	48	541	55		62		97			
hsa-miR-654-3p	1467						173			106		17				3336							1				79	1	40		32	
hsa-miR-654-5p	166											4				570												1				
hsa-miR-655-3p	786															1179																
hsa-miR-655-5p	26																															
hsa-miR-656-3p	2279		101	1								2			1	3928			1				7									
hsa-miR-656-5p	4															89																
hsa-miR-659-3p	3																															
hsa-miR-660-3p			7				333		1	31		11											5		56		3		66		145	
hsa-miR-660-5p	851	626	2245	307	975	594	11126	2079	129	5341	1330	7498	2534	962	1381	784	2152	163	1414	369	402	1150	1007	814	4779	730	1314	508	2457		1639	4
hsa-miR-663a	19																															
hsa-miR-663b	11															64																
hsa-miR-664a-3p	816	516	1305	302	671	99	4564	383	1	3974	1204	2863	710	843	307	1393	1900	547	581		181	638	510	1006	1364	412	1025	1074	1441	2	86	48
hsa-miR-664a-5p	393	84	442	307	715		2005	174		1102	987	945	1315	47	64	398	229	279	424			24	199	280	615	102	223	623	351		634	
hsa-miR-664b-3p	4						166	75		16		20				67	167								56							
hsa-miR-664b-5p	8		77		116		158	21		33	29	27				74			101	19			2		34						42	237
hsa-miR-665	11																															
hsa-miR-668-3p	932								1							1864					1											
hsa-miR-670-3p	17																															
hsa-miR-671-3p	273		177	15		73	376			121		73	41			675	162	150	25			37	21		31		116					
hsa-miR-671-5p	204		27				131			17	7	86	84	115	28	454	74		93		23		9				63					1
hsa-miR-6715a-3p							40																			2						
hsa-miR-6716-3p	40										160	94				122																
hsa-miR-6716-5p					184																											
hsa-miR-6717-5p			1						1																							517
hsa-miR-6718-5p																11									84							
hsa-miR-6720-3p	19															4																
hsa-miR-6720-5p	20										8																					
hsa-miR-6721-5p	44						25																									
hsa-miR-6724-5p			23		222		155			61		52			145	18						2	9					1				
hsa-miR-6726-3p	12															56																
hsa-miR-6727-5p	16																															
hsa-miR-6729-3p					53																											
hsa-miR-6730-3p												14																				
hsa-miR-6730-5p											21						36						1							8		
hsa-miR-6732-3p							77	46					11																			
hsa-miR-6733-5p	33																															
hsa-miR-6734-3p	6																										1					
hsa-miR-6734-5p	22		198							59						21			129				8		55							
hsa-miR-6735-5p					222							5				30							6									
hsa-miR-6736-5p							16																									
hsa-miR-6738-3p																27																
hsa-miR-6738-5p	14		34																	89												
hsa-miR-6739-5p	26																															
hsa-miR-6740-3p	18																															
hsa-miR-6740-5p							25			29																						
hsa-miR-6741-3p												10																				
hsa-miR-6741-5p		84										12																				
hsa-miR-6743-3p		79														3																
hsa-miR-6744-5p																				47												
hsa-miR-6745							16																									
hsa-miR-6746-3p							15					9																				
hsa-miR-6746-5p	1														152															1		
hsa-miR-6747-3p	10															3																
hsa-miR-6748-3p											1																					
hsa-miR-6750-3p							103												2													
hsa-miR-6751-5p	4						35																									
hsa-miR-6754-5p																											27					
hsa-miR-6755-5p																46																
hsa-miR-6758-3p																															1	
hsa-miR-6759-5p																													68			
hsa-miR-676-3p	21		9							18						55			347													
hsa-miR-676-5p	24																								100							
hsa-miR-6760-3p	15															60																
hsa-miR-6760-5p	3																															
hsa-miR-6761-3p	12										47	7				25																
hsa-miR-6761-5p	27						48																2									
hsa-miR-6762-3p												48																				
hsa-miR-6763-5p							24																1									
hsa-miR-6764-3p							35																									
hsa-miR-6764-5p							60																4									
hsa-miR-6766-3p							9																									
hsa-miR-6767-3p																					88											
hsa-miR-6770-5p	10																															
hsa-miR-6772-3p	26						27									48																
hsa-miR-6774-5p												19																				
hsa-miR-6776-3p												56			9																	
hsa-miR-6777-5p	4						4					17											2									
hsa-miR-6779-3p							25																									
hsa-miR-6779-5p										8																						
hsa-miR-6780a-3p																12																
hsa-miR-6780a-5p										11													4									
hsa-miR-6780b-3p							22																									
hsa-miR-6784-3p															25										86							
hsa-miR-6784-5p							31																									
hsa-miR-6786-3p	13						14				113		28																			
hsa-miR-6788-3p	28																															
hsa-miR-6788-5p	24																															
hsa-miR-6789-5p							60																		69							
hsa-miR-6790-5p																										1						
hsa-miR-6791-5p							11																									
hsa-miR-6792-3p																4																
hsa-miR-6792-5p	12																						9									
hsa-miR-6793-3p										50																						
hsa-miR-6793-5p										15	68	4				34							2									
hsa-miR-6794-3p	1																															
hsa-miR-6794-5p																19																
hsa-miR-6795-3p										38																					60	
hsa-miR-6795-5p																							2									
hsa-miR-6797-3p																56									30							
hsa-miR-6801-3p												4																				
hsa-miR-6802-3p	30											10																				
hsa-miR-6803-3p	23		29				45			30		73		176		11	27	44	8				7		92	367	1				33	
hsa-miR-6804-5p	21															6																
hsa-miR-6805-5p																	12															
hsa-miR-6806-3p	10																															
hsa-miR-6809-5p																11																
hsa-miR-6810-3p		69								15					70				15				5		162						110	
hsa-miR-6812-3p																							2									
hsa-miR-6812-5p	2																															
hsa-miR-6814-5p							12																									
hsa-miR-6815-3p	7																															
hsa-miR-6818-3p	22															50								21				1	41			
hsa-miR-6818-5p																11																
hsa-miR-6820-3p						12																										
hsa-miR-6821-3p	14																															
hsa-miR-6821-5p								47	1						12							270										225
hsa-miR-6825-5p	22						19									21																
hsa-miR-6826-3p	12											8										224				2					89	
hsa-miR-6826-5p							28																									
hsa-miR-6827-3p											77					13			37													
hsa-miR-6832-5p																	21						9									
hsa-miR-6833-3p																8																
hsa-miR-6835-5p																														1		
hsa-miR-6836-5p	8																															
hsa-miR-6837-3p	16									54						8																
hsa-miR-6837-5p	22											12	15			23									131							
hsa-miR-6838-5p																31																
hsa-miR-6841-5p	50															29																
hsa-miR-6842-3p	132															84																
hsa-miR-6842-5p	13																															
hsa-miR-6845-5p	8																															
hsa-miR-6847-5p	43															9									31							
hsa-miR-6849-3p	6																															
hsa-miR-6851-5p	19											22																				
hsa-miR-6855-3p	12																															
hsa-miR-6858-3p							32																									
hsa-miR-6858-5p	12										71														120							
hsa-miR-6859-3p	1																															
hsa-miR-6859-5p	13						43									44																
hsa-miR-6860	23															48																
hsa-miR-6861-5p	3																						2									
hsa-miR-6862-5p	1																											90				
hsa-miR-6863			12				229				2	18							4			45	7									
hsa-miR-6864-5p																18																
hsa-miR-6865-3p	2						22					17																				
hsa-miR-6865-5p					56		19									37																
hsa-miR-6866-3p																	8															
hsa-miR-6866-5p			34																				3									
hsa-miR-6867-5p																	43															
hsa-miR-6868-3p	7											12				25																
hsa-miR-6869-5p		73	37							41		23				59	26					19			133							
hsa-miR-6873-5p																	12															
hsa-miR-6875-3p	8																															
hsa-miR-6875-5p																	19															
hsa-miR-6876-3p	2																															
hsa-miR-6876-5p							28									86						1			36							
hsa-miR-6880-5p	3																															
hsa-miR-6881-3p	5												27			76																
hsa-miR-6881-5p									1							58																
hsa-miR-6882-3p	3																															
hsa-miR-6882-5p	18						14									60							2		124							
hsa-miR-6883-3p	12									77						68							3			122						
hsa-miR-6884-3p																14																
hsa-miR-6885-3p										33						18																
hsa-miR-6885-5p							33					11						64														174
hsa-miR-6886-3p												14																				
hsa-miR-6887-3p												23																				
hsa-miR-6887-5p																							2									
hsa-miR-6889-5p																9	1															
hsa-miR-6891-5p																									87							
hsa-miR-6894-3p																9																
hsa-miR-6895-3p																1																
hsa-miR-7-1-3p	688	101	137				297	66		203		196		140		900	104	47					31	84	199		111	102	51			
hsa-miR-7-2-3p	38								1							203																
hsa-miR-7-5p	85353	117	212	30	233		1253	220	131	222	347	973	411	396	158	173381	257	3	237	77	312	203	113	130	1069	41	161	222	54	2	72	338
hsa-miR-708-3p	320		29				44			74		16			62	604							1									
hsa-miR-708-5p	1001						93	55		28		59		7	23	2087	18	43					5		78		28	1				
hsa-miR-7106-5p							13																									
hsa-miR-7110-3p												17				20																
hsa-miR-7112-3p																8																
hsa-miR-7113-3p			20													19							1									
hsa-miR-7113-5p							123																3									
hsa-miR-7114-3p							1																									
hsa-miR-7151-3p	27															48																
hsa-miR-7151-5p																68																
hsa-miR-7156-3p																3												1				
hsa-miR-7156-5p	8															12																
hsa-miR-7157-5p																11																
hsa-miR-718																			167													
hsa-miR-744-3p	70															240	11						8							126		
hsa-miR-744-5p	3903	103	215	184	593		867	755		876	530	751	195		28	9196	679	180	241			1	124		398	1	82	444	323	179	274	768
hsa-miR-758-3p	82															144																
hsa-miR-758-5p	38															159																
hsa-miR-760	1381	30	84				265	186		146		202				1973	44						18	18	77			108			115	
hsa-miR-765						1						34					17						3									
hsa-miR-766-3p	96			45			63	41			39	20				179							2		231							
hsa-miR-766-5p							63									40																
hsa-miR-767-3p																51							1									
hsa-miR-767-5p	126						9			32			51			567																
hsa-miR-769-3p	108															377								42		1						
hsa-miR-769-5p	6704		118				807	379	113	514	94	497	477	121	2	12990	363	75	245	43	28	513	118	177	439	1	63	139	150		253	95
hsa-miR-770-5p	116															47																
hsa-miR-7703	7						28																									
hsa-miR-7704	78			1						62	130			1		207	10		113				8		40							505
hsa-miR-7705							13			27		1				2																61
hsa-miR-7706		10	181		119		152					106		56		32	79		27				7		130		176					
hsa-miR-7845-5p	10						17																									
hsa-miR-7854-3p	45															37										1						
hsa-miR-7975							1																						32			
hsa-miR-7976			4									3											6		100							
hsa-miR-7977	37		1				20			1		20	2			6	29		24	1	1		1				169					
hsa-miR-7978	8															56																
hsa-miR-8060				1																										2		
hsa-miR-8070																					2											
hsa-miR-8072																16					1											
hsa-miR-873-3p	106															117							1									
hsa-miR-873-5p	373						29					50				991				1												
hsa-miR-874-3p	2215	293	897	364	335		3793	598	125	1162	179	2453	203		150	4682	915	2	389		66	196	189	338	726	195	185	239	829	122	455	3
hsa-miR-874-5p	23						14					29				53							8									
hsa-miR-875-5p				1																												
hsa-miR-876-3p	291															722																
hsa-miR-877-3p	20			50			103			44		65				22		30														
hsa-miR-877-5p	246	741	791	539	1244	41	1610	535		888	615	1253	1645	503	387	469	1100	231	568	1	131	23	157	217	1245	186	391	758	813	398	106	518
hsa-miR-885-3p	506									43						660																
hsa-miR-885-5p	5851	135	62	104			89	29	1	151		85	179			11816	20	152	1			129	28	98	782	2				1		
hsa-miR-887-3p	179									64	166					487	25						2						6			
hsa-miR-887-5p	32									41						141		38									13					
hsa-miR-888-3p							42																									
hsa-miR-888-5p	9	139	130				2187	100	1	206	153	1092	397	1	88	38	703	1	261		31	979	62	522	367			687	374			3
hsa-miR-889-3p	3805						2		1			2				7170											27					
hsa-miR-889-5p	5															16																
hsa-miR-890			19				318			9		233			27		57		304				7			1		40				1
hsa-miR-891a-5p	17	67	1085	867	974	57	7910	53	73	695	123	3205	202	231	38	73	1687	10	810	44		761	113	1102	676		270	780	803		265	4
hsa-miR-891b							164				119						113	1				93				1		289				2
hsa-miR-892a		115					43										90						11	46								
hsa-miR-892b							73					33												81								
hsa-miR-892c-5p							1																									
hsa-miR-9-3p	195999	324	765	924	665	69	4496	692	137	4871	354	2706	414	206	255	395337	1361	181	601	121		1	928	569	931	328	583	228	470	29	666	5
hsa-miR-9-5p	978542	924	2672	1379	2688	22	18096	3846	897	16801	2439	10132	3853	918	1571	2019752	5174	1232	1542	257	151	545	3087	1474	3161	671	3595	1184	2991	23	1049	342
hsa-miR-92a-1-5p	37		104		74		162	109		109	42	259	155			99	195		41		19	326	26		366		107		52		359	
hsa-miR-92a-2-5p	28	93	45				118										367												64			1
hsa-miR-92a-3p	76835	27225	68366	32994	76789	6330	247750	36022	6490	180848	45505	127985	65564	29443	28975	141789	113310	18126	39255	7157	7540	28961	30952	35770	210083	15959	35808	50797	66571	2101	37427	11419
hsa-miR-92b-3p	29486	2172	6502	4500	10933	737	25048	4848	458	16282	4996	12569	6844	3757	2663	56051	7668	1998	5535	847	596	1976	2989	4067	11608	2036	4806	4947	8276	413	3927	147
hsa-miR-92b-5p	91	239	88		530		506	195		283	57	199	68	96	1	469	40	108	81		26	215	62	356	693		14	96	146			
hsa-miR-93-3p	151		10	421	317		230			122	235	112	31			108	291	32	30				57		51			48	321	147	173	1
hsa-miR-93-5p	14616	2100	4379	1828	5039	536	21966	3556	271	12835	3893	11870	5462	3878	1709	20756	7493	2787	2482	152	612	1029	2526	1931	17093	784	2900	1746	4529	95	2112	1881
hsa-miR-934			205				977	161		446	118	455	121	188	14		224	102	129				61	500	215	104	15		358		212	
hsa-miR-935	852		1	1												1579					1											
hsa-miR-937-3p	54	76					5					24		37		22	22						1	206					56			
hsa-miR-939-5p							34					8	14																			8
hsa-miR-940	141											94				407							1									
hsa-miR-941	19				1		26	74		32		89	133			64	100			1			21		405		1		38	6		
hsa-miR-942-5p	102		119	3	22	162	180			48	40	67			46	275	40	19	21				25		109		43	91	40			
hsa-miR-943												21																				
hsa-miR-944								15		42		20							3				6				82		74			
hsa-miR-95-3p	14444	905	675	1251	1172	404	3872	800	3	3571	390	2045	1181	582	879	33440	2263	1655	622	151	235	431	639	358	1450	537	544	112	1178	321	2841	94
hsa-miR-95-5p																22																
hsa-miR-96-5p	11		251	29			793	553		545	233	459	262	102	211	43	123		98			246	57	45	273	44	30	113	34			
hsa-miR-98-3p	708	85	100	52	104	33	1161	16		483		444	104	101	17	978	144	105	317			251	86		567	70	53	58	325		141	
hsa-miR-98-5p	97567	4741	12113	8033	6961	2837	67095	11025	916	35281	10314	35919	15113	7017	5311	199360	15144	3583	7285	2334	1160	6959	6251	4713	16365	2613	9882	5250	9664	361	8860	2718
hsa-miR-9898											5	19																				
hsa-miR-9901																30																
hsa-miR-9903							33																									
hsa-miR-9983-3p	48															9																
hsa-miR-9985	1314	62	98	6	12	2	363	303	2	360	32	188	39	6	61	2202	202	12	1	1		8	41	4	443	125	174	5	208		10	8
hsa-miR-99a-3p	11			21			26									71	20						1	41								
hsa-miR-99a-5p	54128	5781	17536	5806	8801	1760	63870	11589	1096	38897	14268	46997	17020	4583	8687	99539	23350	4700	9017	2120	1513	5746	7575	5132	22078	3125	9631	14476	14681	333	6256	526
hsa-miR-99b-3p	2090	209	546	405	107		2891	489		1907	182	1493	492	496	98	4424	1253	411	293	246	86	48	300	472	1180	170	188	406	936		104	2
hsa-miR-99b-5p	40774	8761	19661	11166	26965	5014	86004	14475	831	65321	22117	50851	20106	10490	8327	74265	26213	7164	13472	3370	2094	7729	11423	10294	37371	5120	13826	12590	24772	830	13382	2302

