name	181023-190319_Brain_S29	32151033_EXO_S1	32151130_EXO_S2	32151151_EXO_S3	32151185_EXO_S4	32151764_EXO_S5	32151825_EXO_S6	32152086_EXO_S7	32152088_EXO_S8	32152175_EXO_S9	32152337_EXO_S10	32152347_EXO_S11	32160018_EXO_S12	32160079_EXO_S13	32160288_EXO_S14	32160526_EXO_S15	32160791_EXO_S16	32161000_EXO_S17	32161037_EXO_S18	32161249_EXO_S19	32161454_EXO_S20	32170032_EXO_S21	32170073_EXO_S22	32170273_EXO_S23	32170329_EXO_S24	32170337_EXO_S25	32170378_EXO_S26	32170440_EXO_S27	Suma â€“ X32170447_EXO_S28
hsa-let-7a-3p	2799	185	48	182	94	147	255	265	559	162	73	38		25	488		31	294		394	47	50	220	302	717	1110	166	738	296
hsa-let-7a-5p	3318782	282984	137800	232233	146568	77464	96992	98911	324112	131474	211511	26611	13300	43909	343055	4342	24235	162058	3009	160340	143853	35063	241118	230012	493893	941826	91607	416664	232941
hsa-let-7b-3p	5110	41	93	61	108		194	157	362	271	297	22	1	132	497	3	23	434		261	247	45	445	414	420	733	190	648	274
hsa-let-7b-5p	568482	190734	101155	203246	104591	50190	68233	82049	157156	99759	166111	18193	11112	26473	184555	3888	17238	111887	1581	118276	97095	24248	206930	144877	287183	394311	48682	236464	121780
hsa-let-7c-3p	215					59		54							23			42		26					7	115			35
hsa-let-7c-5p	482089	20790	22784	38255	24085	10194	14473	15314	35092	20100	33458	4200	3909	6569	60987	1146	4211	27490	817	30521	24396	6964	41664	36389	97514	141857	9746	51231	37671
hsa-let-7d-3p	21458	1359	861	4364	967	1039	1225	1917	6734	1842	3333	423	193	519	4452	47	254	2233	1	2469	1800	581	4042	3313	5053	3848	1801	5799	3204
hsa-let-7d-5p	114082	3772	2760	6934	2699	1958	2176	2642	9444	4117	5568	735	313	704	9856	158	439	4129	69	3026	2886	1008	5541	4842	11248	14825	2666	10773	5743
hsa-let-7e-3p	470	34	55		30		32				129				48			22			51	11	103	37	112	123		15	107
hsa-let-7e-5p	218311	24981	12471	21900	11562	8127	7787	12832	33544	20319	33428	3666	1806	5457	29766	440	2141	20681	182	17810	16845	3908	32203	19828	46714	47054	8858	46692	18785
hsa-let-7f-1-3p	495			203	53				1		80				59			44			31		17		37	1		117	
hsa-let-7f-2-3p	52									1					28								1		32	50		1	18
hsa-let-7f-5p	2133820	168354	73800	122574	67277	46115	47256	57104	171695	68122	133996	14252	8112	27447	218779	2818	11126	91457	2000	80897	92140	20512	135908	123584	291647	434349	65392	253587	153927
hsa-let-7g-3p	36																								14	7	41		
hsa-let-7g-5p	767447	17726	13764	18495	11756	7032	10398	10710	21970	15442	28118	2874	984	5847	51206	564	1870	18178	345	16624	17224	3066	23607	22641	59314	109083	14998	48547	31101
hsa-let-7i-3p	671			83						39	39	11			54								18	118	61	40			26
hsa-let-7i-5p	260842	2291	2679	5672	1869	2440	2402	4751	9060	5386	13652	1624	791	2298	15673	150	1058	5571	187	4105	4854	1122	8682	8996	16238	17595	1751	13222	5002
hsa-miR-1-3p	49950	250	545	430	69	109			1		81	78	186	79	23	69	54	85	90	46	334	48	5	80	126	299	58	1	117
hsa-miR-100-5p	337232	811	1686	3945	758	2124	3016	1209	3098	2261	7370	633	523	722	2361	30	330	5074	114	5190	2702	726	4490	4999	7633	20611	601	6788	6985
hsa-miR-101-3p	62611	1632	1214	2340	874	795	541	1231	4672	3081	5791	544	613	932	9666	88	447	3388	24	2562	2725	661	4406	3229	7868	14176	1788	5808	3445
hsa-miR-10392-5p																1													
hsa-miR-10394-5p																										10			
hsa-miR-10395-3p	2							55		24																			
hsa-miR-10396b-3p	56																												
hsa-miR-10397-3p								1					1		1														
hsa-miR-10398-5p	70																												
hsa-miR-10399-3p	130	109			68						51				35										13			22	
hsa-miR-10399-5p	37					41																	27		78				35
hsa-miR-103a-2-5p	23																									26			
hsa-miR-103a-3p	175659	1610	988	2290	1706	726	1214	1380	3801	2650	3372	673	295	656	8645	15	540	3399	66	2309	1986	127	3668	2828	10813	14890	1891	6274	3746
hsa-miR-10401-3p	76					46																							
hsa-miR-105-3p	27																												
hsa-miR-105-5p	701																												
hsa-miR-10527-5p	122	34						59										11				53	133		96	36	111	90	
hsa-miR-106a-3p															16			92							75	15			
hsa-miR-106a-5p	335				28			51			1				67		46	29		76	35		20	58	174	626	67	297	
hsa-miR-106b-3p	1995	296	82	566		24		185	403	179	345			16	443		14	52		103	29	53	417	281	470	540	32	355	183
hsa-miR-106b-5p	2142	39	165		103	19	103	159	113	285	232	53			470		1	27		33		84	97	70	279	607	50	131	78
hsa-miR-107	6343	4	67	2	29	112	8		447	15	174	1	1		295		55	31		74	124		200	145	531	444	239	163	188
hsa-miR-10a-3p		215	207	480	337	144	162	231	534	983	1317	169		114	1947	23	126	301		247	430	95	783	498	1204	1436	385	1342	529
hsa-miR-10a-5p	1195	241022	121574	273117	115043	77177	88466	126542	148980	273509	445649	52991	16730	50231	536257	5597	36796	280720	5093	335436	291214	47090	386255	381300	448544	478216	79357	432555	228597
hsa-miR-10b-3p		82	245	618	111	57	358	165	146	307	522	150	1	95	1050	42	45	450		209	306	122	513	321	866	1133	103	834	204
hsa-miR-10b-5p	2159	227922	152098	409132	169581	117230	139071	166609	259168	323042	505054	50968	17860	61079	622650	7595	35364	381161	5975	370171	381226	74225	510406	445640	647999	697791	89902	579984	301381
hsa-miR-11399	31																												
hsa-miR-1179	445																												
hsa-miR-1180-3p	8206		216	251	149	125	172	58	276	138	301	3	97		540	15	8	69	1	91	221	35	212	444	404	596	89	351	168
hsa-miR-1180-5p																		28								25			
hsa-miR-1185-1-3p	41																												
hsa-miR-1185-2-3p	27																												
hsa-miR-1185-5p	67																												
hsa-miR-1197	31																												
hsa-miR-12125																	26												
hsa-miR-12127				1																									
hsa-miR-12135	76																									22			
hsa-miR-12136	753																								18				
hsa-miR-122-5p	74										117					52		70			86	57		22	11				1137
hsa-miR-1224-3p	20																												
hsa-miR-1224-5p	461																												
hsa-miR-1225-5p	3																												
hsa-miR-1226-3p	320																						25					43	
hsa-miR-1228-3p	262										25																		
hsa-miR-1229-3p	439														18								34					37	
hsa-miR-122b-5p											57																		
hsa-miR-1231	35																												
hsa-miR-1234-3p																		27											
hsa-miR-1237-3p																	11												
hsa-miR-1237-5p					15																								
hsa-miR-124-3p	381817		5			67		1	1	1			1				8	58				1	16		44		3	52	1
hsa-miR-124-5p	1180																						1						
hsa-miR-1243	21																												
hsa-miR-1244					36																								
hsa-miR-1246		51						12		59	1							1		1					67	345			54
hsa-miR-1247-5p	802																			35								22	14
hsa-miR-1249-3p	4604	27		45				19			66				25			70		40			23		43	93	38	37	
hsa-miR-1249-5p	41																												
hsa-miR-1250-5p	691																												
hsa-miR-1251-5p																							2						
hsa-miR-1252-5p	42																												
hsa-miR-1258	181																												
hsa-miR-125a-3p	557	154	176	64	38	238	88	119	293	240	135	40		72	335		28	83		218	85		293	140	340	179	78	246	43
hsa-miR-125a-5p	520719	18699	26472	48803	17641	16292	22497	27915	47532	43394	68955	10776	4868	12245	81988	1298	5779	44356	362	41727	45903	7540	68151	55927	68537	85604	14907	98475	32094
hsa-miR-125b-1-3p	2498					36											1								46	101			
hsa-miR-125b-2-3p	30408	69	327	171	355	366	256	124	895	433	539	41	227	11	1124	22	46	655		360	401	203	1117	569	1717	2299	204	1116	745
hsa-miR-125b-5p	517476	686	1925	5145	2534	2160	2953	2496	6042	4072	7080	959	930	1272	13382	163	1201	5933	356	5518	4409	1434	6033	6919	15709	28525	2095	8977	5295
hsa-miR-126-3p	77256		77		39	9			2836		159				71		34	17		100	39	7	54	87	114	605	1	245	1
hsa-miR-126-5p	9639					29		31	406			14			56		1			29	41		28	27	1	59	7		
hsa-miR-1260a	2286	523	316	1061	383	152	440	376	1843	525	294	40	32	29	1129	26	36	1029	17	591	476	304	929	1671	1993	4709	904	1780	755
hsa-miR-1260b	2213	479	317	956	370	239	339	420	1743	385	310	41	32	55	1054	17	1	1205	1	691	438	197	586	1816	2035	4869	1009	1527	690
hsa-miR-1261	33				23																							1	
hsa-miR-1262						60						43			7			63			20			125		95			
hsa-miR-1263																									26				
hsa-miR-1266-5p					16						79							26											
hsa-miR-1267	35					20																							
hsa-miR-1269a	39			77							26				42						1				448	101		24	200
hsa-miR-1269b						23					79										195				2				
hsa-miR-127-3p	28135		4	78	1																	44			18	34		26	19
hsa-miR-127-5p	2527																												
hsa-miR-1270	164		48												126	20	1				67	20			108			43	130
hsa-miR-1271-5p	1106				28					24		18			99					76					59	110		62	
hsa-miR-1273c	47																											52	
hsa-miR-1273h-3p	36																												
hsa-miR-1275	65	26									45															43			
hsa-miR-1276	50																												30
hsa-miR-1277-3p																										28			
hsa-miR-128-1-5p	2239																												
hsa-miR-128-2-5p	128																								15				
hsa-miR-128-3p	1225708	1334	612	694	628	686	321	655	1909	1171	1273	107	2	129	2256	31	97	989	2	932	1013	70	1587	924	2613	2571	202	2189	1410
hsa-miR-1284																										36			
hsa-miR-1286																									21				
hsa-miR-1287-5p	196														10										15				
hsa-miR-1289																										54			
hsa-miR-129-1-3p	4640			66														40					36		61	36			52
hsa-miR-129-2-3p	2798														15			40							23				
hsa-miR-129-5p	115212		4	120		84	30		101	79				13	58		2	25			145		3	36	43	23		41	12
hsa-miR-1290									1																				
hsa-miR-1291	27												47																
hsa-miR-1292-5p	225																					1						32	
hsa-miR-1293															15														
hsa-miR-1294																													23
hsa-miR-1295a	67																												
hsa-miR-1296-5p	922		90		22							1			91										3	43		57	
hsa-miR-1298-3p	1073																												
hsa-miR-1298-5p	276																												
hsa-miR-1301-3p	12377	91	91		86		185	174	134	42	74				304		31	208		18	95	19	173	381	312	473	159	327	58
hsa-miR-1304-3p	41	30		138	10	43				38	39				55								46		24	75		12	
hsa-miR-1304-5p	69	3																									45		26
hsa-miR-1306-3p	251															15							57						
hsa-miR-1306-5p	1069	25		66		53	122	64	57	27	53		5	72	74			27		25		1	17	186	21		65	129	
hsa-miR-1307-3p	720	234	30	200	176	116	69	192	252	31	407				274			65		29			143		212	377	129	230	249
hsa-miR-1307-5p	283				17			58		1	35				67				19	32		1	7		118	87		38	25
hsa-miR-130a-3p	595				39	21				86					22						87	50	22		88	91		53	29
hsa-miR-130a-5p																												15	
hsa-miR-130b-3p	662	65																		61			1	21	25	47			52
hsa-miR-130b-5p	2103	253	6	354	38	40	131	273	184	82	84	19		55	227		19	67			147		327	99	380	455	21	223	101
hsa-miR-132-3p	63867	171	58	255	37	81		29	243	122	111	1	64	15	126			94				45	106	96	153	82	42	117	58
hsa-miR-132-5p	14811						1			1	76				17						67		35	2	13				
hsa-miR-1323	60																												
hsa-miR-133a-3p	677	70						23						86					30										
hsa-miR-134-5p	2982																											80	
hsa-miR-1343-3p	124						62									1		5							12			35	14
hsa-miR-135a-2-3p	787	81	109	319	77		94	92	62					33	107			172			167			56	722	1608	28	38	422
hsa-miR-135a-3p	54																												
hsa-miR-135a-5p	11619		45	76	93		235	137	267	115	208			19	208		38	108	1	1	665	96	156	223	1243	4158		290	698
hsa-miR-135b-3p																												70	
hsa-miR-135b-5p	355	67	493	129	61	419	253	754	404	932	2717	286	250	613	2713		105	972	1	529	754	27	1753	1436	2019	1091	151	1581	299
hsa-miR-136-3p	7938																						42		7				
hsa-miR-136-5p	1777														22														
hsa-miR-137-3p	5065																												
hsa-miR-137-5p	44																												
hsa-miR-138-1-3p	502			82																					21				
hsa-miR-138-2-3p	688																								23				
hsa-miR-138-5p	3642				5										36			17		69	46				57				44
hsa-miR-139-3p	6958																1								1				
hsa-miR-139-5p	56646						2							50	88		2						1		3	45	1		42
hsa-miR-140-3p	35834	414	301	511	187	426	712	230	1186	526	1225	142	71	22	1590		56	845	33	451	830	1	1087	728	2182	3472	349	1004	371
hsa-miR-140-5p	7412		31	189	85	23	85	64	100	162			82		159					102	278				232	245	83	176	92
hsa-miR-141-3p		1026	1205	740	708	636	199	1087	918	1274	3584	442	295	354	4294	17	289	1855	48	1773	1372	374	2295	2743	6108	7351	802	3866	1340
hsa-miR-141-5p						21													1							68			
hsa-miR-142-3p	649								289		117							1				1		37		21			
hsa-miR-142-5p	1328						98		366		319			35									94		45	28	46		
hsa-miR-143-3p	709546	29	88	157		169	287	98	6218	113	1163	1	1	163	49		22		21		5	19	483	110	162	567	4	348	9
hsa-miR-143-5p	89																												
hsa-miR-144-3p	354																												
hsa-miR-144-5p	1932										1									1			1		1	44			
hsa-miR-145-3p	7383													24	1										1				
hsa-miR-145-5p	12401								90		175					1	2									54			
hsa-miR-1468-5p	540		34				155	57	64	16	68			17	95	15		20			114	26	142	147	55	190	108	116	110
hsa-miR-1469							42																		42				
hsa-miR-146a-5p	9165	3193	56	544	22	110	78	4654	1062	35	522	31		82	110		1	22		210	81	3	491	191	773	446	69	7254	217
hsa-miR-146b-3p	967						75			25					31									38	31	62		14	24
hsa-miR-146b-5p	75110	330	632	1802	289	239	266	463	1851	142	719	68	44	161	1196	1	158	320	1	723	661	210	939	804	2055	2277	301	1237	1142
hsa-miR-148a-3p	5436	1586	3459	3678	2732	1463	2087	2664	4710	4496	10110	963	403	1212	9365	78	663	5488	125	4569	5197	924	7767	5238	18248	42714	2213	7373	4328
hsa-miR-148a-5p		45							110		63				45		36	80		99					118	441	109		
hsa-miR-148b-3p	15457	459	298	34	315	83	246	272	581	459	370	49	128	61	862		25	516	1	365	129	61	613	482	1674	2772	422	938	505
hsa-miR-148b-5p	254		78	94		101		39		43	175				99				13	9			1			123		72	28
hsa-miR-149-3p	79				35			18		50															63	50	27		15
hsa-miR-149-5p	25200	295	2	189	332	97	177	155	284	137	397	75		83	382		47	183	20	200	167	21	276	147	1061	2125		282	273
hsa-miR-150-3p						42																							
hsa-miR-150-5p	3361								220		1										38			1		1	2	68	
hsa-miR-151a-3p	98846	10260	4441	8440	3156	3056	2146	5041	6453	5780	10730	1083	445	1014	12351	98	959	7016	91	7946	7072	1218	10957	9624	19406	19314	2751	12172	6724
hsa-miR-151a-5p	120104	2569	1513	2849	1608	1236	1420	2082	4329	2920	5072	917	73	810	9092	33	551	3028	38	2858	1929	562	4719	3585	8857	11619	1507	8284	3302
hsa-miR-151b	5518	200	239	76	36	10	69	98	187	224	159	33	25	72	516		3	44		127	3	43	107	129	527	722	159	474	98
hsa-miR-152-3p	4723		80	136	94	99	218	264	340	194	784	222	106	58	1027	1	7	281		468	371		648	409	503	1425	192	392	219
hsa-miR-153-3p	3740					27							73		18				57						8				1
hsa-miR-153-5p	206																												
hsa-miR-1538	30																												
hsa-miR-154-3p	978																				62								
hsa-miR-155-5p	3206	42	37		164			4	1099	75	92				110	1	48	50					125	28	402	2340		21	1
hsa-miR-15a-5p	6086				52	61	30		134	110	95				101		13	19		1	64	48	76		258	333	44	213	25
hsa-miR-15b-3p	140	6			33		43					26			49						3		46		79	158	22	39	26
hsa-miR-15b-5p	3622	63	61	308	40	104	145	39	333	547	511	39		22	1076	34	67	104	1	166	120	36	383	432	720	1582	101	671	340
hsa-miR-16-2-3p	563	6	43	378	47	110	73	195	92	227	370	24		31	415		23	136		77	245		266	146	394	360		360	107
hsa-miR-16-5p	69520	267	430	477	739	583	432	602	1684	833	1701	216	98	335	3338	2	165	1051	53	1011	1392	299	1541	1357	2867	5868	428	2288	773
hsa-miR-17-3p	92																									23			
hsa-miR-17-5p	1880	77	174	77	16	11	31		131	242	114		47	94	356		73	62		36	178	34	20	59	293	672	67	106	88
hsa-miR-181a-2-3p	5879	159	475	171	284	358	120	403	414	472	492	93	67	118	1059		18	437	3	411	291	95	1123	534	1384	619	76	968	324
hsa-miR-181a-3p	2645								108						13						35				39				46
hsa-miR-181a-5p	391905	541	563	1186	860	547	392	486	2044	1278	1110	91	300	330	2651	3	329	1190	3	1185	721	254	2059	1349	3462	4302	1041	3265	1351
hsa-miR-181b-2-3p	83																												21
hsa-miR-181b-3p	280																												
hsa-miR-181b-5p	127049	149	250	86	261	38	167	256	618	764	319	85	138	21	1107	1	51	418	1	302	306	52	796	329	1129	819	31	1031	540
hsa-miR-181c-3p	563								1						20														
hsa-miR-181c-5p	3839								68						41											7	34	37	
hsa-miR-181d-5p	3429	55			53	25			2	16					39		126	1		1	1		53	11	74	15		186	22
hsa-miR-182-5p	3775	14543	5655	6555	4584	5173	3410	7607	4053	13387	23874	2027	729	2285	22883	267	2228	10338	393	11743	13182	1302	20911	19944	42570	50512	3278	24831	13953
hsa-miR-1827	4																												
hsa-miR-183-3p															56								42			45			
hsa-miR-183-5p	1658	4919	2334	4732	3344	2508	2451	2328	2324	5498	10321	717	168	977	11842	134	1028	5029	149	6475	4885	1018	8193	10039	21047	31426	1181	10038	6117
hsa-miR-184	722	404	206	550	868	909	624	329	192	42	680	61	1025	1207	427	106	1036	248	484	213	412	2415	256	511	378	246	703	152	679
hsa-miR-1843	1895				63		59				24				85			18			54		49		17	94		93	
hsa-miR-185-3p	310																								16				
hsa-miR-185-5p	9924	28	35	212	49	84	79	57	35	60	131	34	139	26	384			30		39	303			110	382	660	21	424	230
hsa-miR-186-5p	17759	492	711	530	421	437	290	567	1568	895	1229	248		179	2823	34	204	1026	43	1078	1065	105	902	870	2783	5037	592	2296	1227
hsa-miR-187-3p	117		35		30						137	23			18			65							100	68		66	
hsa-miR-187-5p	35									27					9			30			112				7				24
hsa-miR-188-3p							38																						
hsa-miR-188-5p								37	67	26	26				25					15					30				
hsa-miR-18a-3p		34							161						1					54			49			24		31	
hsa-miR-18a-5p	228						65	70							11			34		50					28	38			
hsa-miR-18b-3p															32														
hsa-miR-18b-5p	1																												
hsa-miR-1908-3p	1																												
hsa-miR-1908-5p	397					15				43																32			
hsa-miR-1909-3p	50																												
hsa-miR-190a-3p											27				15			62						45	18	61			25
hsa-miR-190a-5p	794		99					117	191	85	500			35	406			4		71	56		127	48	71	251		78	
hsa-miR-190b-5p	124			1																									
hsa-miR-191-3p	621	55	24	126	63						95				39			89		76	24		39		15	146			
hsa-miR-191-5p	126261	6261	3372	9516	4857	3242	3178	5793	7780	6845	11636	1812	962	1741	17105	187	864	7599	89	6039	6070	644	8792	7517	21921	32094	6589	20289	9087
hsa-miR-1910-5p	24																												
hsa-miR-1912-3p	66																												
hsa-miR-1915-3p																									1				
hsa-miR-192-5p	1208	767	207	2890	41	1428	1625	835	5660	1168	1873	331	71	409	2264		63	2272	31	1228	1989	534	3056	1458	5822	7631	271	1702	4965
hsa-miR-193a-3p					30																								
hsa-miR-193a-5p	1372	424		384	284	240		322	139	276	355	157	163	106	667		51	512		174	159	2	458	357	679	1255	42	881	169
hsa-miR-193b-3p	271				20					228	214	18		41	134	34	24	18		26	40	46	16	28	20	160	9		81
hsa-miR-193b-5p	150		93	101	59		46	77		14	63				60			38			24	74	233		126	15	24	109	39
hsa-miR-194-3p				243		47			106	90				23	1		1	67		68	67	39	179	120	217	46		35	179
hsa-miR-194-5p	934	654	161	2074	50	734	817	1006	3168	844	1807	73		262	1205	45	21	1538	18	871	1057	343	1526	1143	4062	5571	460	1794	3394
hsa-miR-195-3p	411				21				118														51		24	51		65	
hsa-miR-195-5p	14402				44		55		2	1	1				116			1		1	1		48		53	937	45	155	
hsa-miR-196a-1-3p											44												17		35	30			
hsa-miR-196a-3p																									13				
hsa-miR-196a-5p	1	469	77	2055	70	729	939	915	2222	692	1253	49		550	1343	22		1132	25	441	805	240	1401	1509	2136	3464	185	1978	2014
hsa-miR-196b-5p	69	502	77	119	266	121	291	283	2588	255	471		49	86	449	1		512	19	192	293	162	561	573	1713	4470	189	1006	583
hsa-miR-197-3p	11735	230	102	191	135	212	206	268	759	344	467	19	30	82	378		17	209		253	682	88	378	480	625	1144	295	912	423
hsa-miR-197-5p	38																												
hsa-miR-199a-3p	3632								95					59	7		17	24		44			31	67	31	497		38	25
hsa-miR-199a-5p	472								72																	34			
hsa-miR-199b-3p	3632								95					59	7		17	24		44			31	67	31	464		38	25
hsa-miR-199b-5p	241																								21				
hsa-miR-19a-3p	103					100	1		118		1				33										41	53	6	46	
hsa-miR-19b-3p	548				19	111	85			146	179				118	48	36	251		57	61	67	172		215	713	10	91	52
hsa-miR-200a-3p	37	6270	4082	6522	2228	2184	2308	2845	3583	6175	8094	1728	475	1218	14404	88	1006	4636	56	3919	3799	743	5824	5580	15024	18630	4010	13649	5745
hsa-miR-200a-5p		380	217	352	65	116	33	421	184	330	791	61		102	853		61	357		470	298	34	645	567	1923	1598	184	1051	418
hsa-miR-200b-3p	552	18737	12787	20366	17285	6588	9785	13455	12913	20437	28344	4428	1460	4076	58837	465	3056	20322	448	19659	17856	3139	31204	25517	71578	99422	13959	50614	21849
hsa-miR-200b-5p	74	1831	897	2596	795	441	446	836	972	1106	2272	285	231	303	2720	32	147	1535	22	1235	945	326	2139	2302	4522	5348	594	3155	1241
hsa-miR-200c-3p	393	28956	13020	21590	20664	8781	7481	15287	13499	19994	33589	4818	1841	5038	59786	624	4165	18931	275	21337	18337	2283	37770	26720	87467	118204	14731	52985	18541
hsa-miR-200c-5p																									18			86	
hsa-miR-202-3p																							26						
hsa-miR-203a-3p	5149	15235	10241	10843	3488	14081	12145	12684	9176	5310	18605	1570	1748	5554	20793	1288	2715	6764	968	10454	3701	2829	15961	11425	38011	28434	9518	16538	9947
hsa-miR-203b-3p	449	60			39	25					36			17	92								39	71	44	52	60	122	26
hsa-miR-204-3p		133	193	434	346	26	271	206	236	117	95	46		45	449	41		31	5	170	118	114	291	101	430	528		203	63
hsa-miR-204-5p	23975	4009	11650	38934	18596	11002	19724	11034	44090	24504	14070	2665	1234	4016	65036	1241	3171	22274	254	18534	18905	8274	31307	26851	42944	65884	5678	56906	24059
hsa-miR-205-5p	46	405		1349	303	1078	1708	1062	789	635	914	180	304	244	1553	95	48	344	93	784	1	217	1537	1343	1681	884	1033	986	1170
hsa-miR-206	5					1		38		29		1	1		15						39	2			65	12		53	54
hsa-miR-20a-3p																					47				59	47	61		
hsa-miR-20a-5p	1941	71	1		10				327	186	287		72	36	541			174	1	138	191		378	116	362	644	24	211	42
hsa-miR-20b-3p															22										59	264			
hsa-miR-20b-5p	281				53				59						68			52	1		72	28	48	69	43	716		49	
hsa-miR-21-3p	82	244					30	20		41	65	10	39	49	103			64			58		27		212	131		126	54
hsa-miR-21-5p	113058	169047	38601	44305	12778	16265	19099	75527	56848	28019	61717	8767	10454	15867	79459	1240	8075	25550	1141	23880	27476	5276	58520	51425	202704	173156	19093	161381	33720
hsa-miR-210-3p	32		77			68		32	59		85	26			39					51	72				93	15	54	82	45
hsa-miR-210-5p													26												8				
hsa-miR-211-5p	132		1	94	21	7	7	2	10	8	7	2		1	55			10		6	3	3	9	12	14	34	3	66	47
hsa-miR-2110	1122	63			99	33		139		30	48	10			67			22		87		50	132	48	217	53		239	38
hsa-miR-2113	149																												
hsa-miR-2115-5p																		22											
hsa-miR-2116-3p	44			58							41					1							45	34		23	61	46	17
hsa-miR-2116-5p	97																												
hsa-miR-212-3p	1570		1																		30								
hsa-miR-212-5p	4325								34																				
hsa-miR-214-3p	622				20			44	229																	66			
hsa-miR-215-5p	2	2		256		3	3		7	3	136			57	1			4			72	1	70	30	11	11	1	48	5
hsa-miR-216a-5p									66																	41			
hsa-miR-216b-5p	29																	34								35		35	
hsa-miR-217-5p																									7			29	
hsa-miR-218-1-3p	32																												
hsa-miR-218-5p	73658	182	68	30			96		866	26	275	48		49	242	19	38	208		321	118	64	65	479	196	691	28	124	480
hsa-miR-219a-1-3p	43																								27				
hsa-miR-219a-2-3p	376095		5				2	1									14		1		2	73	21		6		2		3
hsa-miR-219a-5p	650																								19				
hsa-miR-22-3p	35803	1894	1154	1390	1006	1540	1709	2034	8617	1969	4812	482	305	995	6360	128	545	2910	144	2082	1834	389	3812	3714	9674	9697	1897	5951	4142
hsa-miR-22-5p	2130	70		89	29	73	119	118	205	143	316	12			475	1	36	272					81	193	375	591	54	161	168
hsa-miR-221-3p	39876	2805	1151	2952	812	809	2014	1270	1729	2441	5217	585	368	896	7179	107	713	2269	61	2052	2241	248	2273	3194	5273	5034	1963	4613	3694
hsa-miR-221-5p	3799	173	99	338	21	18		1	72	35	366			41	67		18	95		139			26	137	182	82	114	40	
hsa-miR-222-3p	50587	8000	3384	6841	1523	1072	2471	3269	2492	3438	8510	788	268	1742	10561	145	966	3555	73	4726	3991	702	4977	5419	8854	10062	2051	7749	7155
hsa-miR-222-5p		23			18		17				33													1				6	14
hsa-miR-223-3p	3873	72	1	255		47	1305	58	2527		4594		52	405	24	8							573	614	217	621	393	108	1
hsa-miR-223-5p																							49						
hsa-miR-224-3p	76		58					1							20						90				18	68			
hsa-miR-224-5p	334	1248	514	1018	100	169	654	892	282	389	363	138	144	321	939	30	130	246		317	553	1	1137	837	1975	283	336	1270	354
hsa-miR-2276-3p	44														12														
hsa-miR-2277-3p	37																												
hsa-miR-2278																										79			
hsa-miR-2355-3p	320								269					21						39			1		6			16	
hsa-miR-23a-3p	32448	2153	1516	3218	2796	2228	1846	3304	9137	3928	5616	497	469	1008	14806	81	887	4018	144	3447	2427	1405	6073	4754	13030	11864	1494	9422	3342
hsa-miR-23a-5p	116			161			152			11	113	84			46			29						54	135	212		27	47
hsa-miR-23b-3p	130424	1335	2777	6020	2139	3526	3368	3142	20469	3928	6882	749	651	1019	12670	122	582	7198	266	3948	3605	1363	6446	7888	16995	24457	3230	11554	7913
hsa-miR-23b-5p	1196	152		168	26	60	45	72	245	136					40						77			130	111	116	36	56	170
hsa-miR-23c	95	1		1	3		1	3	6		3				12			2			3		3	4	8	33	1	9	3
hsa-miR-24-1-5p	1065		70		34				101	49	63			60	100								31		128	34		91	57
hsa-miR-24-2-5p	106	53			45	38						25			149		37						68	55	13	101		161	
hsa-miR-24-3p	86420	694	934	2284	1409	1458	1208	1628	7115	1265	3948	321	532	912	7263	166	279	2918	49	1901	1416	497	3451	3740	8600	10277	1629	7807	3185
hsa-miR-25-3p	25908	2097	1108	1575	1356	643	1021	1379	2650	2374	3333	368	93	272	3961	70	284	2100	35	2721	1582	431	3535	3538	5977	9210	967	4487	2161
hsa-miR-25-5p	234						56	15																	12	18		16	
hsa-miR-2681-3p	45																									32			
hsa-miR-2682-5p	330																												
hsa-miR-26a-1-3p	19		78												17			29		18								66	22
hsa-miR-26a-2-3p	670					71			144			31			45			3			50		26	119	33	102	27	72	11
hsa-miR-26a-5p	1538217	42864	44548	74676	42532	33481	38392	44628	158277	80224	124966	18946	8277	24179	218112	2279	12218	85664	1817	76213	70762	16794	120186	99351	234290	347045	38893	205072	97537
hsa-miR-26b-3p	344				14				98						41			31					63		71	222			20
hsa-miR-26b-5p	159917	10221	10012	15074	9758	6698	8185	9415	23273	14139	24287	3862	1741	4377	39996	387	2065	17252	530	13382	16807	2945	21424	20001	42723	98873	8737	35598	19523
hsa-miR-27a-3p	18706	1174	1287	1551	751	637	1130	1395	3529	1930	3155	327	133	750	3705	226	762	1136	382	1034	1966	1352	2278	2304	4594	4523	634	3439	974
hsa-miR-27a-5p	41								60						5									15	61	18	25	23	26
hsa-miR-27b-3p	359947	5339	5574	8274	1745	5919	5478	5654	22539	6290	14679	1115	938	2674	19397	561	1261	8874	495	6546	7418	3404	11867	12332	26516	34773	4344	19958	13904
hsa-miR-27b-5p	991	39	62			135			203	89	29				85			49		27	46	39		38	126	71	60	219	113
hsa-miR-28-3p	13241	4465	1148	4017	1970	1147	976	1496	2333	2718	3953	339	46	338	5071	116	425	1830	52	3770	2015	593	5163	4390	10052	11779	627	3958	2827
hsa-miR-28-5p	5821	370	140	146	212	199	105	190	680	177	593	99	145	96	1063		46	123	22	498	101		305	230	1280	2737	172	1100	541
hsa-miR-296-3p	63														25								30		10	20		28	
hsa-miR-296-5p	16																												
hsa-miR-299-3p	407																												
hsa-miR-299-5p	277																												
hsa-miR-29a-3p	119616	1057	1392	1666	1161	880	982	1464	3643	2613	6914	1024	242	1195	9598	49	653	2626	85	2112	2757	259	3564	3010	6264	17127	1331	5263	3132
hsa-miR-29a-5p	155															1		36						83					
hsa-miR-29b-1-5p	357	63			33		45		79	44				16	109			78			80	36	81		21	128		90	62
hsa-miR-29b-2-5p	1347						44								1									60	48	63	15	33	
hsa-miR-29b-3p	15662	250	72	505	163	122	268	338	561	234	1200	162	66	101	1206	103	63	364	11	383	512	90	719	875	1789	2840	310	1337	290
hsa-miR-29c-3p	8189	350	513	212	337	164	345	75	649	501	964	211	41	100	1813	86	235	357	23	590	306	124	822	970	2193	4583	460	1371	612
hsa-miR-29c-5p	1142	48			119	22	50	41	49	83		24	2	23	247			84		176	123	23	71	144	192	284	97	190	163
hsa-miR-301a-3p	43														14										15			17	
hsa-miR-301a-5p	164																								7				
hsa-miR-302a-5p	55																										30		
hsa-miR-3059-3p	110																												
hsa-miR-3059-5p	894																												
hsa-miR-3064-5p	148											15													12				1
hsa-miR-3065-3p	267										119			19	6	1		18					95		96	26		16	
hsa-miR-3065-5p	142							51		26	84				58	1		26		91		26	156	63	191	201		64	31
hsa-miR-3074-3p															3										20				
hsa-miR-3074-5p	93														69														
hsa-miR-3085-3p	92																												
hsa-miR-30a-3p	30726	14698	11077	37236	13917	14698	13430	18278	43353	34564	55676	5302	2161	5809	68409	569	3010	34395	464	36138	33465	7786	71484	51377	75631	56522	6495	44627	34465
hsa-miR-30a-5p	618977	78278	94271	248205	132170	132725	139235	126788	575461	305161	501280	54881	29795	87698	842175	7864	30981	311426	5332	279924	297238	76274	532532	400539	853023	1056345	102869	665429	361127
hsa-miR-30b-3p	310	158			44						207			12	54			192		49	46	35	79		126	168	21	45	93
hsa-miR-30b-5p	11305	627	1743	4093	2609	1686	2645	1124	5557	4207	5437	764	116	837	14700	202	250	3900	113	3434	3624	497	4425	5710	9009	13848	2318	8577	6550
hsa-miR-30c-1-3p	62			2	1				1		40				11			1		49	113			27	92	42		34	
hsa-miR-30c-2-3p	1896	190	208	1252	331	364	129	575	1362	929	1144	84	108	178	2472		99	932	20	568	803	134	1605	1477	2673	2521	136	2289	1238
hsa-miR-30c-5p	96005	15333	17008	53031	23770	27174	25555	19777	75503	39412	51674	7838	3915	10358	134116	946	4028	38899	919	33216	40765	8286	68669	49441	97277	96136	18360	95550	55844
hsa-miR-30d-3p	83	6	2	15	4	4	33	41	15	75	54	2		1	51			41		11	21	3	19	18	34	22	1	42	28
hsa-miR-30d-5p	875851	64425	60951	140267	66875	43278	75230	48412	154790	105731	167980	18166	7532	22436	308157	3216	9258	129210	2810	122039	118341	21735	174777	172188	304169	466632	65560	239160	179224
hsa-miR-30e-3p	27900	4130	2472	5120	1990	2118	2296	2324	5462	3877	8189	668	344	681	12158	139	237	4971	29	5050	4513	1386	10345	7484	10412	10927	1580	6056	5578
hsa-miR-30e-5p	60830	5747	5318	8707	4762	5016	5906	5217	13666	7697	17419	2224	1664	2893	37166	489	1061	11750	330	10024	10398	2157	13759	13844	28076	48154	7490	27020	18860
hsa-miR-31-3p														44			30			53			22						
hsa-miR-31-5p	3064	1581	201	1365	290	635	405	1420	973	588	1380	170	194	420	3967	82	487	784	21	772	409	119	1010	1407	3816	1977	244	2510	302
hsa-miR-3117-3p	107																												
hsa-miR-3120-3p	3																												
hsa-miR-3124-5p	104				34		60																						
hsa-miR-3125	65										55																		
hsa-miR-3127-3p	11																									40			
hsa-miR-3127-5p	80																												49
hsa-miR-3129-3p																									9				
hsa-miR-3130-3p																									12				
hsa-miR-3130-5p													69																
hsa-miR-3135a	31																												
hsa-miR-3140-3p																36													33
hsa-miR-3143																									32				
hsa-miR-3144-3p											77				26										27	23			
hsa-miR-3144-5p															22			31		14					14				
hsa-miR-3145-5p	41																											31	
hsa-miR-3149	55														18					40									
hsa-miR-3150a-3p				1																				1					
hsa-miR-3151-5p	38																												
hsa-miR-3152-5p											33															13			
hsa-miR-3157-5p																					30								
hsa-miR-3158-3p	73		28											39							9				13				
hsa-miR-3158-5p																		44											
hsa-miR-3163																										30			
hsa-miR-3173-3p	49																												
hsa-miR-3173-5p	683	45		114				104		70	77	32			83			35		105			124	13	47	45	60	175	57
hsa-miR-3174	31														22														
hsa-miR-3177-3p	94														5					31				71	22				
hsa-miR-3178					32	25					39	1			17								49		44	72			44
hsa-miR-3179	45																												
hsa-miR-3180-3p	209																												
hsa-miR-3180-5p	33																												
hsa-miR-3182		39																							10	30			27
hsa-miR-3184-5p														1															
hsa-miR-3185																											51		
hsa-miR-3187-3p	119																												
hsa-miR-3188									63																				
hsa-miR-3192-5p	66																											40	
hsa-miR-3195					5																				22	144			
hsa-miR-3199	56																												
hsa-miR-32-3p	438			98					107		77			9	142					30			39		139	132		122	
hsa-miR-32-5p	804	37	42		70	42	67		156	116	195				126			78		134	95	19	101	256	133	229		211	69
hsa-miR-3200-3p	1953																1								1			111	
hsa-miR-3200-5p	193																								14				
hsa-miR-3202															11														
hsa-miR-320a-3p	64572	7534	5813	15077	4755	4416	4988	8309	11027	12534	19140	1855	2355	2670	19383	350	1438	9620	340	6056	8287	2278	17734	11886	20376	15273	3359	13009	6115
hsa-miR-320a-5p																									12				
hsa-miR-320b	4247	468	546	660	329	262	164	407	188	768	887	17	38	480	703	74	229	521	149	399	620	524	841	610	1213	899	111	522	366
hsa-miR-320c	2180	442	393	554	129	88	50	205	132	652	632		38	314	492		162	277	12	348	474	314	404	329	729	599	26	242	201
hsa-miR-320d	1240	123	253	85	84	69	49	63	156	2	141	16	41	94	231		39	84	10	204	98	62	198	144	325	509	27	129	85
hsa-miR-320e	81	2		1	7		48	2	3	1	1				18		1	2		1	1		2	5	20	27	2		2
hsa-miR-323a-3p	55032		3				1						16				1		2		90		32	21	11	24			14
hsa-miR-323a-5p	624																												
hsa-miR-323b-3p	5144			67			41						26																
hsa-miR-324-3p	2524	31	114	432	22		16	73	224	225	42	13	63	48	270		39	361		145	36	52	162	160	397	405	133	251	282
hsa-miR-324-5p	2182				10			38			72				90										31	100		24	29
hsa-miR-326	651		41		18		24			36					5					27	36		15		9	35		35	25
hsa-miR-328-3p	15557		121	25	13	33	165	52	260	26	388	70		1	143			162	45		146	1	336	152	301	478	40	421	153
hsa-miR-329-3p	45610																	33					2		2				1
hsa-miR-329-5p	571																												
hsa-miR-330-3p	22085				1			19	140	36					88		3	19	1	111			136	59	207	97		40	49
hsa-miR-330-5p	3501														11						1				15	14	58		
hsa-miR-331-3p	3496		172		65	228	252	64	177	124	209	60			519		65	187		198	113	79	317	290	583	586	157	193	165
hsa-miR-331-5p	672														90		1	27						81	48	12			
hsa-miR-335-3p	7637	90	42	242	86	309	15	65	309	83	215	36		41	382	32		77		119	166	91	145	195	229	470	68	997	172
hsa-miR-335-5p	18894		84	118	219	207	36	184	794	644	600	22		232	1758		84	720		280	314	123	499	822	1414	2311	331	2382	485
hsa-miR-337-3p	553																				63						1		
hsa-miR-337-5p	39																												
hsa-miR-338-3p	21093														33								1		2			31	1
hsa-miR-338-5p	49492		1	17				86							4		31				115		39		7	122			53
hsa-miR-339-3p	1535	42	128		96		107	112	297	171	411	31			254	20	53	37		66	22	19	66	252	214	434	38	397	94
hsa-miR-339-5p	208	203	11	101	130	124	71	48	253	183	292	13		31	351			118		353	1	60	128	157	528	381		272	191
hsa-miR-33a-5p	86	16									126						31								15				
hsa-miR-33b-3p																											19		
hsa-miR-33b-5p	22																												
hsa-miR-340-3p	21282	40	37	388	96	52	124	50	287	68	142	30		66	297			20		67	134	63	295	192	268	571	48	138	294
hsa-miR-340-5p	48310	125	334	347	167	281	100	157	662	137	594	38		55	819	26	55	451		274	145	51	415	268	670	1828	97	1266	623
hsa-miR-342-3p	36554	440	336	784	395	190	1114	367	2573	527	754	55	59	96	1478		62	427		564	663	133	674	910	2428	4025	546	1901	663
hsa-miR-342-5p	877			111						30					62								82		83	90		37	42
hsa-miR-345-5p	1888	38		1	74	201	42	83	384	250	450	80	31		696			19	1	87	1	39	423	103	555	556	39	547	429
hsa-miR-346	5849																								2				
hsa-miR-34a-3p	24																												
hsa-miR-34a-5p	3716		23						108		102				93		9	117		79	48	36	92	97	90	188	4	72	36
hsa-miR-34b-3p	623										215												125	21					
hsa-miR-34b-5p	84																												
hsa-miR-34c-3p	227																												
hsa-miR-34c-5p	536										48																		
hsa-miR-3605-3p	1035	32	133		44	30		119	29	47	266				73		23	138		40	205		185	296	82	90	44	74	33
hsa-miR-3605-5p		2							132						20			9				12						18	
hsa-miR-3609	31																												
hsa-miR-361-3p	12439	625	159	508	136	106	263	477	427	609	518	173		121	1370	34	83	595	1	593	666	94	699	974	1212	1245	200	1232	377
hsa-miR-361-5p	14872	208	312	472	416	260	73	229	705	630	945	156		159	1968			446		515	445	280	1221	953	1571	2813	494	1161	549
hsa-miR-3610	60														1														
hsa-miR-3612	4																												
hsa-miR-3613-3p															13					24					16	12			
hsa-miR-3613-5p	8352	86		170	73	133	224	169	311	77	452		61	36	408		8	47		20	232		90	236	359	531	46	367	119
hsa-miR-3614-5p																							42		22			18	
hsa-miR-3615	2469		44		5				96	188	73			17	150		19				44		245		110	97	29	88	6
hsa-miR-3617-5p																									10				
hsa-miR-362-3p	106		99		2					137	33	53			198		24	139			174	77	31		59	123	49	75	8
hsa-miR-362-5p	827	80	127		110	74	405	105	356	356	621	37		155	1273	39	21	537		205	651	4	510	321	662	1351	251	710	165
hsa-miR-3620-3p	28																										23		
hsa-miR-3622a-3p				65											31														
hsa-miR-3622a-5p	212										73							36					73	36	27				
hsa-miR-363-3p	6194	114	135	530	516	263	530	101	359	649	426	60		245	1178		20	341	1	280	655	90	710	577	3024	13362	175	1245	400
hsa-miR-363-5p					18																				60	122			
hsa-miR-3657	43																												
hsa-miR-365a-3p	4339			167	82	87	128	29	58	21	220	34		27	357	28	13	181		122	116	14	214	138	451	786	21	188	173
hsa-miR-365a-5p						1	139				29							30						39	19			62	
hsa-miR-365b-3p	4339			167	82	87	128	29	58	21	220	34		27	357	28	13	181		122	116	14	214	138	451	786	21	188	173
hsa-miR-365b-5p	62				56										18			22					41		38		46		
hsa-miR-3663-5p												23																	
hsa-miR-3675-3p			1				1																				1		
hsa-miR-3679-5p														19				47				63		39					
hsa-miR-3680-3p																										28			
hsa-miR-3688-3p																												30	
hsa-miR-369-3p	29602		76				1																13	24	18				69
hsa-miR-369-5p	2184																								44				
hsa-miR-370-3p	14428														13		1						12		19				
hsa-miR-370-5p	302																									21			
hsa-miR-371b-5p									53		57																		
hsa-miR-374a-3p	2670		53	222	55	82	46	90	455	193	308	26	43	86	473	1	25	125		142	149	54	282	306	533	888	178	246	349
hsa-miR-374a-5p	4479	56	101	88	136	210	293	213	1111	316	321	32		68	966	16	1	404		83	505	23	441	273	950	2105	288	549	254
hsa-miR-374b-3p	1577			77							62	22			78		24	38			31			55	86	101			48
hsa-miR-374b-5p	12365	48	158	445	174	192	63	282	735	310	577	91	70	126	1339	2	174	359	32	388	571	109	723	698	1918	4238	382	1313	576
hsa-miR-374c-3p	1																30							1		1			
hsa-miR-374c-5p	182								2								38			2					10	14			
hsa-miR-375-3p	2954	899	8851	1477	27379	3232	3766	1921	2700	746	4238	254	154	377	2591	297	1220	263	56	1837	14075	176	12161	4054	82281	245412	861	637	1646
hsa-miR-376a-3p	1470																						1						
hsa-miR-376a-5p	229																												
hsa-miR-376b-3p	59																												
hsa-miR-376b-5p	33																												
hsa-miR-376c-3p	2461																												
hsa-miR-376c-5p	33																												
hsa-miR-377-3p	238																												
hsa-miR-377-5p	1023																												
hsa-miR-378a-3p	3723	359	101	1157	123	296	427	403	857	139	640	77	129	49	642	1	54	408	14	405	506		676	335	2098	1313	226	595	651
hsa-miR-378a-5p	94				16				52						35		25	38							35			94	23
hsa-miR-378b	1																	1											
hsa-miR-378c	31		78								36				21									73	11			33	
hsa-miR-378d	1																								11				17
hsa-miR-378e																													1
hsa-miR-378f																										40			
hsa-miR-378g	2			1			5			1								59						1	15			33	1
hsa-miR-378i	3			1			1		2									1		1	3				1	3	1		2
hsa-miR-379-3p	846																												
hsa-miR-379-5p	95439														1		3				95		3		67	52	1	23	55
hsa-miR-380-3p	1034																								13			49	
hsa-miR-380-5p	512																												
hsa-miR-381-3p	1218														24												3		
hsa-miR-381-5p	55																												
hsa-miR-382-3p	14611																1						1						
hsa-miR-382-5p	20364											1									53		2		49				24
hsa-miR-383-5p	3177																												
hsa-miR-3909	158	2					54								27				1						18	40	35		
hsa-miR-3912-3p	148																												
hsa-miR-3913-5p																								32					
hsa-miR-3916															1														
hsa-miR-3918		42																											
hsa-miR-3928-3p	153																												
hsa-miR-3934-5p																								30	15				
hsa-miR-3940-3p																													24
hsa-miR-3943	73																									72			
hsa-miR-3960					32		24			40		11					14					46	48		9		30		
hsa-miR-409-3p	33241			1		71	2			45					38					51	1		2		87			44	182
hsa-miR-409-5p	1851																												
hsa-miR-410-3p	2182																											24	
hsa-miR-410-5p	86																												
hsa-miR-411-3p	2162																								7				
hsa-miR-411-5p	19521							1									1		1				14			28			
hsa-miR-412-5p	2011																												
hsa-miR-421	6113	47	44	153	124	22		95	129		27				185			49		65	88	4	36		240	417	29	248	94
hsa-miR-423-3p	68398	1701	1795	2996	2422	1304	1273	1650	2675	2494	4862	520	592	816	7680	78	315	3161	219	2986	3148	672	5485	4542	8616	12304	1318	6960	4138
hsa-miR-423-5p	30244	7471	4417	8491	3922	3058	3666	4920	8053	5281	11275	1182	688	1602	11545	208	634	6368	74	6838	6983	1099	11113	11223	18171	17958	3124	12734	8672
hsa-miR-424-3p	479	38	84	243		81	169	212	653	175	242	78	13	20	454			136	1	95	111	49	347	396	406	694	66	537	215
hsa-miR-424-5p	1040			61		2			641	32	159		72	21	173		12	35		1	56	34	257	101	237	346	175	196	68
hsa-miR-425-3p	1321		80	65	57		103			45				13	63		17	36		43			74		58	33		161	37
hsa-miR-425-5p	13101	488	123	717	238	127	491	464	258	420	1174	94		12	1232	59	41	299		685	549	43	919	726	2421	1877	563	1358	863
hsa-miR-4259															11							40					42		
hsa-miR-4261															10														
hsa-miR-4281			70																										
hsa-miR-4286	118																								28				
hsa-miR-429	118	2099	1068	1986	1260	567	890	1017	1165	2100	3684	597	206	477	7170	42	526	2029	47	2331	1868	274	2329	2775	8232	12256	1736	7508	2761
hsa-miR-431-3p	718																												
hsa-miR-431-5p	381																												
hsa-miR-432-5p	19410						58			57			41								63				77				1
hsa-miR-4324	22				40		18	39				40			1		14					1			34	26	1		1
hsa-miR-4326	194								64					83											53	41			
hsa-miR-433-3p	38910														1		1						4			82			
hsa-miR-433-5p	662																												
hsa-miR-4423-3p																									13				
hsa-miR-4423-5p	30						43			22	77				10			32								52			
hsa-miR-4429	10	1	2	2					1	1					2			1				1	4		3	32	1	24	1
hsa-miR-4433a-5p																												16	
hsa-miR-4433b-5p	131																				1				22				
hsa-miR-4436b-3p														46															
hsa-miR-4440	47				13																							36	
hsa-miR-4443	350	63								30												22	30		62	142		80	15
hsa-miR-4446-3p	298	115	47			58		33															71		65	27		67	5
hsa-miR-4448															1														
hsa-miR-4449	11																												
hsa-miR-4450																									17				
hsa-miR-4451															12		27												
hsa-miR-4454																										40			
hsa-miR-4466				51					19						22								45						
hsa-miR-4470																							19						
hsa-miR-4473																									12				
hsa-miR-448	222																												
hsa-miR-4482-3p	39																												
hsa-miR-4482-5p																		52											
hsa-miR-4484																									10				
hsa-miR-4485-3p	29				17				28																15	78			
hsa-miR-4485-5p	23																												
hsa-miR-4488	26						38																			49		24	
hsa-miR-4492				64																42					111				
hsa-miR-4497	3																									47			
hsa-miR-449a											32																		
hsa-miR-449c-5p															8	2							53						
hsa-miR-4500	2										1														1				
hsa-miR-4501	98																												
hsa-miR-4504	45																												
hsa-miR-4508																									55	85			
hsa-miR-450a-1-3p	66			259					58																				
hsa-miR-450a-2-3p	38													62	33			32		45						21			
hsa-miR-450a-5p	352	38				2	1	28	126	63	38				55	31		139			74		21	76	78	88	89	56	86
hsa-miR-450b-5p	1048	99		53		31	114		862	101	112		28		192			145	15	32	187		34	158	346	551	114	386	264
hsa-miR-4510	460	21	16	37	14	15	12	14	34	18	27	8	2	1	69	2	3	23		25	23	4	35	30	84	115	5	40	32
hsa-miR-4516						38																				17			
hsa-miR-451a	49627					110		50	463			1			1327	26	2				2		23	495	21	123	1	42	
hsa-miR-452-5p	34	132			19		6								116		5	46		74	97		173	48	94	45		40	53
hsa-miR-4520-3p	30																												
hsa-miR-4521									122						5														
hsa-miR-4530																			17										
hsa-miR-4536-5p	43																												
hsa-miR-4538					33			45		129												24			29				14
hsa-miR-454-3p	3971			349	69	17		71		57	50				200			245		62			25		156	284		22	53
hsa-miR-454-5p	305				1										23			15		31			64		64			27	
hsa-miR-455-3p	1549	158		156	76	91	115	140	517	182	186	20		73	298			189	17	141	14		284	383	629	335	288	535	185
hsa-miR-455-5p	36								62						28							3			11	87		64	58
hsa-miR-4635																											1		
hsa-miR-4636															18			16						43				31	
hsa-miR-4638-5p	57																												
hsa-miR-4640-3p	275										10			37											9	36		19	
hsa-miR-4646-3p	34																							32					
hsa-miR-4647																											49		
hsa-miR-4653-5p	38																												
hsa-miR-4654	30																									20			
hsa-miR-466																									20				
hsa-miR-4660																							58						
hsa-miR-4661-5p	42										53														8			20	21
hsa-miR-4662a-5p	421				42	59	73	57	253						49			214		21	17			31	37	114		163	66
hsa-miR-4665-3p												34																	
hsa-miR-4666b	55																												
hsa-miR-4668-5p	28																												
hsa-miR-4676-5p								38																					
hsa-miR-4677-3p	78																				62				16				
hsa-miR-4680-3p			87	1	29	29								40	20	22				8		43	49	25	18				
hsa-miR-4684-3p	29												1																
hsa-miR-4685-3p	111																												
hsa-miR-4687-5p																									35				
hsa-miR-4689	27																												
hsa-miR-4705	108																											22	
hsa-miR-4708-3p																											6		
hsa-miR-4713-5p															19														4
hsa-miR-4716-3p																												45	
hsa-miR-4717-3p											88																		
hsa-miR-4725-5p													44																
hsa-miR-4727-3p									74																				
hsa-miR-4728-3p				77						31	89	46			31			64		21			57		86	24		42	
hsa-miR-4738-3p	33																												17
hsa-miR-4740-5p	66																												
hsa-miR-4741			1																1								1	1	1
hsa-miR-4742-3p	74		24												9														
hsa-miR-4742-5p	87																						24					35	
hsa-miR-4743-5p	112																												
hsa-miR-4745-3p												26										45							
hsa-miR-4745-5p																				1									
hsa-miR-4748		71																											
hsa-miR-4750-5p						42																							
hsa-miR-4753-3p																												17	
hsa-miR-4757-3p											39																		
hsa-miR-4758-3p																		16											
hsa-miR-4758-5p															14														
hsa-miR-4762-5p	25																												
hsa-miR-4764-5p						53																							
hsa-miR-4765															22														
hsa-miR-4767																		34											
hsa-miR-4769-5p																													1
hsa-miR-4772-3p																													26
hsa-miR-4775					7							15											39						
hsa-miR-4776-5p																									4				
hsa-miR-4780	169																												
hsa-miR-4781-3p																								1					
hsa-miR-4785																		1											
hsa-miR-4787-3p	274		59																										
hsa-miR-4787-5p	1								1																				
hsa-miR-4791	121																												
hsa-miR-4796-3p																									42	12			30
hsa-miR-4796-5p	45		31			46																	2						
hsa-miR-4797-3p	91																												
hsa-miR-4798-5p	66																												
hsa-miR-4800-3p	79																												
hsa-miR-4800-5p																										17			
hsa-miR-4802-5p															23														
hsa-miR-4804-5p	34																								12				
hsa-miR-483-3p	58														12									37					
hsa-miR-483-5p	91																												
hsa-miR-484	3578	233	78	325	68	162	46	139	408	273	464	29		46	870		138	201		170	237		436	331	911	1145	129	399	321
hsa-miR-485-3p	14707																						1		2			35	
hsa-miR-485-5p	26061		1														2						2		32				23
hsa-miR-486-3p	148																								13				
hsa-miR-486-5p	16659	276	78	124	40	367	54	1	518	1	41	2	1	8	795	42	18		27	106	14	27	51	494	988	686	2	102	29
hsa-miR-487a-3p	1641																												24
hsa-miR-487a-5p	314																												
hsa-miR-487b-3p	132146		2			79	142		50		1						4	41		1	6		40		182	123	1	57	79
hsa-miR-487b-5p	71																												
hsa-miR-488-3p	2188																												
hsa-miR-488-5p	347																												
hsa-miR-489-3p									89	2	22				240			89			58	36	144	51		83		109	93
hsa-miR-490-3p	65																												
hsa-miR-490-5p	256																												
hsa-miR-491-3p	233																												
hsa-miR-491-5p	535				15																								
hsa-miR-492										46																			
hsa-miR-493-3p	159																												
hsa-miR-493-5p	1512			301										39	26			21			78				77			95	78
hsa-miR-494-3p	2295																1	44						39	62			70	
hsa-miR-495-3p	19724						9																2						
hsa-miR-495-5p	117																												
hsa-miR-496	160																												
hsa-miR-497-5p	1505																									147			
hsa-miR-498-5p																												24	
hsa-miR-4999-5p	105																												
hsa-miR-499a-3p																						46							
hsa-miR-499a-5p	3020			118						105	26			28	182					51	78		40	74	54	174	30	123	24
hsa-miR-5001-5p							60																						
hsa-miR-5002-3p	45									47																			
hsa-miR-5002-5p	71																						26						
hsa-miR-5006-3p															39														
hsa-miR-500a-3p	2816	271	487	1290	636	379	550	572	926	1582	1901	197	103	113	3353	2	103	1598	41	1109	666	206	2040	781	2822	2545	803	2571	1765
hsa-miR-500a-5p	32			114	107	22	15		24	95	102	1			329			165			56		61	96	104	148	24	194	55
hsa-miR-500b-3p	84			3				3		1	1				5		1	3		2	1	1	1	2	25	2	4	16	39
hsa-miR-500b-5p				114	56	22	15		24	95	102	1			305			165			56		61	96	73	148	24	172	55
hsa-miR-501-3p	3897	822	487	2655	818	392	996	1370	1447	1642	1836	349	166	238	3617	1	140	2474	56	1679	1389	511	2610	1981	3651	3017	659	2907	3155
hsa-miR-501-5p	138			155	44	114	99		91	78	81				302			100		29	81		163		180	326	59	287	130
hsa-miR-5010-3p	419																											22	
hsa-miR-502-3p	668	249	214	787	428	355	244	353	917	980	1617	236	50	69	2461	31	1	1085	14	812	627	63	945	703	1342	2071	526	1932	575
hsa-miR-502-5p											44				63					89					70	5			
hsa-miR-503-5p	577	26	28				45		367	55	57		79		71		58	76		115	1		24	32	239	302	136	60	47
hsa-miR-504-5p	7222														19						173				132	292		17	
hsa-miR-505-3p	1962	269	213		170	135	191	243	426	345	690	1		62	990		50	465		401	202	139	420	278	527	871	110	740	312
hsa-miR-505-5p	42			143					85	48	64				26											14		27	
hsa-miR-506-3p								42																71					
hsa-miR-508-3p	207										73				20			78					66	177		147			
hsa-miR-508-5p						30					40																		
hsa-miR-509-3-5p			36						13	22					13								55		16			23	
hsa-miR-509-3p	13			75		25				12					53						41		74		12			16	39
hsa-miR-5090																									6				
hsa-miR-5093																									13				
hsa-miR-5100	131	131	69	67	100	1	184	39	92	28		1			526			214		60	54		185	792	200	1424	496	390	55
hsa-miR-513a-5p	38				54				61	61													78			30		1	
hsa-miR-513b-5p	28						48	72																101	14	28		41	
hsa-miR-513c-5p	210	43			28										17										41	24	69		
hsa-miR-514a-3p									210						110								22	63	50	151			136
hsa-miR-514a-5p																										39			27
hsa-miR-514b-3p																										2			
hsa-miR-514b-5p							50								24														
hsa-miR-516a-5p																								1		43			
hsa-miR-516b-5p	92																												
hsa-miR-517a-3p	234																												
hsa-miR-517b-3p	234																												
hsa-miR-517c-3p	1																												
hsa-miR-5187-5p				69											13										18				
hsa-miR-518e-5p																												1	
hsa-miR-5191	30																												
hsa-miR-5193																												22	
hsa-miR-5194																				31									
hsa-miR-5196-3p	108																												
hsa-miR-519a-5p																												1	
hsa-miR-519b-5p																												1	
hsa-miR-519c-5p																												1	
hsa-miR-522-3p	398																	29								22			
hsa-miR-522-5p																												1	
hsa-miR-523-5p																												1	
hsa-miR-532-3p	53		63	509	57	23	61	157	74	54	109			26	424			189		40		84	241	263	351	181	23	266	138
hsa-miR-532-5p	3558	487	504	1081	780	399	973	731	1016	1771	2177	215	55	234	4329	99	221	1983	43	2349	1680	598	2375	1874	3645	5008	451	3005	1504
hsa-miR-539-3p	2327																												
hsa-miR-539-5p	1951																1												
hsa-miR-541-3p	312																												
hsa-miR-541-5p	40																												
hsa-miR-542-3p	528	96		59		77	125		336		216	15		108	61		25	105			44	37	116	84	80	373	82	399	51
hsa-miR-542-5p						28																			11	42			
hsa-miR-543	13924																						2		20				42
hsa-miR-544b																									9				
hsa-miR-545-5p															20														
hsa-miR-548a-3p	82																												
hsa-miR-548ab	247								1																				
hsa-miR-548ah-5p	78																												
hsa-miR-548at-5p	57																												
hsa-miR-548av-5p																									1				
hsa-miR-548aw						28																							
hsa-miR-548ay-3p																							28						
hsa-miR-548ba	8																					33							
hsa-miR-548e-3p	205	34													39									64	74			21	34
hsa-miR-548j-5p	46										69				17										19				
hsa-miR-548k	254						49			23					37								11		30	33			
hsa-miR-548l	24									76																		39	
hsa-miR-548o-3p	80																			53					6	21			
hsa-miR-548q	45														18										10				
hsa-miR-548s	39																			1									
hsa-miR-548t-5p																	19												
hsa-miR-548v	40																												
hsa-miR-550a-3-5p	71																								25	31			
hsa-miR-550a-3p	39																												
hsa-miR-550a-5p	110									35											44				16	68			1
hsa-miR-551b-3p	128																												
hsa-miR-551b-5p	83																												
hsa-miR-552-5p	54																												
hsa-miR-556-3p																								10					
hsa-miR-556-5p																											45		37
hsa-miR-5581-3p							98																						
hsa-miR-5584-3p	40																												
hsa-miR-5584-5p	239																												
hsa-miR-5586-5p	31																												
hsa-miR-5588-3p				148																									
hsa-miR-5588-5p																									2	19			
hsa-miR-5589-3p																									18				
hsa-miR-5589-5p																													32
hsa-miR-5590-5p								73																					
hsa-miR-5680																									20	47			
hsa-miR-5681a																										40			
hsa-miR-5684																									25				
hsa-miR-5689																					1								
hsa-miR-5691																									19				
hsa-miR-5695																									38				
hsa-miR-5696																										33			
hsa-miR-570-3p																								44					
hsa-miR-572																				52									
hsa-miR-574-3p	5851	63	180	151	161	102	210	353	1580	114	758	41	136	35	910		60	247		593	234	87	395	755	1028	2208	99	727	601
hsa-miR-575										29																			
hsa-miR-576-5p	119					56				95					33									42	57	35			
hsa-miR-577	2153										88				12			75						63	142	98			
hsa-miR-582-3p	1099		49					39						29	95					29		25		47	70	114		70	14
hsa-miR-582-5p	1126		194	93						45	85				122			24			127		72	59	90	324	27	47	10
hsa-miR-584-3p	25																												
hsa-miR-584-5p	33917	815	34	191	283	55	50	175	72	100	365	1		1	151	1		358		373	69		136	301	731	664	162	646	418
hsa-miR-585-3p	28																												
hsa-miR-589-3p															14													13	
hsa-miR-589-5p	502	28							124	104	227				71			81			80				22	28			
hsa-miR-590-3p	939										35				70		25	30			185		36		61	287	32	53	20
hsa-miR-590-5p															25														
hsa-miR-592	596																31												
hsa-miR-597-3p	23																									24			45
hsa-miR-598-3p	8740	113		176	43	73	23	169	424	40	196			61	350		66	155	10	76	92		101	352	236	234	64	491	148
hsa-miR-605-3p	27																												
hsa-miR-605-5p	56																												
hsa-miR-6068																									20	1			
hsa-miR-607	15																												
hsa-miR-6071																			1										
hsa-miR-6082																								12					
hsa-miR-6083																					1								
hsa-miR-6085																			14										
hsa-miR-6124																		1											
hsa-miR-6129	5		1						1						1									1	1	2			
hsa-miR-6130	135	3	5	4	3	1		2	6	2	7				10		1	2		7	2		5	3	7	16	1	8	4
hsa-miR-6131																				1									
hsa-miR-6133	1																								1				
hsa-miR-6134	34		1		1		1		1	1	3				4								4		5	3			
hsa-miR-615-3p				389	37	54		40	256	153	92			42	153	38	26	265		88	93	64	121	259	240	463	101	139	317
hsa-miR-615-5p																								18					
hsa-miR-616-3p	97											26											18		4			29	
hsa-miR-616-5p																										17			
hsa-miR-618	36													63						71					22				
hsa-miR-622																									31				
hsa-miR-624-5p	73																												
hsa-miR-625-3p	5373	345	154	314	33	14		139	118	51	475	38		13	169			62					300	168	148	188		232	23
hsa-miR-625-5p	426														17														
hsa-miR-627-3p															23											46			
hsa-miR-628-3p	4774	319	58	196	22	41	146	85	117	51	119	9			425	1	20	92		137	107		225	269	237	372	62	150	86
hsa-miR-628-5p	3378			70	21	58	1								75					49					49	29		21	50
hsa-miR-629-3p	38																						33		8				
hsa-miR-629-5p	905	39	32		35			72	86	77	31				114			87			40	54		101	139	78		37	
hsa-miR-631						11																							
hsa-miR-641	215				31					28					8								18	88	27			44	
hsa-miR-642a-3p	256	113			37						147				8	13							1		29				1
hsa-miR-642a-5p	156		19												13											29		28	
hsa-miR-642b-3p	1	1														1													
hsa-miR-642b-5p	1							41																					
hsa-miR-6500-3p	80																											10	
hsa-miR-6501-3p															26														
hsa-miR-6505-3p															3														
hsa-miR-6505-5p	234																												
hsa-miR-6506-5p																								1					
hsa-miR-6507-3p	42																												
hsa-miR-6507-5p	92																												
hsa-miR-6508-3p	105																												
hsa-miR-6509-5p	58	14						69																	28				1
hsa-miR-651-5p					45	20	51	67	124	173	268			39	190						47		20		24	68		132	46
hsa-miR-6511a-3p	527	19						20		30	68				30										12			94	35
hsa-miR-6511a-5p	316																												
hsa-miR-6511b-3p	1038	25							24																	61		1	73
hsa-miR-6511b-5p	316																												
hsa-miR-6513-3p	58																												
hsa-miR-6514-5p	84																									44			
hsa-miR-6515-5p															7													1	
hsa-miR-6516-3p	30																												
hsa-miR-6516-5p	74													29															
hsa-miR-652-3p	10227	868	592	603	546	409	355	340	578	897	1980	218	213	354	2840	2	208	549	23	1169	573	317	1055	597	1994	2882	414	1916	801
hsa-miR-652-5p																					85		7						
hsa-miR-653-3p	69			65						21	29				252						21					70	56	75	77
hsa-miR-653-5p		59	73	201	22					4				50	425	33		52		51	30		21	39	66	45	39	95	107
hsa-miR-654-3p	2708																						1	1	27			42	1
hsa-miR-654-5p	1097					44																							
hsa-miR-655-3p	3095																												
hsa-miR-656-3p	4786																	49									1		
hsa-miR-656-5p	39																												
hsa-miR-658																		47											
hsa-miR-659-3p	55																												
hsa-miR-659-5p											62																		25
hsa-miR-660-3p									43						24					52								12	34
hsa-miR-660-5p	640	60	308	382	163	321	379	179	178	345	452	142	59	152	1642	23	62	649	1	330	476	140	613	294	717	1108	300	1047	455
hsa-miR-662								18						17															
hsa-miR-663b	49																												
hsa-miR-664a-3p	1849	145	98	258	183	169	161	186	243	539	610	69	46	63	863	19	20	247		311	153	112	757	426	843	937	187	705	277
hsa-miR-664a-5p	1667	115	128	72	105	39	50	169	292	103	63	15			432			217	1	261	248	1	408	364	424	441	69	341	214
hsa-miR-664b-3p	65																	18					29		19				
hsa-miR-664b-5p			6								99														20			19	
hsa-miR-665	63																												
hsa-miR-668-3p	2354																				28								
hsa-miR-671-3p	1409	26			59										70		1	36			31		106	51	117	174		32	2
hsa-miR-671-5p	848				61					26					24		1						28		37	58			
hsa-miR-6716-3p	113																												
hsa-miR-6721-5p	36														27														
hsa-miR-6724-5p	39				20												1								26			34	
hsa-miR-6726-3p	62																						22			37		1	
hsa-miR-6730-5p																		52									54		
hsa-miR-6732-3p																										12			
hsa-miR-6733-3p	29																												
hsa-miR-6734-3p																										21			
hsa-miR-6734-5p	94																								19	44			
hsa-miR-6738-3p	21																												
hsa-miR-6738-5p		48									60			32									28		20		41	72	25
hsa-miR-6741-3p																												29	
hsa-miR-6741-5p	34																												
hsa-miR-6743-3p								60										23											
hsa-miR-6747-3p	38																												
hsa-miR-6748-3p				1				1																					
hsa-miR-6749-3p											49																		
hsa-miR-6754-3p	20																									27			
hsa-miR-6755-5p	103																	1											
hsa-miR-6759-5p															26														
hsa-miR-676-3p	188				12					38															28			26	
hsa-miR-6761-3p				83														9								21			
hsa-miR-6763-5p	52																												
hsa-miR-6766-3p																													47
hsa-miR-6767-5p					1																								
hsa-miR-6771-3p																		1											
hsa-miR-6772-3p	36																												
hsa-miR-6774-5p																				27									
hsa-miR-6778-5p				78																									
hsa-miR-6779-5p	30																												
hsa-miR-6780a-5p											22																		
hsa-miR-6780b-3p	42																												
hsa-miR-6785-5p		1																											
hsa-miR-6786-3p	23																									22			
hsa-miR-6789-5p																													34
hsa-miR-6790-3p										1		22																	
hsa-miR-6792-3p																										27			
hsa-miR-6795-3p																									20				
hsa-miR-6798-3p	54																												
hsa-miR-6802-3p	12																												
hsa-miR-6803-3p	98		30				99																21			43		42	
hsa-miR-6804-5p																							27						
hsa-miR-6811-5p																									7				
hsa-miR-6812-3p											54																		
hsa-miR-6813-3p																	20												
hsa-miR-6818-3p	78																									22			
hsa-miR-6821-3p						1											1			1									
hsa-miR-6821-5p																							30	1					
hsa-miR-6826-5p	49																												
hsa-miR-6832-5p	3																												
hsa-miR-6833-5p											70																		
hsa-miR-6837-3p	16																												28
hsa-miR-6840-5p																												38	
hsa-miR-6841-5p	52																												
hsa-miR-6842-3p	206																												
hsa-miR-6843-3p	50																												
hsa-miR-6850-5p																	13												
hsa-miR-6852-3p										30																			
hsa-miR-6855-5p																									23				
hsa-miR-6858-3p	37																												
hsa-miR-6858-5p											34												17		26			48	
hsa-miR-6859-3p			71																										
hsa-miR-6859-5p	43		1						40																				
hsa-miR-6862-3p																								26					
hsa-miR-6862-5p	50																												
hsa-miR-6863															15									25					
hsa-miR-6865-3p																							13					2	
hsa-miR-6865-5p	47																												
hsa-miR-6868-3p	59																												
hsa-miR-6869-3p												18																	
hsa-miR-6869-5p					92	48		26	81	29		10		11	10		21	97	28	48		40	38		19			28	26
hsa-miR-6872-3p										19																			
hsa-miR-6872-5p																									20				
hsa-miR-6874-5p															23														
hsa-miR-6877-5p	41																												
hsa-miR-6881-3p	88																												
hsa-miR-6882-5p	45																												
hsa-miR-6883-3p									208									18							11				
hsa-miR-6883-5p								1																					
hsa-miR-6887-3p																									8				
hsa-miR-6889-5p																	1												
hsa-miR-6891-5p																						8							
hsa-miR-6892-5p															16														
hsa-miR-6894-5p													53																
hsa-miR-7-1-3p	847													30	7								15		35	124		70	52
hsa-miR-7-2-3p	1																									24			
hsa-miR-7-5p	352336	731	111	293	238	296	129	77	117	146	440	1	123	205	327		180	290	75	121	266	166	147	228	514	1178	144	448	195
hsa-miR-708-3p	1199										120												32			75			
hsa-miR-708-5p	4030			26				28									1				57				59	14			
hsa-miR-7107-5p																				1									
hsa-miR-7113-5p																				46						23			
hsa-miR-7114-5p																									17				
hsa-miR-7151-3p	48																												
hsa-miR-7151-5p	20																												
hsa-miR-718														1											19				
hsa-miR-744-3p	144																									26			
hsa-miR-744-5p	6378	28		105	42	69	57		89	27	148			24	168			39			40		78		249	566	95	181	50
hsa-miR-758-3p	198																												
hsa-miR-758-5p	438																								1				
hsa-miR-760	2687								86						51					39	38		34		56			22	
hsa-miR-765								41																					
hsa-miR-766-3p	401														40								39		16				
hsa-miR-766-5p	70																												
hsa-miR-767-5p	442																												
hsa-miR-769-3p	330																												
hsa-miR-769-5p	21288	55	171	217	59		137				47	30			190		32	93		82			127		270	301	15	107	289
hsa-miR-770-5p	194																												
hsa-miR-7704					12										19										23	82			60
hsa-miR-7705												92																	
hsa-miR-7706	140			67	10	65	6								19	25		40							72	14	53		30
hsa-miR-7847-3p																		13											
hsa-miR-7854-3p	44																												
hsa-miR-7975																									1				
hsa-miR-7976	30				21																								24
hsa-miR-7977	39						24		77		33	1			1			17				1		25		17	1		1
hsa-miR-8056																										1			
hsa-miR-8060										1	1																		
hsa-miR-8072		1																											
hsa-miR-873-3p	274			66																									
hsa-miR-873-5p	501																												
hsa-miR-874-3p	8542	73	62	90	79	64	81		56	102	90	52	42	13	360	11		289		112	114	50	151	200	288	438	28	137	110
hsa-miR-874-5p	117																	39					20						
hsa-miR-875-5p															13														
hsa-miR-876-3p	936																								2	26			
hsa-miR-877-3p	68							56																					
hsa-miR-877-5p	651	305	73	801		147	79	152	244	137	167	40		48	158	1	23	203		111		45	325	111	344	60	63	300	170
hsa-miR-885-3p	983																												
hsa-miR-885-5p	20939	1		116		71					27			39	6		2							38				72	24
hsa-miR-887-3p	466																	48	6				1						
hsa-miR-887-5p	102																									47			
hsa-miR-888-5p			222	54	73		86	128			404	42			269			69	1	347	101	1	102	352	36	250	51	133	730
hsa-miR-889-3p	13344																						17		6				20
hsa-miR-889-5p	79																												
hsa-miR-890															15											59			41
hsa-miR-891a-5p		83	258	543	99		118	42	102	62	957	72			649	38		66	15	1096	490	38	405	877	104	414	23	167	2239
hsa-miR-891b	123																												
hsa-miR-892a											43				39								14	32		80			59
hsa-miR-9-3p	591980	127	88	211	370	83	160	4	2	182	836	76	17	117	1222	7	43	225	1	277	155		1105	244	933	913	223	751	368
hsa-miR-9-5p	3670116	1005	1381	2392	1389	1348	680	1001	487	2101	4424	540	294	527	6157	90	400	2356	7	2004	1612	360	5346	2006	4951	4779	406	4911	846
hsa-miR-92a-1-5p				101							51	31			97			21							20	186	103	24	
hsa-miR-92a-2-5p					39										21			1							15	95			
hsa-miR-92a-3p	364602	11718	14606	36617	17373	9442	20863	16414	26795	30332	61228	6437	2240	7510	62461	897	4141	39477	749	39797	41269	7742	58965	57028	79704	183819	17149	63063	36751
hsa-miR-92b-3p	87432	1107	1190	4374	661	474	778	1942	2354	2504	5424	477	74	553	3186	47	250	1318	9	2737	2477	355	4513	4180	2861	2533	716	3100	1899
hsa-miR-92b-5p	329		80	73		4				55	41				16								28		64			109	1
hsa-miR-93-3p	215	60			64			59		93					155								28		137	94	22	38	
hsa-miR-93-5p	26275	842	964	2455	701	424	633	1521	1654	1300	2260	355		239	4113	116	161	1386	1	1211	1288	312	1918	1192	4414	7147	1122	3492	1592
hsa-miR-934					127		57	44		95	289			30	163			34		60	105	28	135	185	45	130	105	123	145
hsa-miR-935	1655		1							18					4														
hsa-miR-936														1															
hsa-miR-937-3p	24																15	21			27		27					47	
hsa-miR-939-5p																							18		20				
hsa-miR-940	693																								11			39	
hsa-miR-941	141		41				50				41	46			37						112			19	72	55			79
hsa-miR-942-3p									65																				
hsa-miR-942-5p	219	83					20	178	116		91	16		26	110								36		37				85
hsa-miR-943	41																												
hsa-miR-944						23	48								35									34		53			
hsa-miR-95-3p	70106	325	2	677	67	694	592	465	6837	505	1081	70	534	363	1171	2	12	854	13	101	197	312	1269	1217	2124	3639	323	1620	435
hsa-miR-96-3p																							34						
hsa-miR-96-5p	64					56	74		94		77				228			30		70			91	203	156	575	20	54	95
hsa-miR-98-3p	1259								249	40		25		40	227			122		49	57	32	105	60	50	142	88	99	90
hsa-miR-98-5p	293359	4469	1955	6113	2691	2963	1814	2537	5799	3437	5309	615	169	1512	8669	131	239	4731	65	4252	4718	646	5991	5110	14393	16952	3442	11294	8829
hsa-miR-9901	51						1								1														
hsa-miR-9903	5																												
hsa-miR-9985	2400	24	40	8	21	12	67	7	16	83	76	2		34	37	1	30	34	10	3	32	12	69	15	119	109	78	43	16
hsa-miR-99a-3p	111				26			72							24													44	
hsa-miR-99a-5p	160549	787	3814	5967	3083	2523	3268	2061	4274	5814	10139	1461	750	1648	20279	160	1226	8454	148	6881	5065	1541	8409	8620	21889	47097	2124	13597	8155
hsa-miR-99b-3p	5848	124	136	540	135	115	57	94	78	324	169	110	64	50	749		16	623		256	63	131	762	323	710	472	177	542	280
hsa-miR-99b-5p	218049	13384	9014	19457	9081	8184	7919	12517	23484	19144	27648	4812	1020	4228	39985	378	2801	20946	211	16878	18795	4031	29413	24767	42188	46324	6798	45000	15027
