name	180322-190603	180626-180628-190531	180726-190530	180913-190529	180919-190527	181003-190524	181004-190521	181023-190319
Hsa-Let-7-P1a_3p*	21	1	41	18	19	40	45	
Hsa-Let-7-P1a_5p	4941980	2218	4396858	2003971	3464530	7393698	7556120	8636545
Hsa-Let-7-P1b_3p*	507	19	1929	747	1129	1693	1592	1379
Hsa-Let-7-P1b_5p	501047	1301	533141	219158	291412	673200	711403	728990
Hsa-Let-7-P1c_3p*	188	3	633	194	405	648	685	576
Hsa-Let-7-P1c_5p	736568	1774	813607	324170	538707	1220700	1210085	1304825
Hsa-Let-7-P2a1_3p*	5067	29	11610	4693	8660	14951	14178	9714
Hsa-Let-7-P2a1_5p	4939669	2220	4394116	2003653	3466521	7399374	7570197	8681120
Hsa-Let-7-P2a2_3p*	5246	29	11824	4737	8785	15153	14403	10110
Hsa-Let-7-P2a2_5p	4936834	2281	4396314	2004877	3465138	7394253	7555599	8628061
Hsa-Let-7-P2a3_3p*	40	1	348	89	130	172	367	183
Hsa-Let-7-P2a3_5p	2646149	1177	1907121	814215	1728628	3694514	3861362	5123644
Hsa-Let-7-P2b1_3p*	55	11	726	216	588	676	771	1141
Hsa-Let-7-P2b1_5p	2585697	1203	1867254	800296	1701533	3625912	3785830	4985421
Hsa-Let-7-P2b2_3p*	5411	54	10554	5814	7876	11628	12036	11493
Hsa-Let-7-P2b2_5p	2763745	4497	3289880	1209877	1415134	3448012	3460388	3854877
Hsa-Let-7-P2b3_3p*	795	17	1867	1285	2573	2828	3101	2742
Hsa-Let-7-P2b3_5p	171528	317	166465	68703	164672	293718	309894	422366
Hsa-Let-7-P2c1_3p*	44712	127	94628	34764	42001	101303	104544	85167
Hsa-Let-7-P2c1_5p	127675	558	309682	111089	188805	248081	297483	235187
Hsa-Let-7-P2c2_3p*	193	4	524	262	926	962	1114	1160
Hsa-Let-7-P2c2_5p	149215	562	230890	71021	204507	278506	367363	420541
Hsa-Let-7-P2c3_3p*		5	18	9	95	16	103	100
Hsa-Let-7-P2c3_5p	544606	716	945510	317789	852956	1090841	1377904	1351128
Hsa-Mir-1-P1_3p	13163	26	19741	9682	28380	47102	60714	58065
Hsa-Mir-1-P2_3p	13299	26	19934	9728	28690	47711	61313	58784
Hsa-Mir-1-P3_3p	549	15	881	430	320	471	560	317
Hsa-Mir-10-P1a-v1_3p*	6369	47	19160	8961	12015	12173	14641	13943
Hsa-Mir-10-P1a-v1_5p	3906758	2431	2712340	1230785	1344081	3857425	3571008	6005528
Hsa-Mir-10-P1a-v2_3p*	6423	47	19355	9083	12227	12646	14787	14246
Hsa-Mir-10-P1a-v2_5p	3906661	2432	2712814	1230880	1344098	3857535	3571191	6005626
Hsa-Mir-10-P1b-v1_3p*	5781	34	9686	3729	6447	7338	8494	9027
Hsa-Mir-10-P1b-v1_5p	4762205	2128	2683198	1200034	1416925	4521894	3999606	7755385
Hsa-Mir-10-P1b-v2_3p*	5781	34	9686	3729	6447	7353	8494	9059
Hsa-Mir-10-P1b-v2_5p	4762029	2126	2683458	1200035	1416909	4522126	3999814	7755636
Hsa-Mir-10-P2a_3p*		1	12	5	54	9	40	
Hsa-Mir-10-P2a_5p	150417	345	276108	112796	193153	345497	380976	434249
Hsa-Mir-10-P2b_3p*	3678	237	14037	5119	6963	12197	13792	13076
Hsa-Mir-10-P2b_5p	354296	392	398764	159931	218626	506186	531671	691816
Hsa-Mir-10-P2c_3p*	5	8	312	125	126	122	273	277
Hsa-Mir-10-P2c_5p	121055	344	413376	144090	329661	289238	386079	359817
Hsa-Mir-10-P3a_3p*	758	40	2388	1049	3011	3472	4959	2682
Hsa-Mir-10-P3a_5p	209620	321	778991	301922	562133	705146	904341	661756
Hsa-Mir-10-P3b_3p*	2309	41	4600	2142	2682	3517	3586	4291
Hsa-Mir-10-P3b_5p	597166	1417	1413332	661921	936557	1412451	1535927	1539945
Hsa-Mir-10-P3c_3p*	11277	244	24278	9436	22211	31687	36726	45122
Hsa-Mir-10-P3c_5p	209337	324	777011	301425	561406	703956	902613	660553
Hsa-Mir-101-P1-v1_3p	49429	236	173692	68364	155478	142026	192640	143342
Hsa-Mir-101-P1-v1_5p*		2	95	16	74	69	36	
Hsa-Mir-101-P1-v2_3p	49429	236	173699	68364	155478	142026	192640	143342
Hsa-Mir-101-P1-v2_5p*		2	95	16	74	69	36	
Hsa-Mir-101-P2-v1_3p	50794	237	176812	69506	157290	144819	196400	147222
Hsa-Mir-101-P2-v1_5p*		1						
Hsa-Mir-101-P2-v2_3p	50794	237	176812	69506	157290	144819	196414	147222
Hsa-Mir-101-P2-v2_5p*		1						
Hsa-Mir-103-P1_3p	63336	885	573661	112919	325223	295200	383992	256605
Hsa-Mir-103-P1_5p*		6		3				
Hsa-Mir-103-P2_3p	63531	885	575376	113233	326149	296855	385634	258249
Hsa-Mir-103-P2_5p*	42	6	16	13	81	72	73	49
Hsa-Mir-103-P3_3p	2552	864	34070	9110	17878	13183	15933	9704
Hsa-Mir-103-P3_5p*		1			2			
Hsa-Mir-105-P1_3p*			13		13			27
Hsa-Mir-105-P1_5p	118	17	607	138	752	529	677	701
Hsa-Mir-105-P2_3p*			13		13			27
Hsa-Mir-105-P2_5p	118	17	607	138	752	529	677	701
Hsa-Mir-1180_3p	4827	100	25723	7950	12450	14505	18660	13395
Hsa-Mir-1180_5p*	70		127	31	64	87	61	55
Hsa-Mir-122_3p*				5		1	2	
Hsa-Mir-122_5p	203	9	509	380	282	4057	2361	1626
Hsa-Mir-122-as_5p		1	134	6	41	1	59	57
Hsa-Mir-124-P1-v1_3p	73924	199	237317	129786	392569	288643	409042	383095
Hsa-Mir-124-P1-v1_5p*	327	11	1062	281	637	904	1428	1181
Hsa-Mir-124-P1-v2_3p	73924	199	237317	129786	392570	288643	409058	383205
Hsa-Mir-124-P1-v2_5p*	327	11	1062	281	637	904	1428	1181
Hsa-Mir-124-P2-v1_3p	73924	199	237317	129785	392557	288643	408986	382959
Hsa-Mir-124-P2-v1_5p*	327	11	1062	281	637	904	1428	1181
Hsa-Mir-124-P2-v2_3p	73924	199	237317	129785	392558	288643	409002	383121
Hsa-Mir-124-P2-v2_5p*	327	11	1062	281	637	904	1428	1181
Hsa-Mir-124-P3-v1_3p	73924	199	237317	129785	392557	288643	408986	383011
Hsa-Mir-124-P3-v1_5p*	327	11	1062	281	637	904	1428	1181
Hsa-Mir-124-P3-v2_3p	73924	199	237317	129785	392558	288643	409002	383121
Hsa-Mir-124-P3-v2_5p*	327	11	1062	281	637	904	1428	1181
Hsa-Mir-1247_3p*	1	2				29	1	
Hsa-Mir-1247_5p	90	22	685	111	308	449	759	878
Hsa-Mir-1249_3p	933	34	4782	1413	2683	4470	4798	5180
Hsa-Mir-1249_5p*		40			1			41
Hsa-Mir-1251_3p*		1			5	27	8	
Hsa-Mir-1251_5p	29	2	109	81	73	19	98	2
Hsa-Mir-1252_3p*			14			15		
Hsa-Mir-1252_5p		3	23	11	1	42	20	42
Hsa-Mir-126-v1_3p*	16079	89	73726	27528	98197	82201	131417	81746
Hsa-Mir-126-v1_5p	1643	13	13555	4830	13369	11117	12864	10383
Hsa-Mir-126-v2_3p	16079	96	73726	27529	98197	82201	131417	81809
Hsa-Mir-126-v2_5p*	1643	13	13555	4830	13369	11117	12864	10383
Hsa-Mir-126-v3_3p	16079	96	73726	27529	98204	82201	131417	81809
Hsa-Mir-126-v3_5p*	1643	13	13555	4830	13369	11117	12864	10383
Hsa-Mir-1266_5p	166	2	15	8	55	100	131	121
Hsa-Mir-1269_3p	824	15	565	203	216	349	676	959
Hsa-Mir-1269_5p*			67	2	24		11	23
Hsa-Mir-127_3p	7410	200	23612	5499	14855	25383	31231	28440
Hsa-Mir-127_5p*	220	22	2161	529	1779	2633	3226	2528
Hsa-Mir-1270_3p*		3		3		11		
Hsa-Mir-1270_5p	339	35	734	169	387	770	690	729
Hsa-Mir-1271_3p*		2						
Hsa-Mir-1271_5p	530	5	1648	626	1066	1344	1226	1584
Hsa-Mir-1276_3p*			34		16	16	9	
Hsa-Mir-1276_5p	12	2	56	14	120	54	35	80
Hsa-Mir-1277_3p*		1	27	5	6	5	7	28
Hsa-Mir-1277_5p		2						
Hsa-Mir-1278_3p	11		48	8	25	53	6	
Hsa-Mir-128-P1_3p	347721	740	962978	424361	873386	1599216	1734584	1252159
Hsa-Mir-128-P1_5p*	310	4	730	281	718	1594	1762	2243
Hsa-Mir-128-P2_3p	283663	739	794287	371992	763396	1333544	1469793	1031846
Hsa-Mir-128-P2_5p*	72	9	118	53	175	291	268	143
Hsa-Mir-1286_3p		1		11	4	9	25	21
Hsa-Mir-1286_5p*		3	18			1	31	
Hsa-Mir-1287_3p*				2	19		18	
Hsa-Mir-1287_5p	21	14	285	31	286	135	244	224
Hsa-Mir-129-P1_3p*	692	13	2925	829	2697	3528	3597	4961
Hsa-Mir-129-P1_5p	19919	223	48125	18806	59038	98560	99491	116239
Hsa-Mir-129-P2_3p*	433	11	2708	1104	2237	2611	2938	2960
Hsa-Mir-129-P2_5p	19850	223	47902	18795	59047	98385	99248	115998
Hsa-Mir-1294_5p	34		35	6	65	110	37	23
Hsa-Mir-1295_3p		1		15	47	114	9	67
Hsa-Mir-1295_5p*		1	1					
Hsa-Mir-1296_3p*		1						
Hsa-Mir-1296_5p	258	11	1490	359	669	876	1297	1229
Hsa-Mir-1298_3p*	39	7	310	113	215	616	523	1073
Hsa-Mir-1298_5p		1	199	71	71	256	243	277
Hsa-Mir-130-P1a_3p	678	7	1391	898	1598	1386	1411	1186
Hsa-Mir-130-P1a_5p*			18	6	29	128	29	15
Hsa-Mir-130-P1b_3p	42	5	537	391	809	908	878	939
Hsa-Mir-130-P1b_5p*	3257	16	4814	1637	3090	6403	5938	5705
Hsa-Mir-130-P2a_3p	56	9	88	79	68	83	36	89
Hsa-Mir-130-P2a_5p*	20		168	44	120	265	213	171
Hsa-Mir-130-P2b_3p				2	14	6	3	
Hsa-Mir-130-P2b_5p*			26		20		17	
Hsa-Mir-130-P4a_3p	1757	115	5152	2386	4811	7208	7511	5632
Hsa-Mir-130-P4a_5p*	63	10	297	101	148	552	352	530
Hsa-Mir-1301_3p	6052	263	16152	5355	9859	17864	19861	16925
Hsa-Mir-1301_5p*					11	27		
Hsa-Mir-1307_3p	2201	189	7792	3215	3331	5292	4550	4205
Hsa-Mir-1307_5p	620	15	1939	768	1247	981	1572	812
Hsa-Mir-132-P1_3p	14801	185	45594	21772	56079	66718	77855	66019
Hsa-Mir-132-P1_5p*	2813	14	14070	4474	14643	14331	19059	15026
Hsa-Mir-132-P2_3p*	258	34	1389	626	1725	1383	2115	1603
Hsa-Mir-132-P2_5p	1253	42	2835	776	2097	3072	3899	4359
Hsa-Mir-1323_5p		2	76	8	42	115	98	60
Hsa-Mir-133-P1-v1_3p	214	19	1237	795	1129	625	729	887
Hsa-Mir-133-P1-v1_5p*			16	6	2		19	
Hsa-Mir-133-P1-v2_3p	214	19	1237	795	1129	625	729	887
Hsa-Mir-133-P1-v2_5p*			16	6	2		19	
Hsa-Mir-133-P2-v1_3p	214	19	1237	795	1129	625	729	887
Hsa-Mir-133-P2-v1_5p*			16	6	2		19	
Hsa-Mir-133-P2-v2_3p	214	19	1237	795	1129	625	729	887
Hsa-Mir-133-P2-v2_5p*			16	6	2		19	
Hsa-Mir-133-P3-v1_3p	1	19		11	12	1	9	
Hsa-Mir-133-P3-v1_5p*						1		
Hsa-Mir-133-P3-v2_3p	1	19		11	12	1	9	
Hsa-Mir-133-P3-v2_5p*						1		
Hsa-Mir-134_3p*			78	15	28	14		
Hsa-Mir-134_5p	692	68	3878	1539	3639	4899	5304	3063
Hsa-Mir-1343_3p	98	6	298	110	301	348	407	255
Hsa-Mir-1343_5p*	72	1		4			14	1
Hsa-Mir-135-P1_3p*		1	54	3	1	27	36	55
Hsa-Mir-135-P1_5p	4615	130	15860	4385	17272	11652	16588	20688
Hsa-Mir-135-P2_3p*	3286	15	3852	1095	1841	1942	3797	4978
Hsa-Mir-135-P2_5p	4639	130	15947	4391	17365	11753	16633	20794
Hsa-Mir-135-P3_3p*		4	45	79	31	1	26	70
Hsa-Mir-135-P3_5p	9191	141	16474	11543	15143	11711	17624	21228
Hsa-Mir-136-v1_3p	944	11	5860	2268	10181	7222	10970	7998
Hsa-Mir-136-v1_5p*	138	20	574	181	874	1039	1212	1799
Hsa-Mir-136-v2_3p	944	11	5860	2268	10181	7222	10970	7998
Hsa-Mir-136-v2_5p*	138	20	574	181	874	1039	1212	1799
Hsa-Mir-137-P1-v1_3p	1265	44	5098	1104	2962	4324	4298	5066
Hsa-Mir-137-P1-v1_5p*	44	3	112	28	39	260	130	44
Hsa-Mir-137-P1-v2_3p	1265	44	5098	1104	2962	4324	4298	5066
Hsa-Mir-137-P1-v2_5p*	44	3	112	28	39	260	130	44
Hsa-Mir-138-P1_3p*	18	4	210	185	369	547	492	605
Hsa-Mir-138-P1_5p	676	235	9221	1728	5705	4603	5114	3919
Hsa-Mir-138-P2_3p*	223	16	516	307	739	905	1086	711
Hsa-Mir-138-P2_5p	293	224	3929	1105	2738	2568	3326	2191
Hsa-Mir-139_3p	1834	93	4519	2100	3481	8831	10326	6983
Hsa-Mir-139_5p	13411	217	67598	27603	85707	87714	109519	56881
Hsa-Mir-140-v1_3p	20394	342	62408	17903	33827	52493	64522	54897
Hsa-Mir-140-v1_5p*	1431	40	3526	910	3838	4446	4509	9604
Hsa-Mir-140-v2_3p	20394	342	62408	17903	33827	52493	64522	54897
Hsa-Mir-140-v2_5p*	1431	40	3526	910	3838	4446	4509	9604
Hsa-Mir-142-v1_3p*	268	45	678	138	718	954	2353	1116
Hsa-Mir-142-v1_5p	713	10	1039	445	2337	2197	3613	2363
Hsa-Mir-142-v2_3p	268	49	678	138	718	954	2353	1116
Hsa-Mir-142-v2_5p*	713	10	1039	445	2337	2197	3613	2363
Hsa-Mir-142-v3_3p	268	50	678	138	718	954	2353	1116
Hsa-Mir-142-v3_5p*	713	10	1039	445	2337	2197	3613	2363
Hsa-Mir-142-v4_3p*	268	45	678	138	709	954	2349	1054
Hsa-Mir-142-v4_5p	713	10	1039	445	2337	2197	3613	2363
Hsa-Mir-143_3p	93215	390	293383	121233	620707	625925	883172	720142
Hsa-Mir-143_5p*	9	2	155	38	262	232	176	89
Hsa-Mir-144_3p*	80		143	148	748	230	464	355
Hsa-Mir-144_5p	166	19	1019	351	1017	1233	2032	1981
Hsa-Mir-145_3p*	1438	15	4228	877	2865	5506	7086	7424
Hsa-Mir-145_5p	2072	100	10955	2475	7556	9687	10812	12819
Hsa-Mir-146-P1_3p*		1	69	9	19	31	75	
Hsa-Mir-146-P1_5p	11941	158	32101	6129	11480	31523	29048	29430
Hsa-Mir-146-P2_3p*	188	19	987	213	750	1026	1577	1269
Hsa-Mir-146-P2_5p	30014	335	58343	15372	47375	77956	101794	94276
Hsa-Mir-147-v1_3p			71	9	12	18	25	
Hsa-Mir-147-v1_5p*				3	1	54	68	
Hsa-Mir-147-v2_3p			71	9	12	18	25	
Hsa-Mir-147-v2_5p*				3	1	54	68	
Hsa-Mir-148-P1_3p	45805	404	80415	36144	94520	99340	111634	159330
Hsa-Mir-148-P1_5p*	329	1	1134	321	1269	667	841	1146
Hsa-Mir-148-P2_3p	4699	163	15237	5807	10140	14566	15041	13273
Hsa-Mir-148-P2_5p*		1		26	17	2		
Hsa-Mir-148-P3_3p	9406	179	18857	7801	25025	25853	31817	28183
Hsa-Mir-148-P3_5p*	70	11	478	111	706	340	590	1129
Hsa-Mir-149_3p*	92	11	640	84	151	194	327	338
Hsa-Mir-149_5p	8392	161	37505	13892	29822	30607	45133	32611
Hsa-Mir-15-P1a_5p	1485	92	5022	1465	4472	5423	5605	7780
Hsa-Mir-15-P1b_3p*	331	3	934	332	582	803	983	672
Hsa-Mir-15-P1b_5p	3239	33	14001	6909	14096	11790	14672	11674
Hsa-Mir-15-P1c_3p*					11	27		
Hsa-Mir-15-P1c_5p	187	11	2592	887	4237	2428	2479	1654
Hsa-Mir-15-P1d_3p*	5324	76	13702	4863	7850	6398	8976	5995
Hsa-Mir-15-P1d_5p	986	25	2402	1038	2876	3107	3790	3730
Hsa-Mir-15-P2a_3p*		1			20		18	
Hsa-Mir-15-P2a_5p	26686	192	69572	31236	106067	78505	99346	100332
Hsa-Mir-15-P2b_3p*	1998	22	6645	2893	4068	5752	6288	4688
Hsa-Mir-15-P2b_5p	26702	190	69417	31284	106068	78544	99352	100339
Hsa-Mir-15-P2c_3p*	175	17	270	82	426	392	409	741
Hsa-Mir-15-P2c_5p	2562	21	7250	3537	16623	11484	12575	15884
Hsa-Mir-15-P2d_3p*		1		19			20	
Hsa-Mir-15-P2d_5p	1027	56	3732	1174	1692	1969	3154	2772
Hsa-Mir-150_3p*	5	1	12	8	3	21	11	42
Hsa-Mir-150_5p	798	29	2469	1478	3542	3576	3849	3698
Hsa-Mir-153-P1_3p	256	30	1184	372	2397	2325	2147	3926
Hsa-Mir-153-P1_5p*	96	4	156	50	394	188	216	129
Hsa-Mir-153-P2_3p	256	30	1184	372	2397	2325	2147	3926
Hsa-Mir-153-P2_5p*		4	68	144	97	245	153	206
Hsa-Mir-154-P1_3p	76	1	1212	370	888	927	1417	1040
Hsa-Mir-154-P1_5p	52	3	158	22	90	87	51	
Hsa-Mir-154-P10_3p	2690	6	3950	1299	4228	9731	9503	14629
Hsa-Mir-154-P10_5p	4685	51	13695	5843	13238	24134	28941	20535
Hsa-Mir-154-P12_3p	350	12	1869	504	3441	2005	3160	2207
Hsa-Mir-154-P12_5p*			17	24	28	19	134	86
Hsa-Mir-154-P13_3p*	360		990	522	1667	1692	2310	2169
Hsa-Mir-154-P13_5p	2778	19	8668	4371	23453	16836	25318	19567
Hsa-Mir-154-P14_3p*			14	26	7	20	14	
Hsa-Mir-154-P14_5p	515	14	1062	491	1262	2172	2727	2019
Hsa-Mir-154-P15_3p*	2893	41	12750	5509	11824	20090	21691	14761
Hsa-Mir-154-P15_5p	6816	82	9248	3101	7462	20373	20546	26206
Hsa-Mir-154-P16_3p	203	13	1529	363	2173	1551	1729	1668
Hsa-Mir-154-P16_5p	224	4	575	254	792	827	1016	314
Hsa-Mir-154-P17_3p	27594	144	74879	30666	106971	125212	159698	132977
Hsa-Mir-154-P17_5p*	59	1	200	100	306	412	505	71
Hsa-Mir-154-P18_3p	678	56	3326	1341	4011	4236	5506	2514
Hsa-Mir-154-P18_5p*							13	
Hsa-Mir-154-P19_3p	3755	91	20229	8909	28028	21471	31436	19765
Hsa-Mir-154-P19_5p*	1			7	22	37	16	117
Hsa-Mir-154-P2-v1_3p	36	1	133	36	275	234	115	407
Hsa-Mir-154-P2-v1_5p*	119	3	700	236	793	657	870	278
Hsa-Mir-154-P2-v2_3p*	36	1	133	36	275	234	115	407
Hsa-Mir-154-P2-v2_5p	119	4	700	236	793	657	870	278
Hsa-Mir-154-P20-v1_3p	56		118	93	234	158	191	160
Hsa-Mir-154-P20-v1_5p*					22	23	17	
Hsa-Mir-154-P20-v2_3p	56		118	93	234	158	191	160
Hsa-Mir-154-P20-v2_5p*					22	23	17	
Hsa-Mir-154-P21_3p	345	8	1469	569	3744	2506	3636	2332
Hsa-Mir-154-P21_5p*	492	38	1575	544	1999	1865	2134	2003
Hsa-Mir-154-P22_3p	3724	69	14963	5890	11819	22693	25698	13996
Hsa-Mir-154-P22_5p*	54	3	141	72	250	352	432	251
Hsa-Mir-154-P23_3p	841	12	3935	1532	4202	3067	4799	2782
Hsa-Mir-154-P23_5p*	205	11	287	113	402	677	892	1141
Hsa-Mir-154-P24_3p	666	8	1879	663	2326	2954	3354	3095
Hsa-Mir-154-P24_5p*	8		8	5			27	
Hsa-Mir-154-P25_3p	1231	4	3515	1873	5928	5274	6535	4841
Hsa-Mir-154-P25_5p*			81	19	112	45	69	39
Hsa-Mir-154-P26_3p	15		135	67	61	231	114	198
Hsa-Mir-154-P26_5p*	110	1	318	183	333	529	351	439
Hsa-Mir-154-P27_3p	1692	5	2507	1255	6964	7778	8939	13515
Hsa-Mir-154-P27_5p*	30		31	18	53	72	60	79
Hsa-Mir-154-P28a_3p		1	80	18	23	45	96	41
Hsa-Mir-154-P28a_5p*			72	43	63	82	94	67
Hsa-Mir-154-P28b_3p	20	1	18	5	14		18	27
Hsa-Mir-154-P28b_5p			72	43	63	82	94	67
Hsa-Mir-154-P29_5p*		1	1	1	90	8		
Hsa-Mir-154-P30_3p	65		208	53	45	22	176	31
Hsa-Mir-154-P30_5p*			1	2	8			
Hsa-Mir-154-P36_3p	7184	137	14320	5914	16591	32464	34893	33855
Hsa-Mir-154-P36_5p*	737	21	1581	407	1385	2040	1883	1853
Hsa-Mir-154-P3a-v1_3p	12590	23	27221	14592	31409	52964	51747	55366
Hsa-Mir-154-P3a-v1_5p*	80	2	659	278	546	1142	1266	628
Hsa-Mir-154-P3a-v2_3p	12590	23	27221	14592	31409	52965	51747	55366
Hsa-Mir-154-P3a-v2_5p*	80	2	659	278	546	1142	1276	628
Hsa-Mir-154-P3b_3p	1316	3	4091	2117	3831	6328	5732	5964
Hsa-Mir-154-P3b_5p*				9	33	31	31	
Hsa-Mir-154-P4a_3p	8926	41	30138	10668	31106	43805	49860	45690
Hsa-Mir-154-P4a_5p*	164	11	406	156	245	778	1117	571
Hsa-Mir-154-P4b_3p	8926	41	30138	10668	31106	43805	49860	45690
Hsa-Mir-154-P4b_5p*	164	11	406	156	245	778	1117	571
Hsa-Mir-154-P5_3p	6526	10	19316	9256	26389	33270	38761	29836
Hsa-Mir-154-P5_5p	472	1	1308	608	2258	2479	3462	2228
Hsa-Mir-154-P6_3p	31	2	229	35	301	294	346	238
Hsa-Mir-154-P6_5p	97	1	376	115	365	365	538	1029
Hsa-Mir-154-P7_3p*	101	1	287	292	688	631	786	846
Hsa-Mir-154-P7_5p	11867	89	23293	10570	46230	70637	79639	95741
Hsa-Mir-154-P8_3p	304		1378	616	2045	1485	1518	1096
Hsa-Mir-154-P8_5p	63	1	143	62	139	205	345	512
Hsa-Mir-154-P9_3p	357	4	2414	721	2945	2165	3716	2324
Hsa-Mir-154-P9_5p*		1	25					55
Hsa-Mir-155_5p	1180	142	4842	1330	9573	3779	4496	7879
Hsa-Mir-17-P1a_3p*	43	6	492	108	204	206	86	115
Hsa-Mir-17-P1a_5p	1425	171	7787	2178	4267	4745	5338	4948
Hsa-Mir-17-P1b_3p*		1	127	38	351	86	218	198
Hsa-Mir-17-P1b_5p	369	171	2690	819	1887	1212	1101	1915
Hsa-Mir-17-P1c_3p*	165	29	1674	479	790	899	1306	966
Hsa-Mir-17-P1c_5p	21403	405	97028	30221	62447	62721	83298	69369
Hsa-Mir-17-P2a_3p*	74	19	323	74	233	435	486	354
Hsa-Mir-17-P2a_5p	32	15	526	158	271	798	585	525
Hsa-Mir-17-P2b_3p*		3	36	5	13	11	15	32
Hsa-Mir-17-P2b_5p		10	7	10	43	56	30	2
Hsa-Mir-17-P3a_3p*	72	5	97	38	182	177	174	215
Hsa-Mir-17-P3a_5p	1814	146	11837	3875	5632	5793	6688	5763
Hsa-Mir-17-P3b_3p*		2	147	19	126	19	78	345
Hsa-Mir-17-P3b_5p	252	53	2423	630	1467	907	1474	1539
Hsa-Mir-17-P3c_3p	3033	55	7234	2832	5620	7843	8694	7063
Hsa-Mir-17-P3c_5p	2239	37	12441	4786	9110	7240	9952	5351
Hsa-Mir-181-P1a_3p*	800	3	3213	1187	2149	2178	3186	2887
Hsa-Mir-181-P1a_5p	80337	750	532299	179238	745917	473836	683855	425217
Hsa-Mir-181-P1b_3p*	6679	29	14576	6001	8927	17724	17014	16853
Hsa-Mir-181-P1b_5p	80312	748	532249	179236	745925	473842	683840	425136
Hsa-Mir-181-P1c_3p*	157	6	1251	406	1373	954	1162	584
Hsa-Mir-181-P1c_5p	478	80	5501	1552	8110	3611	5218	4029
Hsa-Mir-181-P2a_3p*	9	2	120	81	223	261	424	280
Hsa-Mir-181-P2a_5p	26938	831	140373	51339	150017	147833	189657	132964
Hsa-Mir-181-P2b_3p*		1	95	34	99	90	199	104
Hsa-Mir-181-P2b_5p	27767	829	149543	52488	152892	153285	195344	137280
Hsa-Mir-181-P2c_3p*	5	1	11		6	8	29	
Hsa-Mir-181-P2c_5p	1163	142	4263	1125	4526	4341	5065	4146
Hsa-Mir-184_3p	10093	27	5934	5771	9101	18937	16524	16390
Hsa-Mir-185_3p*	54	15	394	73	220	362	419	328
Hsa-Mir-185_5p	6964	152	18841	4941	11092	14579	21508	13477
Hsa-Mir-186_3p*		1	63	53	18		2	
Hsa-Mir-186_5p	19527	199	65448	22672	51372	42679	58860	45569
Hsa-Mir-187_3p	181	67	2113	606	911	686	1303	659
Hsa-Mir-187_5p*	80	32	682	117	280	252	512	244
Hsa-Mir-188-P1_3p*		1	13	20	23		17	38
Hsa-Mir-188-P1_5p	13	27	524	291	229	234	250	228
Hsa-Mir-188-P2_3p*	2117	73	12943	5593	6512	5580	5996	3387
Hsa-Mir-188-P2_5p	18155	180	56087	25370	31028	43165	48659	43145
Hsa-Mir-188-P3_3p*	91	11	365	115	346	331	137	165
Hsa-Mir-188-P3_5p	5826	198	38138	13048	17217	12380	16660	11622
Hsa-Mir-19-P1_3p	261	28	532	318	681	635	667	502
Hsa-Mir-19-P2a_3p	601	70	6103	1900	4597	4073	4646	3049
Hsa-Mir-19-P2a_5p*					1	20		
Hsa-Mir-19-P2b_3p	601	70	6131	1912	4599	4073	4688	3050
Hsa-Mir-190-P1_3p*			202	42	61	52	29	254
Hsa-Mir-190-P1_5p	1213	88	5384	2692	3447	2803	3186	2947
Hsa-Mir-190-P2_5p	390	17	193	235	39	66	85	127
Hsa-Mir-1908_3p*	2	6	25	8	48	28	38	1
Hsa-Mir-1908_5p	46	8	466	256	649	503	518	495
Hsa-Mir-191_3p*	374	12	464	223	462	710	710	1416
Hsa-Mir-191_5p	145285	571	410240	174666	310854	321078	401215	338687
Hsa-Mir-1910_3p	24	5	110	20	20		12	
Hsa-Mir-1910_5p*	7	4	21	27	6	95	42	24
Hsa-Mir-1911_3p*		3						
Hsa-Mir-1911_5p	30	3	28	5				
Hsa-Mir-1912_3p	67	3	34	49	79	53	136	66
Hsa-Mir-1912_5p*		2	19		40	61	9	
Hsa-Mir-1913_3p*	79	5	8	15	1	17	32	
Hsa-Mir-1913_5p		6	46	1	41			
Hsa-Mir-1914_3p*		1			5		17	
Hsa-Mir-1914_5p		3	8	5	11	35	25	
Hsa-Mir-192-P1_3p*		1	91	8	130	76	58	
Hsa-Mir-192-P1_5p	45287	488	120836	32854	54852	47692	76141	51825
Hsa-Mir-192-P2_3p*			163					
Hsa-Mir-192-P2_5p	529	115	2953	160	471	512	747	750
Hsa-Mir-193-P1a_3p*			43	13	47	90	102	30
Hsa-Mir-193-P1a_5p	6909	70	23055	5020	7682	10594	10511	9693
Hsa-Mir-193-P1b_3p	808	21	2004	597	1145	1444	1673	1429
Hsa-Mir-193-P1b_5p*	849	17	2021	344	521	1273	1304	1347
Hsa-Mir-193-P2a_3p	2421	17	6040	2378	3338	5851	5562	8035
Hsa-Mir-193-P2a_5p*	412	20	322	19	172	220	290	283
Hsa-Mir-193-P2b_3p	2421	17	6040	2378	3338	5851	5562	8035
Hsa-Mir-193-P2b_5p*	362	27	341	61	190	282	244	320
Hsa-Mir-194-P1_3p*	1040	10	1025	669	500	727	1157	1531
Hsa-Mir-194-P1_5p	28096	246	83837	27992	43606	34270	52027	35650
Hsa-Mir-194-P2_3p*		1	10	1				
Hsa-Mir-194-P2_5p	12276	240	36638	14165	22561	15448	23804	14659
Hsa-Mir-196-P1_3p*	126		48	56	53	108	69	126
Hsa-Mir-196-P1_5p	15861	298	19170	10844	13624	14011	17621	19971
Hsa-Mir-196-P2_3p*	96		112	6	5		15	13
Hsa-Mir-196-P2_5p	21397	299	26200	14000	17768	18648	23488	26757
Hsa-Mir-196-P3_3p*			54	79	166	61	15	
Hsa-Mir-196-P3_5p	4769	228	11373	4081	10005	7209	8240	15900
Hsa-Mir-197_3p	6793	100	24898	9426	15232	20455	21702	21190
Hsa-Mir-197_5p*		46	159	9	10	86		38
Hsa-Mir-199-P1-v1_3p	939	22	6770	1968	4040	5928	7283	4535
Hsa-Mir-199-P1-v1_5p*	11	6	289	44	113	202	292	262
Hsa-Mir-199-P1-v2_3p	939	22	6770	1968	4040	5928	7283	4535
Hsa-Mir-199-P1-v2_5p*	11	6	289	44	113	202	292	262
Hsa-Mir-199-P1-v3_3p	939	22	6770	1968	4040	5928	7283	4535
Hsa-Mir-199-P1-v3_5p*	11	6	289	44	113	202	292	262
Hsa-Mir-199-P2-v1_3p	939	22	6770	1968	4040	5928	7283	4535
Hsa-Mir-199-P2-v1_5p*	48	13	544	107	496	416	567	578
Hsa-Mir-199-P2-v2_3p	939	22	6770	1968	4040	5928	7283	4535
Hsa-Mir-199-P2-v2_5p*	48	13	544	107	496	416	567	578
Hsa-Mir-199-P2-v3_3p	939	22	6770	1968	4040	5928	7283	4535
Hsa-Mir-199-P2-v3_5p*	48	13	544	107	496	416	567	578
Hsa-Mir-199-P3-v1_3p	997	22	6821	1974	4037	5982	7294	4568
Hsa-Mir-199-P3-v1_5p*	48	13	544	107	496	416	567	578
Hsa-Mir-199-P3-v2_3p	997	22	6821	1974	4037	5982	7294	4568
Hsa-Mir-199-P3-v2_5p*	48	13	544	107	496	416	567	578
Hsa-Mir-199-P3-v3_3p	997	22	6821	1974	4037	5982	7294	4568
Hsa-Mir-199-P3-v3_5p*	48	13	544	107	496	416	567	578
Hsa-Mir-202_3p		4			1	2		26
Hsa-Mir-202_5p					12	21		
Hsa-Mir-203-v1_3p	294744	526	314653	110626	255995	336488	319763	305434
Hsa-Mir-203-v1_5p*	18	1	35	9	22	48	13	
Hsa-Mir-203-v2_3p	294744	526	314652	110626	255993	336488	319710	305434
Hsa-Mir-203-v2_5p*	18	1	35	9	22	48	13	
Hsa-Mir-204-P1_3p*	3105	87	16641	4948	6887	8733	7580	4702
Hsa-Mir-204-P1_5p	339724	1553	918009	365575	428708	685967	587394	621103
Hsa-Mir-204-P2_3p*		5	35		4			
Hsa-Mir-204-P2_5p	398	39	1174	497	808	735	711	556
Hsa-Mir-205-P1_3p*			37	31	13			
Hsa-Mir-205-P1_5p	17294	386	122177	29641	46763	62358	45630	20814
Hsa-Mir-208-P1_3p	1							
Hsa-Mir-208-P1_5p*		1		2				
Hsa-Mir-208-P2_3p		3					10	
Hsa-Mir-21_3p*	977	58	2855	749	1707	1569	1637	1358
Hsa-Mir-21_5p	713912	1124	1373652	554200	1247196	1234167	1431060	1544018
Hsa-Mir-210_3p	238	57	2630	1288	964	1446	1592	862
Hsa-Mir-210_5p*	37	14	617	223	213	363	327	34
Hsa-Mir-2114_3p				1				
Hsa-Mir-2114_5p			16	10	2	1	3	
Hsa-Mir-2115_3p	34	6	97	8	33	17	19	
Hsa-Mir-2115_5p*	14	3	12	11	13	17	44	22
Hsa-Mir-2116_3p	175	7	619	159	220	575	507	371
Hsa-Mir-2116_5p*	26	3	79	3	39	73	6	97
Hsa-Mir-214-v1_3p	53	24	854	298	615	486	1196	992
Hsa-Mir-214-v1_5p*		1	36	5		23	14	
Hsa-Mir-214-v2_3p	53	24	854	298	615	486	1196	992
Hsa-Mir-214-v2_5p*		1	36	6		23	14	
Hsa-Mir-216-P1a_3p*		3	26	1	9		1	
Hsa-Mir-216-P1a_5p	41	1	98	11	33	20	10	107
Hsa-Mir-216-P1b_3p*					1	1		
Hsa-Mir-216-P1b_5p	134	1	259	220	346	238	221	133
Hsa-Mir-217-v1_5p	81	5	230	27	82	90	96	37
Hsa-Mir-217-v2_5p	81	5	230	27	82	90	96	37
Hsa-Mir-218-P1_3p*	508	4	610	205	343	576	374	272
Hsa-Mir-218-P1_5p	15264	275	35793	13552	40534	54450	64805	78720
Hsa-Mir-218-P2_3p*	2		35		16		8	
Hsa-Mir-218-P2_5p	15058	275	35396	13494	40265	53826	64106	77719
Hsa-Mir-219-P1_3p	17	3	70	21	44	85	49	70
Hsa-Mir-219-P1_5p*	90	7	567	242	472	261	387	377
Hsa-Mir-219-P2_3p	76995	315	192706	82986	170006	343614	406866	376528
Hsa-Mir-219-P2_5p*	103	7	720	308	636	494	644	652
Hsa-Mir-219-P2-as_3p				3	1		11	
Hsa-Mir-219-P2-as_5p		1	72	3	1		11	
Hsa-Mir-22-P1a_3p	60592	214	125477	37216	109363	100290	118521	117441
Hsa-Mir-22-P1a_5p*	2005	47	6886	2771	5016	5367	7631	5754
Hsa-Mir-221-P1_3p	35360	784	311564	99483	150079	163485	151142	104023
Hsa-Mir-221-P1_5p*	1862	51	3321	1316	2030	3899	4421	5943
Hsa-Mir-221-P2_3p	61036	1364	226487	80305	142753	227667	211912	171939
Hsa-Mir-221-P2_5p*	212	4	106	29	207	183	234	112
Hsa-Mir-223_3p	7519	600	32505	3926	31017	30265	64947	15832
Hsa-Mir-223_5p*	60	23	161	18	134	340	480	49
Hsa-Mir-224_3p*	32	2	676	309	316	253	417	331
Hsa-Mir-224_5p	10089	176	22003	6208	7170	16067	16590	14974
Hsa-Mir-2276_3p	36	7	113	29	117	133	94	56
Hsa-Mir-2276_5p*				2	32	12		
Hsa-Mir-2277_3p*		6	98	13	41	22	19	37
Hsa-Mir-2277_5p	33	5	203	18	135	120	184	
Hsa-Mir-23-P1_3p	67104	503	278768	106906	153462	164141	187552	147799
Hsa-Mir-23-P1_5p*	948	13	1105	124	265	633	651	1187
Hsa-Mir-23-P2_3p	102448	1010	424259	158536	317034	274993	341301	294988
Hsa-Mir-23-P2_5p*	692	18	2388	389	757	2025	2317	2838
Hsa-Mir-2355_3p	52	5	533	193	450	256	712	672
Hsa-Mir-2355_5p			51	4	36	9	13	
Hsa-Mir-24-P1_3p	57113	499	164543	49484	199466	155033	195555	162118
Hsa-Mir-24-P1_5p*	240	25	1072	496	894	1355	1357	851
Hsa-Mir-24-P2_3p	57231	500	166376	49820	201037	156692	197168	163726
Hsa-Mir-24-P2_5p*	410	12	1924	722	1665	1592	2575	1883
Hsa-Mir-2467_3p*	12		17					
Hsa-Mir-2467_5p					5			
Hsa-Mir-26-P1_3p*	231	21	1173	344	772	833	870	981
Hsa-Mir-26-P1_5p	265948	806	590853	260757	500686	476914	522401	643319
Hsa-Mir-26-P2_3p*	525	11	904	621	1000	1280	1130	1405
Hsa-Mir-26-P2_5p	1483945	1735	4093634	1705141	3488568	3744440	4232869	3902210
Hsa-Mir-26-P3_3p*	72	5	300	58	241	194	166	249
Hsa-Mir-26-P3_5p	1480524	1740	4087916	1704091	3482967	3735013	4217633	3878118
Hsa-Mir-27-P1_3p	20154	203	60129	40951	89001	63546	77665	66059
Hsa-Mir-27-P1_5p*	457		822	108	595	325	601	274
Hsa-Mir-27-P2_3p	203135	508	578617	296763	743643	612554	806748	618177
Hsa-Mir-27-P2_5p*	1300	33	2886	785	2026	2257	3310	2421
Hsa-Mir-28-P1_3p	48666	290	50109	16302	25236	61858	57824	90857
Hsa-Mir-28-P1_5p*	7759	262	19831	7404	16457	19394	25087	17197
Hsa-Mir-28-P2_3p	102285	832	108003	46707	94058	197211	197481	279045
Hsa-Mir-28-P2_5p	69755	261	270289	121083	243959	237208	313443	207618
Hsa-Mir-28-P3_3p*	160	6	860	288	708	1280	1496	1426
Hsa-Mir-28-P3_5p	611	92	3696	962	3288	4470	5065	4215
Hsa-Mir-29-P1a_3p	51834	302	206933	83436	221727	171052	240499	203426
Hsa-Mir-29-P1a_5p*	33	4	424	87	315	156	345	275
Hsa-Mir-29-P1b_3p	7658	121	29383	12099	33778	19048	24272	27259
Hsa-Mir-29-P1b_5p*	635	92	5916	1856	3294	3246	3935	3412
Hsa-Mir-29-P2a_3p	9353	115	14567	10853	31679	20788	25520	30622
Hsa-Mir-29-P2a_5p*	575	57	1792	799	1080	1262	1598	1327
Hsa-Mir-29-P2b-v1_3p	9353	115	14567	10858	31688	20788	25508	30671
Hsa-Mir-29-P2b-v1_5p*	688	49	3471	999	1652	1562	2643	1612
Hsa-Mir-29-P2b-v2_3p	9353	115	14567	10858	31688	20788	25508	30671
Hsa-Mir-29-P2b-v2_5p*	688	49	3471	999	1654	1562	2643	1612
Hsa-Mir-296_3p*	54	15	618	60	168	270	309	177
Hsa-Mir-296_5p	39	1	122	55	86	107	200	16
Hsa-Mir-30-P1a_3p*	390613	887	377419	242309	307874	659368	594992	826707
Hsa-Mir-30-P1a_5p	4586616	4526	7070628	2958533	4989424	6628651	7704135	8951283
Hsa-Mir-30-P1b_3p*	46396	299	60799	34175	59313	115862	101223	148672
Hsa-Mir-30-P1b_5p	179905	1288	497503	166346	432565	335704	419757	377749
Hsa-Mir-30-P1c_3p*	680	35	738	229	665	803	666	627
Hsa-Mir-30-P1c_5p	1786007	3059	3083218	1306793	2040396	3305015	3490897	4176416
Hsa-Mir-30-P2a_3p*	15682	45	24167	9917	18378	24871	29386	25766
Hsa-Mir-30-P2a_5p	764264	1863	1954756	672792	966068	1580008	1653266	1211498
Hsa-Mir-30-P2b_3p*	263	9	635	171	518	1011	773	476
Hsa-Mir-30-P2b_5p	764030	1858	1954128	672640	965685	1579500	1652222	1209777
Hsa-Mir-30-P2c_3p*	521	16	846	498	831	1047	1159	1700
Hsa-Mir-30-P2c_5p	75524	287	247267	92856	168555	225745	253698	120081
Hsa-Mir-3059_3p*		8	37	5	29	65	4	110
Hsa-Mir-3059_5p	105	11	377	109	638	521	635	894
Hsa-Mir-3085_3p		1	51	11	59	34	49	92
Hsa-Mir-3085_5p*		3	25	1	23	9	27	
Hsa-Mir-31_3p*		4	178	24	95	174	173	150
Hsa-Mir-31_5p	15959	375	58930	20199	33973	25686	35066	30632
Hsa-Mir-3126_3p*		8						
Hsa-Mir-3126_5p		1	18		5			
Hsa-Mir-3127_3p*	16	6	66	71	13	34	18	51
Hsa-Mir-3127_5p	65	13	206	143	97	297	249	129
Hsa-Mir-3136_5p		1						
Hsa-Mir-3138_3p	50	7	105	10	32	97	18	
Hsa-Mir-3138_5p*		9		4	5	13	17	
Hsa-Mir-3140_3p	33	2		3	1		19	70
Hsa-Mir-3140_5p*				2	5	8		
Hsa-Mir-3144-v1_3p*	53	2	221	29	179	163	239	153
Hsa-Mir-3144-v1_5p	281	4	17	25	78	64	100	81
Hsa-Mir-3144-v2_3p*	53	2	221	29	179	163	239	153
Hsa-Mir-3144-v2_5p	281	4	17	25	78	64	100	81
Hsa-Mir-3145_3p		4	19		3	22	51	
Hsa-Mir-3145_5p*	84		48	13	25	63	18	72
Hsa-Mir-3173_3p*		13	46	18	32		39	49
Hsa-Mir-3173_5p	603	12	1774	252	426	1389	1423	1869
Hsa-Mir-3174_5p		2	25	10	5	60	6	53
Hsa-Mir-3180-P1_3p		2	183	120	177	648	378	633
Hsa-Mir-3180-P1_5p*		1	273	45	195	399	231	99
Hsa-Mir-3180-P2_3p		2	183	120	177	648	378	633
Hsa-Mir-3180-P2_5p*		1	273	45	195	399	231	99
Hsa-Mir-3180-P3_3p		2	183	120	177	648	378	633
Hsa-Mir-3180-P3_5p*		1	273	45	195	399	231	99
Hsa-Mir-3187_3p	27	15	72	31	27	72	172	119
Hsa-Mir-3187_5p*		2			19			
Hsa-Mir-3194_3p*			40				62	
Hsa-Mir-3194_5p							1	
Hsa-Mir-32_3p*	582	8	1772	723	1672	1358	1940	1333
Hsa-Mir-32_5p	661	4	1123	1193	3431	2171	2528	2980
Hsa-Mir-3200_3p	303	72	2574	595	1693	2504	2439	2066
Hsa-Mir-3200_5p*	21	14	94	65	167	226	329	207
Hsa-Mir-324_3p*	1617	110	10557	3948	7573	7348	7943	7478
Hsa-Mir-324_5p	281	45	2911	781	2346	2024	2242	2579
Hsa-Mir-326_3p	184	3	1688	476	1134	1355	1359	959
Hsa-Mir-326_5p*				5	3			29
Hsa-Mir-328_3p	5629	219	27211	7514	13934	19656	20302	19098
Hsa-Mir-328_5p*		20	57	4	9	14	18	
Hsa-Mir-33-P1_3p*			38	28	66	118	65	
Hsa-Mir-33-P1_5p	60		340	191	238	288	444	275
Hsa-Mir-33-P2_3p	17	1	29	11	53	17	14	19
Hsa-Mir-33-P2_5p*	15		30	14	119	14		22
Hsa-Mir-330-v1_3p	6595	236	19210	6857	18253	26229	33735	23135
Hsa-Mir-330-v1_5p*	439	57	2774	841	4110	3244	4641	3600
Hsa-Mir-330-v2_3p	6595	236	19210	6857	18253	26229	33735	23135
Hsa-Mir-330-v2_5p*	439	57	2774	841	4110	3244	4641	3600
Hsa-Mir-331_3p	2093	16	11736	3424	8359	7521	8105	8300
Hsa-Mir-331_5p*	223	34	1303	453	1125	809	941	931
Hsa-Mir-335_3p*	4563	71	9033	3181	6417	11644	11271	12543
Hsa-Mir-335_5p	11265	127	27185	13281	44592	30744	39998	33598
Hsa-Mir-337-as_3p		3	8				1	
Hsa-Mir-337-as_5p						1	8	
Hsa-Mir-337-v1_3p	101		415	172	518	518	721	617
Hsa-Mir-337-v1_5p*				17	39	44	57	39
Hsa-Mir-337-v2_3p	101		415	172	518	518	721	617
Hsa-Mir-337-v2_5p*				17	39	44	57	39
Hsa-Mir-338-P1_3p	2481	7	24857	8401	40428	20602	29638	21199
Hsa-Mir-338-P1_5p*	12403	48	41998	22568	48369	66530	82575	50652
Hsa-Mir-338-P1-as_3p	436	16	850	407	648	561	616	670
Hsa-Mir-338-P1-as_5p	247	32	1972	1061	999	1335	1016	1215
Hsa-Mir-339_3p	2121	74	5965	2227	5182	3749	6016	4930
Hsa-Mir-339_5p	2321	110	14788	4608	7011	7023	7590	4210
Hsa-Mir-34-P1_3p*	134	2	99	67	50	21	46	25
Hsa-Mir-34-P1_5p	1171	165	11421	2118	5299	4682	5308	4916
Hsa-Mir-34-P2a_3p*	211	9	478	187	439	431	814	984
Hsa-Mir-34-P2a_5p		3	44	15	47		19	84
Hsa-Mir-34-P2b_3p*	36	8	100	59	169	138	112	227
Hsa-Mir-34-P2b_5p	79	16	692	124	253	440	401	584
Hsa-Mir-34-P3a_3p*								1
Hsa-Mir-34-P3a_5p	59	5	303	48	67	27	72	32
Hsa-Mir-34-P3b_3p*			9	16	4	15	13	
Hsa-Mir-34-P3b_5p	1	7	15	1	1	13		
Hsa-Mir-34-P3c_3p*				3	2		18	
Hsa-Mir-34-P3c_5p	1	6	107	17	28	71	50	63
Hsa-Mir-340_3p*	5895	169	15865	6942	19492	24461	25205	25110
Hsa-Mir-340_5p	15458	37	46207	16425	43236	54751	77540	58316
Hsa-Mir-342_3p	18568	424	47184	12982	29426	43732	43895	58721
Hsa-Mir-342_5p*	643	74	1790	770	1032	1863	2655	1532
Hsa-Mir-345_3p*		1	26	2	1		36	
Hsa-Mir-345_5p	3558	163	13697	4289	8954	6415	8582	7017
Hsa-Mir-346_5p	1363	84	5201	1570	3468	7064	6394	5873
Hsa-Mir-361-v1_3p*	8647	246	41765	10719	19283	25286	30958	25943
Hsa-Mir-361-v1_5p	9451	193	52513	15201	30155	30229	35963	31870
Hsa-Mir-361-v2_3p	8647	246	41765	10719	19283	25286	30958	25943
Hsa-Mir-361-v2_5p*	9451	193	52518	15201	30158	30229	35963	31870
Hsa-Mir-3611_3p			30	6	7	12	7	
Hsa-Mir-3611_5p*		1						
Hsa-Mir-3613_3p*	18	37	66	34	28	85	62	65
Hsa-Mir-3613_5p	2919	47	7648	3418	14873	12349	17118	12612
Hsa-Mir-3617_3p*		1	16	1	15	14		
Hsa-Mir-3617_5p		1	23	5	14	75	160	10
Hsa-Mir-3619_3p*		1	22	3	5	15	23	
Hsa-Mir-3619_5p		2	30	3		44	13	
Hsa-Mir-362-P1_3p*	562	18	1647	906	1864	1133	1409	1387
Hsa-Mir-362-P1_5p	4071	262	23490	8750	10123	8841	10366	9975
Hsa-Mir-362-P2-v1_3p	18859	370	43217	14645	23390	32307	35790	32333
Hsa-Mir-362-P2-v1_5p*	635	69	3268	852	1546	1656	1837	1745
Hsa-Mir-362-P2-v2_3p	18859	370	43226	14645	23393	32307	35790	32333
Hsa-Mir-362-P2-v2_5p*	635	69	3268	852	1546	1656	1837	1745
Hsa-Mir-362-P3_3p	34116	156	36474	13641	17195	37684	37560	45050
Hsa-Mir-362-P3_5p*	1062	154	10611	2721	3385	2921	3669	2472
Hsa-Mir-362-P4_3p	9498	352	37691	14140	20290	22607	26510	20370
Hsa-Mir-362-P4_5p*	63	47	912	540	429	374	401	271
Hsa-Mir-362-P5_3p*	219	15	108	279	170	154	185	194
Hsa-Mir-362-P5_5p	635	70	3258	851	1549	1656	1861	1745
Hsa-Mir-3622_3p*	5	1	26	19	49	42	98	96
Hsa-Mir-3622_5p	155	6	131	147	143	288	304	457
Hsa-Mir-3663_3p	3		17	7	15	19		
Hsa-Mir-3663_5p*		18	62	5	22	55	20	23
Hsa-Mir-3690_5p		1					9	
Hsa-Mir-370_3p	2158	125	8200	2627	13708	13675	19265	14602
Hsa-Mir-370_5p*	11	3	259	86	281	380	480	323
Hsa-Mir-374-P1_3p	2474	6	1936	1024	2927	4751	4759	8081
Hsa-Mir-374-P1_5p	3651	61	8988	4863	15352	10958	11434	14307
Hsa-Mir-374-P2_3p*	434	4	621	379	1383	1820	1533	2199
Hsa-Mir-374-P2_5p	7008	111	20918	11555	29420	26328	28978	28696
Hsa-Mir-375_3p	110120	519	172178	14823	183547	119142	142581	427878
Hsa-Mir-375_5p*	2			7	3	9	59	1
Hsa-Mir-376-P1_3p	312	1	1096	285	1223	826	1622	1472
Hsa-Mir-376-P1_5p*	22	8	145	83	212	193	251	229
Hsa-Mir-376-P2_3p	312	1	1096	285	1223	826	1622	1472
Hsa-Mir-376-P2_5p*	10		11	6	78	23	25	
Hsa-Mir-376-P3_3p	12		29	5	12	35	17	59
Hsa-Mir-376-P3_5p*			5	24	43	114	76	33
Hsa-Mir-376-P4_3p	300	4	2078	464	2170	1610	2390	2470
Hsa-Mir-376-P4_5p*			5	24	43	115	76	33
Hsa-Mir-378_3p	8036	265	48538	13560	19596	15896	24892	16479
Hsa-Mir-378_5p*	203	12	575	265	284	443	351	412
Hsa-Mir-383-v1_3p*	12	2		2	53	18	92	
Hsa-Mir-383-v1_5p	803	33	3842	1462	2762	4290	5669	3233
Hsa-Mir-383-v2_3p*	12	2		2	53	18	92	
Hsa-Mir-383-v2_5p	803	33	3842	1462	2762	4290	5669	3233
Hsa-Mir-3909_3p	347	8	488	176	306	487	444	335
Hsa-Mir-3909_5p*	28	4	60	37	44	69	110	
Hsa-Mir-3934_3p*		3						
Hsa-Mir-3934_5p		2	10	54	15	52	20	45
Hsa-Mir-3940_3p	41	8	165	17	79	73	121	25
Hsa-Mir-3940_5p*	19	11	53					
Hsa-Mir-3942_3p*			7		4			
Hsa-Mir-3942_5p	1	3			3	51	29	1
Hsa-Mir-3944_3p*		9	52	5	9	35	26	
Hsa-Mir-3944_5p			12	41	11	10	10	
Hsa-Mir-423_3p	66059	1143	146725	37964	84451	126649	162310	155308
Hsa-Mir-423_5p	158778	946	201956	56566	70036	165887	165574	211073
Hsa-Mir-425_3p*	521	77	4162	1914	2886	2936	3898	2217
Hsa-Mir-425_5p	9880	335	30275	9371	23357	26027	33608	29287
Hsa-Mir-430-P1_3p			1	38		2	47	
Hsa-Mir-430-P1_5p*	52	1	18	46	26	16	143	85
Hsa-Mir-430-P11a_5p		1	116	73	135	148	200	45
Hsa-Mir-430-P11b_5p		1	116	73	135	148	200	45
Hsa-Mir-430-P13_5p				3	12	41	32	92
Hsa-Mir-430-P14_5p				3	12	41	47	
Hsa-Mir-430-P15a_3p	102		56	18	36	51	44	234
Hsa-Mir-430-P15b_3p	102		56	18	36	51	44	234
Hsa-Mir-430-P15c_3p					13	30		1
Hsa-Mir-430-P19_5p*		1						
Hsa-Mir-430-P2_3p		2	1	171	25	6	222	
Hsa-Mir-430-P2_5p*				1				
Hsa-Mir-430-P20_3p					19		10	
Hsa-Mir-430-P20_5p*		1		1	4			1
Hsa-Mir-430-P21_3p				1				
Hsa-Mir-430-P23_5p	1		8	1	13		6	1
Hsa-Mir-430-P25_3p*				1		6		
Hsa-Mir-430-P25_5p	55		91	3	61	67	79	1
Hsa-Mir-430-P26_3p				1		6		
Hsa-Mir-430-P26_5p*					8		25	
Hsa-Mir-430-P27_5p	1		8	1	13		6	1
Hsa-Mir-430-P28_3p		1						
Hsa-Mir-430-P28_5p*	1		8	1	13		6	1
Hsa-Mir-430-P29_3p				1				
Hsa-Mir-430-P29_5p*		6		1		3	2	
Hsa-Mir-430-P3_3p				12			36	
Hsa-Mir-430-P3_5p*				3			5	
Hsa-Mir-430-P31_3p			10			13		1
Hsa-Mir-430-P32_5p*					8		25	
Hsa-Mir-430-P34_3p				2				
Hsa-Mir-430-P34_5p*				1				
Hsa-Mir-430-P35_5p*		1						
Hsa-Mir-430-P36_5p*		7	39	2	41	27		
Hsa-Mir-430-P37a_3p				9				
Hsa-Mir-430-P37b_3p				9	1		3	
Hsa-Mir-430-P39a_3p				2	3			
Hsa-Mir-430-P39a_5p*				7				
Hsa-Mir-430-P39b_3p				2	3			
Hsa-Mir-430-P39b_5p*		1						
Hsa-Mir-430-P4_3p		3		30	1	19	36	
Hsa-Mir-430-P4_5p*				2				
Hsa-Mir-430-P41_3p	171	3	258	48	442	329	443	450
Hsa-Mir-430-P41_5p*	1		8	1	13		6	1
Hsa-Mir-430-P42_3p			4					
Hsa-Mir-430-P42_5p*	1		8	1	13		6	1
Hsa-Mir-430-P44_5p				4			20	
Hsa-Mir-430-P47_5p		2		3				
Hsa-Mir-430-P49_5p			21	3	49	13	58	
Hsa-Mir-430-P5_5p	33		9				12	
Hsa-Mir-430-P50_3p*			1	3			23	
Hsa-Mir-430-P50_5p			21	3	49	13	58	
Hsa-Mir-430-P6_3p		3		13				
Hsa-Mir-430-P7_3p			3					
Hsa-Mir-430-P7_5p*	1				1			
Hsa-Mir-430-P9a_3p*				1		19	14	
Hsa-Mir-430-P9a_5p		1			7			
Hsa-Mir-430-P9b_3p*				1		19	14	
Hsa-Mir-430-P9b_5p		1			7			
Hsa-Mir-431_3p*	106	62	998	95	567	835	1078	719
Hsa-Mir-431_5p	194	3	687	210	778	383	831	382
Hsa-Mir-432_3p*			14				19	
Hsa-Mir-432_5p	3957	205	9272	4906	8652	22074	20439	19710
Hsa-Mir-433_3p	7856	150	15864	8543	16035	29800	37800	39222
Hsa-Mir-433_5p*	94	1	498	193	474	556	889	662
Hsa-Mir-4424_3p				4		12		
Hsa-Mir-448_3p	60	2	210	57	181	342	378	222
Hsa-Mir-448_5p*		3		25	43	28	77	56
Hsa-Mir-450-P1_3p*			151	17	49	84	60	383
Hsa-Mir-450-P1_5p	1094	8	2560	798	2032	1288	2848	1442
Hsa-Mir-450-P2_3p*	273		224	81	141	124	155	231
Hsa-Mir-450-P2_5p	1094	8	2560	799	2034	1267	2859	1442
Hsa-Mir-450-P3_5p	1683	10	2494	934	2202	2505	4332	4883
Hsa-Mir-451_5p	10258	25	50387	22373	84269	48827	74403	52444
Hsa-Mir-452-v1_3p*	40		345	176	467	399	580	190
Hsa-Mir-452-v1_5p	449	24	2029	443	1083	1077	1216	983
Hsa-Mir-452-v2_3p*	40		345	176	467	399	580	190
Hsa-Mir-452-v2_5p	449	24	2029	443	1083	1077	1216	983
Hsa-Mir-4524_3p				1			6	
Hsa-Mir-455_3p*	2847	41	16079	6257	10760	5012	8493	6573
Hsa-Mir-455_5p	240	16	567	389	592	391	313	350
Hsa-Mir-459_3p*		1						
Hsa-Mir-459_5p			11		6			
Hsa-Mir-4637_3p	1							
Hsa-Mir-4637_5p*		1						
Hsa-Mir-4661_3p*					1	26		
Hsa-Mir-4661_5p	378	2	49	110	22	66	59	144
Hsa-Mir-4662_3p*		1	23	3	7	35	13	
Hsa-Mir-4662_5p	498	5	1114	793	1061	810	834	1622
Hsa-Mir-4664_3p		2	20		4	15	13	
Hsa-Mir-4677_3p		1	64	26	63	151	150	156
Hsa-Mir-4677_5p*		1	12	7		21		
Hsa-Mir-4731_3p				4		9	30	
Hsa-Mir-4731_5p			12	8		35	36	
Hsa-Mir-4766_3p				2			33	
Hsa-Mir-4766_5p				3				
Hsa-Mir-483_3p*	52	4	255	58	156	163	283	107
Hsa-Mir-483_5p	159	71	111	44	42	474	221	91
Hsa-Mir-486_3p*	18		349	59	197	334	235	161
Hsa-Mir-486_5p	6871	67	11077	6639	10827	18711	19823	21499
Hsa-Mir-488_3p	403	5	1252	478	2045	1929	1991	2196
Hsa-Mir-488_5p	77	3	179	66	291	418	217	348
Hsa-Mir-489-v1_3p	305	23	2047	1002	1016	666	1127	1016
Hsa-Mir-489-v2_3p	305	23	2047	1002	1016	666	1127	1016
Hsa-Mir-490_3p	25	1	173	40	159	85	154	65
Hsa-Mir-490_5p*	66	2	172	87	421	210	296	256
Hsa-Mir-491_3p*	11	3	77	17	105	58	83	233
Hsa-Mir-491_5p	12	26	509	111	491	666	621	551
Hsa-Mir-493_3p*		5	99	37	113	161	127	160
Hsa-Mir-493_5p	589	6	878	339	887	2079	1867	2227
Hsa-Mir-498_5p	2	2	36			18	15	24
Hsa-Mir-499_3p*	35			3	18		3	46
Hsa-Mir-499_5p	778	2	2868	1182	5074	4558	5458	4167
Hsa-Mir-5010_3p	181	25	540	224	416	618	585	441
Hsa-Mir-5010_5p*	148	5	128	18	25	86	137	
Hsa-Mir-504-v1_3p*		6	25	1		28	7	
Hsa-Mir-504-v1_5p	2574	22	10176	3279	7182	10923	12425	7864
Hsa-Mir-504-v2_3p*		6	25	1		28	7	
Hsa-Mir-504-v2_5p	2574	22	10176	3279	7182	10923	12425	7864
Hsa-Mir-505-v1_3p*	5652	217	22945	8570	11361	11526	15486	10234
Hsa-Mir-505-v1_5p	68	16	417	128	151	398	305	460
Hsa-Mir-505-v2_3p*	5652	217	22945	8570	11361	11526	15486	10234
Hsa-Mir-505-v2_5p	68	16	417	128	151	398	305	460
Hsa-Mir-506-P1_3p	306	5	63	108	205	152	118	113
Hsa-Mir-506-P1_5p		3	14	16	2		6	
Hsa-Mir-506-P10_3p*	43	1			6	1	44	
Hsa-Mir-506-P10_5p			65	51	191	38	148	115
Hsa-Mir-506-P11_3p	34	3	289	196	138	306	322	267
Hsa-Mir-506-P11_5p*	13	1	30	17	50	43	31	16
Hsa-Mir-506-P12_3p	44		75	41	54	50	66	
Hsa-Mir-506-P13_3p		1	3	2	7	9	17	
Hsa-Mir-506-P13_5p		1		1			3	
Hsa-Mir-506-P3_3p	424	9	887	368	673	795	890	768
Hsa-Mir-506-P3_5p*	158	7	437	120	177	112	279	70
Hsa-Mir-506-P4a1_3p	791	12	819	554	454	502	809	360
Hsa-Mir-506-P4a1_5p*	20	2		37	60	87	58	
Hsa-Mir-506-P4a2_3p	791	12	819	554	454	502	809	360
Hsa-Mir-506-P4a2_5p*	20	2		37	60	87	58	
Hsa-Mir-506-P4b_3p	791	12	819	554	454	502	809	360
Hsa-Mir-506-P4b_5p*	66	3	211	143	241	276	277	178
Hsa-Mir-506-P5_3p*		1					5	
Hsa-Mir-506-P5_5p	29	5	139	124	89	161	53	
Hsa-Mir-506-P6a1_3p*			9		6		38	
Hsa-Mir-506-P6a1_5p	377	12	796	314	283	398	796	323
Hsa-Mir-506-P6a2_3p*			9		6		38	
Hsa-Mir-506-P6a2_5p	377	12	796	314	283	398	796	323
Hsa-Mir-506-P6b_3p*				2				
Hsa-Mir-506-P6b_5p	280	4	569	185	217	141	265	332
Hsa-Mir-506-P6c_3p*			9		6		38	
Hsa-Mir-506-P6c_5p	410	9	312	249	302	456	371	432
Hsa-Mir-506-P7a_3p	1011	7	1183	1149	1215	387	1134	743
Hsa-Mir-506-P7a_5p*	120	5	298	380	244	156	360	66
Hsa-Mir-506-P7b_3p	2022	7	2366	2298	2430	774	2268	1486
Hsa-Mir-506-P7b_5p*	240	5	596	760	488	312	720	132
Hsa-Mir-506-P7c_3p	2022	7	2366	2298	2430	774	2268	1486
Hsa-Mir-506-P7c_5p*	240	5	596	760	488	312	720	132
Hsa-Mir-506-P8_3p*	1	2	12	9	6		9	2
Hsa-Mir-506-P8_5p		15	261	132	185	120	146	74
Hsa-Mir-506-P9_3p*			14		5			
Hsa-Mir-506-P9_5p	1710	35	3543	1037	1818	3510	3571	3451
Hsa-Mir-511_3p				1	1		11	
Hsa-Mir-511_5p	20		40	24	94	29	111	
Hsa-Mir-541_3p*	32	2	47	11	88	239	99	312
Hsa-Mir-541_5p		1	18	8	14	16	37	55
Hsa-Mir-542-v1_3p	1310	16	2162	1056	3287	2314	2891	3017
Hsa-Mir-542-v1_5p*	92		39	27	108	135	159	81
Hsa-Mir-542-v2_3p	1310	15	2162	1056	3287	2314	2891	3017
Hsa-Mir-542-v2_5p*			28	12	21	70	57	53
Hsa-Mir-544_3p*		1					4	
Hsa-Mir-544_5p	63	2						
Hsa-Mir-550-P1_3p			24	26	49	84	37	39
Hsa-Mir-550-P1_5p*	5	3	265	113	262	445	353	274
Hsa-Mir-550-P2_3p			24	26	49	84	37	39
Hsa-Mir-550-P2_5p*	5	3	265	113	262	445	353	274
Hsa-Mir-550-P3_3p			24	26	49	84	37	39
Hsa-Mir-550-P3_5p*	5	4	195	65	125	245	133	127
Hsa-Mir-551-P1_3p			5	8				
Hsa-Mir-551-P1_5p*		1						
Hsa-Mir-551-P2_3p			81	54	131	105	95	128
Hsa-Mir-551-P2_5p*	2	8	40	47	32	26	79	83
Hsa-Mir-552_3p			34	2		17		
Hsa-Mir-552_5p*		1	33	8	38		10	54
Hsa-Mir-556_3p		1	53	56	165	127	160	10
Hsa-Mir-556_5p	13	2	87	78	165	169	186	82
Hsa-Mir-5579_3p		1				11		
Hsa-Mir-5579_5p*			24		19			
Hsa-Mir-5581_3p	23		73	74	26	21	55	98
Hsa-Mir-5581_5p*		1		1				
Hsa-Mir-5586_3p*							24	
Hsa-Mir-5586_5p	92	3	13	24	50	19	23	219
Hsa-Mir-561_3p*					1			
Hsa-Mir-561_5p							10	
Hsa-Mir-5683_5p		1	21	4	52		17	
Hsa-Mir-5687_5p		1		1	9			
Hsa-Mir-574_3p	4979	74	24327	8822	16419	15316	17717	17681
Hsa-Mir-574_5p*		1063						
Hsa-Mir-576_3p*		6	20	1		49		
Hsa-Mir-576_5p	226	12	581	188	482	807	732	437
Hsa-Mir-577_3p*			90	33	67	131	125	99
Hsa-Mir-577_5p	756	9	2259	605	1783	2455	2396	2640
Hsa-Mir-579_3p*		1	47	7	13	17	46	
Hsa-Mir-579_5p		2		7	16	1	15	
Hsa-Mir-580_3p				4	25		19	
Hsa-Mir-582_3p	474	20	819	290	823	1616	1366	1683
Hsa-Mir-582_5p*	379	37	2567	767	1877	2093	2438	2450
Hsa-Mir-584_3p*			55	5	13			25
Hsa-Mir-584_5p	11274	122	19890	7951	12420	28374	28503	40195
Hsa-Mir-585_3p	34	1	103	15	33	136	109	28
Hsa-Mir-585_5p*		1					23	
Hsa-Mir-589_3p*	9	4	239	109	78	51	197	27
Hsa-Mir-589_5p	413	12	1835	280	734	955	1139	1268
Hsa-Mir-590_3p	442	10	1831	937	2631	1576	2252	1773
Hsa-Mir-590_5p*			7	9	22			25
Hsa-Mir-592_3p*			1	2				
Hsa-Mir-592_5p	254	10	1189	294	1049	1112	1236	628
Hsa-Mir-597_3p		3		3	75	48	15	92
Hsa-Mir-597_5p*						1	25	
Hsa-Mir-598_3p	2361	67	15717	6169	12909	14158	15571	12458
Hsa-Mir-598_5p*	10	4	42	7	21		25	
Hsa-Mir-599_3p*							2	
Hsa-Mir-599_5p	89	7	28	26	6	18	129	77
Hsa-Mir-605-v1_3p			9	6	63		36	27
Hsa-Mir-605-v1_5p*			53	8		11	19	56
Hsa-Mir-605-v2_3p			9	6	63		36	27
Hsa-Mir-605-v2_5p*			53	8		11	19	56
Hsa-Mir-615_3p	2849	76	6816	2370	3222	2785	4289	3432
Hsa-Mir-615_5p*	15	1	14	10	4		15	18
Hsa-Mir-616_3p*	338	10	106	31	97	352	337	174
Hsa-Mir-616_5p	56		111	94	170	105	170	17
Hsa-Mir-624_3p*					26	13	49	
Hsa-Mir-624_5p	35		6	7	12	10		73
Hsa-Mir-628_3p	4019	72	3965	1534	3079	5924	5456	8120
Hsa-Mir-628_5p	542	22	2410	1200	4652	3946	5426	3801
Hsa-Mir-629_3p*	108	4	142	66	55	213	131	79
Hsa-Mir-629_5p	1154	23	2617	649	1437	2397	2420	1948
Hsa-Mir-642_3p	214	14	443	222	333	689	545	606
Hsa-Mir-642_5p	246	7	720	119	163	361	222	245
Hsa-Mir-642-as_3p*		2	70	65	11	60	5	3
Hsa-Mir-642-as_5p	1	7	37	48	28	1	24	42
Hsa-Mir-651_3p*		4						
Hsa-Mir-651_5p	1625	8	711	325	746	911	1158	1319
Hsa-Mir-652_3p	15359	135	50796	15397	38120	27532	39547	33555
Hsa-Mir-652_5p*		16	145	36	69	23	93	92
Hsa-Mir-6529_5p		1						
Hsa-Mir-653_3p*	242	2	1011	320	731	591	803	735
Hsa-Mir-653_5p	975	2	1976	930	1175	1833	2098	1415
Hsa-Mir-670_3p		1						
Hsa-Mir-671_3p	598	15	2574	771	1314	2384	1752	2120
Hsa-Mir-671_5p	185	71	1560	357	980	976	1066	1155
Hsa-Mir-6715_3p			1	1		25	30	
Hsa-Mir-6715_5p*		1				1	1	
Hsa-Mir-675_3p			9	3			6	
Hsa-Mir-675_5p*	3	2			1		6	
Hsa-Mir-676_3p	85	10	97	64	129	219	208	292
Hsa-Mir-676_5p*			10	4	27	3	19	
Hsa-Mir-7-P1_3p*	213	3	1619	704	1848	1353	1884	1180
Hsa-Mir-7-P1_5p	43374	732	140473	28332	171355	215050	337354	347829
Hsa-Mir-7-P2_3p*			82	59	176	108	73	25
Hsa-Mir-7-P2_5p	45952	727	145778	29269	174742	223218	348163	359793
Hsa-Mir-7-P3_3p*	53		150	85	120	396	237	473
Hsa-Mir-7-P3_5p	43358	731	139942	28293	170992	214226	336321	346574
Hsa-Mir-7151_3p	30	2	102	25	111	103	137	79
Hsa-Mir-7151_5p	32	1	52	8	44		32	20
Hsa-Mir-744_3p*	158	15	305	87	222	118	310	172
Hsa-Mir-744_5p	2520	38	15505	6624	10973	13906	16284	8436
Hsa-Mir-760_3p	782	42	3730	1253	2597	4192	5219	3083
Hsa-Mir-760_5p*				3				
Hsa-Mir-766_3p	211	11	473	177	517	353	480	498
Hsa-Mir-766_5p*	8	5	48	37	25	12	93	70
Hsa-Mir-769_3p*	86	12	563	167	401	654	644	330
Hsa-Mir-769_5p	5956	148	27857	8658	15019	27292	38079	23511
Hsa-Mir-770_3p*	22	9	150	32	73	139	338	50
Hsa-Mir-770_5p		15	254	33	62	220	172	194
Hsa-Mir-7854_3p	19	1	75	5	97	5	102	44
Hsa-Mir-7854_5p*		1			3			
Hsa-Mir-8-P1a_3p	64869	403	228066	89425	155917	143004	178164	145062
Hsa-Mir-8-P1a_5p*	4347	90	7629	4674	5358	8967	10439	11514
Hsa-Mir-8-P1b_3p	20662	283	44958	21217	48690	34543	42616	47515
Hsa-Mir-8-P1b_5p*	61	1	112	33	166	108	187	90
Hsa-Mir-8-P2a_3p	286044	1629	725710	317131	444257	520680	608626	610093
Hsa-Mir-8-P2a_5p*	19395	148	26457	12303	16094	29118	29777	39389
Hsa-Mir-8-P2b_3p	222712	1271	650335	292504	427695	489069	553135	680866
Hsa-Mir-8-P2b_5p*			32	13	42	89	59	104
Hsa-Mir-8-P3a_3p	27792	102	85638	51368	107535	79625	96836	69228
Hsa-Mir-8-P3a_5p*				3				
Hsa-Mir-873-v1_3p	75	6	225	82	215	439	304	341
Hsa-Mir-873-v1_5p	138	2	751	190	921	768	1013	501
Hsa-Mir-873-v2_3p*	75	6	225	82	215	439	304	341
Hsa-Mir-873-v2_5p	138	2	751	190	921	768	1013	501
Hsa-Mir-874_3p	4153	281	15415	5411	9077	10300	11356	11800
Hsa-Mir-874_5p*	38	5	202	38	133	180	64	176
Hsa-Mir-875_5p		2			7			13
Hsa-Mir-876_3p	56	1	348	115	628	289	938	965
Hsa-Mir-876_5p*							28	
Hsa-Mir-885_3p*	164	18	891	356	494	1115	1278	985
Hsa-Mir-885_5p	4772	28	18042	7629	14880	27794	27308	21351
Hsa-Mir-887_3p	106	28	557	115	415	453	444	524
Hsa-Mir-887_5p	61	4	74	24	82	54	199	149
Hsa-Mir-9-P1_3p*	178223	427	328064	127537	414284	531538	612100	601606
Hsa-Mir-9-P1_5p	773992	1220	1864042	603681	1477551	3164283	3361969	3728188
Hsa-Mir-9-P2_3p*	178223	427	328064	127537	414284	531538	612100	601606
Hsa-Mir-9-P2_5p	773992	1220	1864025	603682	1477537	3164317	3361969	3728213
Hsa-Mir-9-P3_3p*	168295	426	301751	119413	395235	502046	577638	573989
Hsa-Mir-9-P3_5p	772956	1228	1862952	603356	1474971	3158423	3353620	3697853
Hsa-Mir-92-P1a_3p	590686	1735	765335	268514	342100	745734	744723	1319412
Hsa-Mir-92-P1a_5p*	717	31	594	379	444	637	1059	635
Hsa-Mir-92-P1b_3p	553036	1724	703732	254156	323337	701560	698383	1223603
Hsa-Mir-92-P1b_5p*	295	15	102	8	98	28	158	171
Hsa-Mir-92-P1c_3p	57463	999	104209	35993	50541	104994	95921	139780
Hsa-Mir-92-P1c_5p*	994	83	1270	811	420	1118	1303	803
Hsa-Mir-92-P2a_3p				7			6	
Hsa-Mir-92-P2b_3p	7249	85	31754	7217	31083	18139	25807	32202
Hsa-Mir-92-P2b_5p*	41	9	232	54	69	95	138	200
Hsa-Mir-92-P2c_3p	24008	281	64822	28504	46976	68475	62364	85251
Hsa-Mir-92-P2c_5p*	295	14	526	309	285	402	462	407
Hsa-Mir-934_3p*	92	33	1464	317	1064	621	763	819
Hsa-Mir-934_5p	399	58	2855	1592	1514	1800	1916	1900
Hsa-Mir-935-v1_3p	394	12	1201	522	1550	2061	2417	1679
Hsa-Mir-935-v1_5p*		7	51	8	8	25	16	66
Hsa-Mir-935-v2_3p	394	12	1201	522	1550	2061	2417	1679
Hsa-Mir-935-v2_5p*		7	51	8	8	25	16	66
Hsa-Mir-944_3p	229	17	305	46	175	321	199	193
Hsa-Mir-95-P1_3p	24019	114	46498	14531	40951	59190	72638	95823
Hsa-Mir-95-P1_5p*					4		4	
Hsa-Mir-95-P2_3p	1868	201	7708	3744	8219	9644	11579	8163
Hsa-Mir-95-P2_5p*		2		2	21		17	
Hsa-Mir-95-P3-v1_3p*			4	2	19			
Hsa-Mir-95-P3-v1_5p		1	18	3	23	25	84	20
Hsa-Mir-95-P3-v2_3p*			4	2	19			
Hsa-Mir-95-P3-v2_5p		1	18	3	23	25	84	20
Hsa-Mir-95-P4_3p					16	14	14	
Hsa-Mir-95-P4_5p*	3		95	22	76	140	100	349
Hsa-Mir-96-P1_3p*				1				34
Hsa-Mir-96-P1_5p	1443	42	1556	681	1409	1279	1385	1888
Hsa-Mir-96-P2_3p*			72	3	18			
Hsa-Mir-96-P2_5p	181749	665	73797	35010	60058	147762	139056	336033
Hsa-Mir-96-P3-v1_3p*	50	1	427	117	252	80	244	143
Hsa-Mir-96-P3-v1_5p	107576	247	33414	19351	29652	71088	68444	162952
Hsa-Mir-96-P3-v2_3p*	50	1	427	117	252	80	244	143
Hsa-Mir-96-P3-v2_5p	107576	247	33414	19351	29651	71088	68416	162952
Hsa-Mir-9851_5p*		1			10			14

