sample	batch	variable	value
32151640_EXO_S32	180322-190603	readsPerc	74.96795142443226
32151675_EXO_S28	180322-190603	readsPerc	77.14971288843395
32151681_EXO_S21	180322-190603	readsPerc	80.48107599947592
32151161_EXO_S19	180322-190603	readsPerc	80.56620584841234
32151113_EXO_S24	180322-190603	readsPerc	58.65069876028568
32140243_EXO_S2	180322-190603	readsPerc	79.56269501757622
32150300_EXO_S4	180322-190603	readsPerc	79.09981854482686
32151662_EXO_S25	180322-190603	readsPerc	68.52375237171597
32150296_EXO_S34	180322-190603	readsPerc	73.81594404658883
32151649_EXO_S7	180322-190603	readsPerc	81.5818428576399
32151808_EXO_S16	180322-190603	readsPerc	82.34152401719346
32152166_EXO_S8	180322-190603	readsPerc	85.00249140183746
180322-190603_Brain_S36	180322-190603	readsPerc	86.63982030831139
32150759_EXO_S26	180322-190603	readsPerc	75.40328089231627
32151206_EXO_S12	180322-190603	readsPerc	81.47105530562953
32151872_EXO_S27	180322-190603	readsPerc	75.90519616907443
32152211_EXO_S35	180322-190603	readsPerc	78.7776029297911
32151109_EXO_S17	180322-190603	readsPerc	77.41375278498504
32152477_EXO_S29	180322-190603	readsPerc	81.34733797489802
32151201_EXO_S23	180322-190603	readsPerc	79.92027871812334
32141753_EXO_S10	180322-190603	readsPerc	82.65945823515973
32150101_EXO_S3	180322-190603	readsPerc	76.57813443962826
32151828_EXO_S15	180322-190603	readsPerc	83.8791196308769
32152118_EXO_S1	180322-190603	readsPerc	75.14822639141254
32151204_EXO_S9	180322-190603	readsPerc	82.34174090324143
32151684_EXO_S13	180322-190603	readsPerc	80.68862552228406
32150228_EXO_S18	180322-190603	readsPerc	84.7185677660793
32152206_EXO_S33	180322-190603	readsPerc	68.66579787647409
32151642_EXO_S5	180322-190603	readsPerc	88.89413319158483
32151157_EXO_S31	180322-190603	readsPerc	75.55660236573141
32151086_EXO_S6	180322-190603	readsPerc	80.96627381463138
32150688_EXO_S20	180322-190603	readsPerc	82.43585005059079
32151947_EXO_S11	180322-190603	readsPerc	81.94652991644602
32151680_EXO_S22	180322-190603	readsPerc	81.87960809875473
32150301_EXO_S14	180322-190603	readsPerc	85.00518436912708
32150744_EXO_S30	180322-190603	readsPerc	69.81986853228494
32160475_EXO_S26	180626-180628-190531	readsPerc	71.12350076439017
32161242_EXO_S7	180626-180628-190531	readsPerc	70.55823114302488
32160187_EXO_S9	180626-180628-190531	readsPerc	66.04014449268608
32160696_EXO_S3	180626-180628-190531	readsPerc	77.2354661249681
32151244_EXO_S30	180626-180628-190531	readsPerc	76.71596091502829
180626-180628-190531_Brain_S32	180626-180628-190531	readsPerc	83.22143758210923
32161406_EXO_S4	180626-180628-190531	readsPerc	78.32992089596297
32160790_EXO_S27	180626-180628-190531	readsPerc	67.6516342636436
32152197_EXO_S12	180626-180628-190531	readsPerc	63.487633088605456
32150184_EXO_S18	180626-180628-190531	readsPerc	72.05193890366574
32161462_EXO_S13	180626-180628-190531	readsPerc	63.161584207186884
32151184_EXO_S8	180626-180628-190531	readsPerc	72.59654090875168
32151974_EXO_S24	180626-180628-190531	readsPerc	84.66140851235816
32160074_EXO_S17	180626-180628-190531	readsPerc	68.08102804064933
32151031_EXO_S19	180626-180628-190531	readsPerc	65.91564995765233
32151484_EXO_S11	180626-180628-190531	readsPerc	67.97453238279691
32151694_EXO_S10	180626-180628-190531	readsPerc	67.1159662754276
32160668_EXO_S16	180626-180628-190531	readsPerc	70.62000558065485
32152356_EXO_S21	180626-180628-190531	readsPerc	60.73728547153428
32151971_EXO_S23	180626-180628-190531	readsPerc	69.41262870306028
32160196_EXO_S22	180626-180628-190531	readsPerc	79.48986601979075
32151750_EXO_S14	180626-180628-190531	readsPerc	67.97745272154164
32150887_EXO_S28	180626-180628-190531	readsPerc	77.50297126747734
32150225_EXO_S2	180626-180628-190531	readsPerc	74.61242477760287
32152444_EXO_S25	180626-180628-190531	readsPerc	66.01902565288438
32140237_EXO_S31	180626-180628-190531	readsPerc	68.004961804281
32150168_EXO_S6	180626-180628-190531	readsPerc	74.58361094783727
32152194_EXO_S15	180626-180628-190531	readsPerc	71.86090522447427
32151686_EXO_S20	180626-180628-190531	readsPerc	79.43253123557494
32161248_EXO_S29	180626-180628-190531	readsPerc	67.12267024534451
32161349_EXO_S5	180626-180628-190531	readsPerc	75.12140703334555
32150855_EXO_S1	180626-180628-190531	readsPerc	76.0279221194979
32152388_EXO_S22	180726-190530	readsPerc	69.67252015466943
32170641_EXO_S35	180726-190530	readsPerc	70.00518125005692
32160652_EXO_S28	180726-190530	readsPerc	71.48477370169633
32152480_EXO_S3	180726-190530	readsPerc	73.78613660570342
32170419_EXO_S34	180726-190530	readsPerc	71.60075476541523
32160008_EXO_S24	180726-190530	readsPerc	72.84151025880433
32151370_EXO_S14	180726-190530	readsPerc	77.88753718637733
32150690_EXO_S2	180726-190530	readsPerc	74.10364392954486
180726-190530_Brain_S36	180726-190530	readsPerc	81.13710183943655
32151510_EXO_S15	180726-190530	readsPerc	75.78815259841994
32160118_EXO_S26	180726-190530	readsPerc	75.86520900026916
32150162_EXO_S11	180726-190530	readsPerc	69.48774343527803
32151633_EXO_S16	180726-190530	readsPerc	72.30973950186062
32152263_EXO_S7	180726-190530	readsPerc	51.77917581040754
32152081_EXO_S18	180726-190530	readsPerc	72.47225830225675
32152276_EXO_S21	180726-190530	readsPerc	76.97847391717654
32160740_EXO_S29	180726-190530	readsPerc	74.62728702842534
32152259_EXO_S20	180726-190530	readsPerc	73.90533801203973
32160002_EXO_S23	180726-190530	readsPerc	69.7620067040292
32161448_EXO_S32	180726-190530	readsPerc	66.00007203485482
32152082_EXO_S19	180726-190530	readsPerc	73.22969828870941
32152019_EXO_S17	180726-190530	readsPerc	72.66646204153524
32161241_EXO_S31	180726-190530	readsPerc	72.33247619084212
32170071_EXO_S33	180726-190530	readsPerc	72.86245970707635
32141754_EXO_S5	180726-190530	readsPerc	78.69077538215129
32150091_EXO_S1	180726-190530	readsPerc	70.12925023691909
32160964_EXO_S30	180726-190530	readsPerc	68.22909096731759
32160619_EXO_S27	180726-190530	readsPerc	70.10086181352658
32151247_EXO_S13	180726-190530	readsPerc	66.6291954476658
32150880_EXO_S12	180726-190530	readsPerc	64.65661317626882
32151523_EXO_S6	180726-190530	readsPerc	67.4857545783279
32141765_EXO_S9	180726-190530	readsPerc	78.89166926702032
32150158_EXO_S10	180726-190530	readsPerc	71.86509583136682
32140235_EXO_S8	180726-190530	readsPerc	69.00472051390757
32160071_EXO_S25	180726-190530	readsPerc	73.20679827771285
32151648_EXO_S4	180726-190530	readsPerc	77.63833560829075
32152253_EXO_S33	180913-190529	readsPerc	29.397226266279954
180913-190529_Brain_S36	180913-190529	readsPerc	67.25762000610992
32151859_EXO_S28	180913-190529	readsPerc	26.933680748647582
32150292_EXO_S9	180913-190529	readsPerc	82.25317311676902
32152341_EXO_S35	180913-190529	readsPerc	25.70405780007154
32151226_EXO_S21	180913-190529	readsPerc	75.98037329021865
32150013_EXO_S3	180913-190529	readsPerc	31.113747513025046
32150698_EXO_S12	180913-190529	readsPerc	73.32559850275115
32151984_EXO_S30	180913-190529	readsPerc	43.204382109507335
32152084_EXO_S31	180913-190529	readsPerc	34.22204366989863
32150243_EXO_S8	180913-190529	readsPerc	26.409070465085065
32151180_EXO_S20	180913-190529	readsPerc	78.37620535557343
32141643_EXO_S1	180913-190529	readsPerc	30.55177207437773
32141786_EXO_S2	180913-190529	readsPerc	24.83695891425621
32150076_EXO_S4	180913-190529	readsPerc	23.947258302475166
32150849_EXO_S15	180913-190529	readsPerc	84.90620383522447
32151444_EXO_S22	180913-190529	readsPerc	41.35342789412811
32150163_EXO_S7	180913-190529	readsPerc	26.725179736265275
32151565_EXO_S23	180913-190529	readsPerc	23.657246735193652
32151026_EXO_S17	180913-190529	readsPerc	69.71312622736612
32150825_EXO_S13	180913-190529	readsPerc	73.27725048208082
32152273_EXO_S34	180913-190529	readsPerc	29.866112897883074
32151691_EXO_S25	180913-190529	readsPerc	27.709792232402584
32150844_EXO_S14	180913-190529	readsPerc	79.94604826219631
32150424_EXO_S10	180913-190529	readsPerc	79.58355247002653
32152094_EXO_S32	180913-190529	readsPerc	26.695459702453586
32151125_EXO_S18	180913-190529	readsPerc	78.20162289198424
32150080_EXO_S5	180913-190529	readsPerc	25.148906701646123
32151765_EXO_S27	180913-190529	readsPerc	23.116445418856056
32151881_EXO_S29	180913-190529	readsPerc	26.506083657561085
32150696_EXO_S11	180913-190529	readsPerc	80.18704968835493
32151725_EXO_S26	180913-190529	readsPerc	29.948974602300716
32150993_EXO_S16	180913-190529	readsPerc	78.49133533061189
32150147_EXO_S6	180913-190529	readsPerc	27.10086410301358
32151667_EXO_S24	180913-190529	readsPerc	27.98550877558208
32151152_EXO_S19	180913-190529	readsPerc	74.15085201761076
180919-190527_Brain_S35	180919-190527	readsPerc	82.46798949747462
32160466_EXO_S13	180919-190527	readsPerc	46.50392428297145
32160120_EXO_S8	180919-190527	readsPerc	43.65989743642174
32160246_EXO_S10	180919-190527	readsPerc	46.38532752342746
32170365_EXO_S26	180919-190527	readsPerc	52.26537013362977
32170367_EXO_S27	180919-190527	readsPerc	48.82847239474495
32152451_EXO_S5	180919-190527	readsPerc	52.3371248144718
32161246_EXO_S18	180919-190527	readsPerc	39.477823654227436
32170368_EXO_S28	180919-190527	readsPerc	41.66631706552235
32170400_EXO_S30	180919-190527	readsPerc	46.888000163303225
32160472_EXO_S14	180919-190527	readsPerc	46.94927799117954
32160241_EXO_S9	180919-190527	readsPerc	46.957432120928374
32152359_EXO_S1	180919-190527	readsPerc	43.93595489364169
32161415_EXO_S22	180919-190527	readsPerc	48.69467865404764
32161252_EXO_S19	180919-190527	readsPerc	33.86238444963045
32170381_EXO_S29	180919-190527	readsPerc	49.8250760570903
32152366_EXO_S2	180919-190527	readsPerc	49.06372858605471
32150043_EXO_S34	180919-190527	readsPerc	53.501101034755436
32170453_EXO_S31	180919-190527	readsPerc	45.611836118558934
32170276_EXO_S24	180919-190527	readsPerc	49.05706130276625
32152381_EXO_S3	180919-190527	readsPerc	45.29011385864634
32161367_EXO_S21	180919-190527	readsPerc	43.89656670938697
32160457_EXO_S12	180919-190527	readsPerc	45.66413563429848
32152446_EXO_S4	180919-190527	readsPerc	47.71290937369257
32160782_EXO_S17	180919-190527	readsPerc	47.80207708754399
32160083_EXO_S7	180919-190527	readsPerc	44.45186543166701
32170613_EXO_S32	180919-190527	readsPerc	39.06024100437548
32160323_EXO_S11	180919-190527	readsPerc	51.05989131503058
32170644_EXO_S33	180919-190527	readsPerc	47.34498941764579
32160600_EXO_S15	180919-190527	readsPerc	47.29027984751075
32161358_EXO_S20	180919-190527	readsPerc	37.18405560900855
32160028_EXO_S6	180919-190527	readsPerc	48.814873429714154
32160766_EXO_S16	180919-190527	readsPerc	38.51891318146519
32170346_EXO_S25	180919-190527	readsPerc	45.91494995095763
32170068_EXO_S23	180919-190527	readsPerc	36.90888800833201
32160009_EXO_S30	181003-190524	readsPerc	70.20036344472926
32152260_EXO_S26	181003-190524	readsPerc	68.29883849344392
32152408_EXO_S29	181003-190524	readsPerc	82.51656248862317
32160078_EXO_S32	181003-190524	readsPerc	72.81520048763716
32150179_EXO_S2	181003-190524	readsPerc	72.36359344048302
32160080_EXO_S33	181003-190524	readsPerc	74.56263959953058
32150313_EXO_S5	181003-190524	readsPerc	73.07777700177537
32151181_EXO_S16	181003-190524	readsPerc	65.27119469078757
32151178_EXO_S15	181003-190524	readsPerc	64.01639696540221
32152087_EXO_S24	181003-190524	readsPerc	63.07337714974298
32151988_EXO_S22	181003-190524	readsPerc	65.55014128070917
32160019_EXO_S31	181003-190524	readsPerc	67.24847944071746
32152030_EXO_S23	181003-190524	readsPerc	78.93656876201186
32151021_EXO_S13	181003-190524	readsPerc	63.104757173979856
32150156_EXO_S1	181003-190524	readsPerc	62.42197950798659
32151970_EXO_S21	181003-190524	readsPerc	68.33698336320148
32151029_EXO_S14	181003-190524	readsPerc	65.60635743183872
32150829_EXO_S9	181003-190524	readsPerc	67.28856169188767
32150792_EXO_S8	181003-190524	readsPerc	76.1977733804952
181003-190524_Brain_S35	181003-190524	readsPerc	87.4362009368445
32151754_EXO_S20	181003-190524	readsPerc	65.68970959293787
32150309_EXO_S4	181003-190524	readsPerc	69.70362340751001
32160185_EXO_S34	181003-190524	readsPerc	69.29408158325695
32151018_EXO_S12	181003-190524	readsPerc	59.412060110670254
32151480_EXO_S17	181003-190524	readsPerc	71.57737538533874
32150697_EXO_S7	181003-190524	readsPerc	69.22406057192073
32152351_EXO_S28	181003-190524	readsPerc	72.66893458841093
32150318_EXO_S6	181003-190524	readsPerc	70.15346085230722
32152200_EXO_S25	181003-190524	readsPerc	67.00305444137746
32150274_EXO_S3	181003-190524	readsPerc	70.85352921736582
32151489_EXO_S18	181003-190524	readsPerc	63.10767742061285
32150882_EXO_S11	181003-190524	readsPerc	61.06005410696715
32151625_EXO_S19	181003-190524	readsPerc	71.80418908879504
32150835_EXO_S10	181003-190524	readsPerc	71.14145149611524
32152348_EXO_S27	181003-190524	readsPerc	64.81778696275202
32160965_EXO_S9	181004-190521	readsPerc	69.71066639283693
32160622_EXO_S5	181004-190521	readsPerc	60.315139822789895
32161245_EXO_S17	181004-190521	readsPerc	67.68474096814768
32170434_EXO_S28	181004-190521	readsPerc	57.171389218282336
32160340_EXO_S2	181004-190521	readsPerc	72.2794147579603
32161045_EXO_S12	181004-190521	readsPerc	60.46887128859105
32170383_EXO_S25	181004-190521	readsPerc	58.2763334744744
32170272_EXO_S24	181004-190521	readsPerc	62.243150963283455
32160628_EXO_S6	181004-190521	readsPerc	56.56228657558394
32161104_EXO_S15	181004-190521	readsPerc	67.12772990298289
32161237_EXO_S16	181004-190521	readsPerc	63.12538872979751
32170016_EXO_S20	181004-190521	readsPerc	75.18391247916493
181004-190521_Brain_S35	181004-190521	readsPerc	85.05464209833765
32161013_EXO_S11	181004-190521	readsPerc	67.20761659606893
32170385_EXO_S26	181004-190521	readsPerc	72.0669462736146
32150161_EXO_S32	181004-190521	readsPerc	64.81243864145985
32160612_EXO_S4	181004-190521	readsPerc	68.1014528100017
32161253_EXO_S18	181004-190521	readsPerc	69.75836638873409
32170268_EXO_S22	181004-190521	readsPerc	68.0490291019811
32170269_EXO_S23	181004-190521	readsPerc	61.45987656282867
32150116_EXO_S31	181004-190521	readsPerc	59.94643191950326
32161004_EXO_S10	181004-190521	readsPerc	67.35024596243197
32161392_EXO_S19	181004-190521	readsPerc	64.84894067348519
32160765_EXO_S8	181004-190521	readsPerc	64.65902814572743
32170450_EXO_S29	181004-190521	readsPerc	64.49106739042715
32160373_EXO_S3	181004-190521	readsPerc	68.90864303981633
32160284_EXO_S1	181004-190521	readsPerc	60.63623542280824
32170409_EXO_S27	181004-190521	readsPerc	62.993852518670494
32170083_EXO_S21	181004-190521	readsPerc	66.53926749214351
32161065_EXO_S14	181004-190521	readsPerc	71.88730828822843
32150978_EXO_S34	181004-190521	readsPerc	69.91611202750929
32161046_EXO_S13	181004-190521	readsPerc	70.74786444768809
32160670_EXO_S7	181004-190521	readsPerc	58.184144634656334
32170652_EXO_S30	181004-190521	readsPerc	66.79017421463529
32150704_EXO_S33	181004-190521	readsPerc	64.25913736007905
32170378_EXO_S26	181023-190319	readsPerc	66.20371251603669
32161454_EXO_S20	181023-190319	readsPerc	70.4560688789187
32160526_EXO_S15	181023-190319	readsPerc	60.616966993882635
32152086_EXO_S7	181023-190319	readsPerc	67.07781040707837
32151130_EXO_S2	181023-190319	readsPerc	71.62501383449991
32151185_EXO_S4	181023-190319	readsPerc	65.14717765709379
32170440_EXO_S27	181023-190319	readsPerc	69.74755993948091
32152175_EXO_S9	181023-190319	readsPerc	71.96507199005916
32152337_EXO_S10	181023-190319	readsPerc	64.88270569089569
32151033_EXO_S1	181023-190319	readsPerc	79.92840324965928
32170273_EXO_S23	181023-190319	readsPerc	68.5187578486064
181023-190319_Brain_S29	181023-190319	readsPerc	82.1876229043937
32152088_EXO_S8	181023-190319	readsPerc	77.50288939892745
32151825_EXO_S6	181023-190319	readsPerc	69.8011805541036
32151151_EXO_S3	181023-190319	readsPerc	76.1355497732275
32170329_EXO_S24	181023-190319	readsPerc	74.48376336291095
32170337_EXO_S25	181023-190319	readsPerc	64.79708641426765
32160079_EXO_S13	181023-190319	readsPerc	64.06399575038549
32152347_EXO_S11	181023-190319	readsPerc	69.55626945648685
32160791_EXO_S16	181023-190319	readsPerc	74.62012700446252
32161000_EXO_S17	181023-190319	readsPerc	68.6408324667496
32160288_EXO_S14	181023-190319	readsPerc	70.84275686550635
32170032_EXO_S21	181023-190319	readsPerc	69.52864972129437
32170447_EXO_S28	181023-190319	readsPerc	70.39730035198684
32160018_EXO_S12	181023-190319	readsPerc	57.85221877609492
32170073_EXO_S22	181023-190319	readsPerc	71.526649681093
32161249_EXO_S19	181023-190319	readsPerc	63.96502178197101
32151764_EXO_S5	181023-190319	readsPerc	68.97441699174307
32161037_EXO_S18	181023-190319	readsPerc	68.67636877284227
32151640_EXO_S32	180322-190603	shortReadsPerc	14.409624051413727
32151675_EXO_S28	180322-190603	shortReadsPerc	11.818768352851848
32151681_EXO_S21	180322-190603	shortReadsPerc	9.655723390788157
32151161_EXO_S19	180322-190603	shortReadsPerc	11.792228918308846
32151113_EXO_S24	180322-190603	shortReadsPerc	16.23158715696898
32140243_EXO_S2	180322-190603	shortReadsPerc	1.6850293037875304
32150300_EXO_S4	180322-190603	shortReadsPerc	3.76876666114914
32151662_EXO_S25	180322-190603	shortReadsPerc	17.422591131112586
32150296_EXO_S34	180322-190603	shortReadsPerc	6.396180794004447
32151649_EXO_S7	180322-190603	shortReadsPerc	8.230428453776053
32151808_EXO_S16	180322-190603	shortReadsPerc	11.699728609010503
32152166_EXO_S8	180322-190603	shortReadsPerc	4.597247002341598
180322-190603_Brain_S36	180322-190603	shortReadsPerc	1.0425471257427825
32150759_EXO_S26	180322-190603	shortReadsPerc	13.794886990246322
32151206_EXO_S12	180322-190603	shortReadsPerc	11.082431806354657
32151872_EXO_S27	180322-190603	shortReadsPerc	14.629776221970843
32152211_EXO_S35	180322-190603	shortReadsPerc	9.197210973085587
32151109_EXO_S17	180322-190603	shortReadsPerc	14.178720522671085
32152477_EXO_S29	180322-190603	shortReadsPerc	11.782116250395799
32151201_EXO_S23	180322-190603	shortReadsPerc	11.805189891389977
32141753_EXO_S10	180322-190603	shortReadsPerc	13.687044086652973
32150101_EXO_S3	180322-190603	shortReadsPerc	3.1383842827982904
32151828_EXO_S15	180322-190603	shortReadsPerc	8.145540354966096
32152118_EXO_S1	180322-190603	shortReadsPerc	4.6825726572799455
32151204_EXO_S9	180322-190603	shortReadsPerc	10.775683337587623
32151684_EXO_S13	180322-190603	shortReadsPerc	10.689263405716877
32150228_EXO_S18	180322-190603	shortReadsPerc	8.986953569294613
32152206_EXO_S33	180322-190603	shortReadsPerc	6.62789922179
32151642_EXO_S5	180322-190603	shortReadsPerc	6.736298151417396
32151157_EXO_S31	180322-190603	shortReadsPerc	10.309703593452614
32151086_EXO_S6	180322-190603	shortReadsPerc	7.634289143525182
32150688_EXO_S20	180322-190603	shortReadsPerc	10.600463733523242
32151947_EXO_S11	180322-190603	shortReadsPerc	13.564745650143447
32151680_EXO_S22	180322-190603	shortReadsPerc	8.081498710491061
32150301_EXO_S14	180322-190603	shortReadsPerc	7.614090023083353
32150744_EXO_S30	180322-190603	shortReadsPerc	11.002531820789175
32160475_EXO_S26	180626-180628-190531	shortReadsPerc	14.689167041165556
32161242_EXO_S7	180626-180628-190531	shortReadsPerc	15.152232406487002
32160187_EXO_S9	180626-180628-190531	shortReadsPerc	15.947159950427672
32160696_EXO_S3	180626-180628-190531	shortReadsPerc	15.33832107655459
32151244_EXO_S30	180626-180628-190531	shortReadsPerc	10.516151713204502
180626-180628-190531_Brain_S32	180626-180628-190531	shortReadsPerc	5.917165844861723
32161406_EXO_S4	180626-180628-190531	shortReadsPerc	15.180901792176591
32160790_EXO_S27	180626-180628-190531	shortReadsPerc	14.437312057483648
32152197_EXO_S12	180626-180628-190531	shortReadsPerc	17.60546741010839
32150184_EXO_S18	180626-180628-190531	shortReadsPerc	14.802017810398283
32161462_EXO_S13	180626-180628-190531	shortReadsPerc	16.36732294387924
32151184_EXO_S8	180626-180628-190531	shortReadsPerc	16.296436449676612
32151974_EXO_S24	180626-180628-190531	shortReadsPerc	4.920904706180824
32160074_EXO_S17	180626-180628-190531	shortReadsPerc	17.29196430470966
32151031_EXO_S19	180626-180628-190531	shortReadsPerc	15.03008484133456
32151484_EXO_S11	180626-180628-190531	shortReadsPerc	14.444070092490158
32151694_EXO_S10	180626-180628-190531	shortReadsPerc	12.400837627505341
32160668_EXO_S16	180626-180628-190531	shortReadsPerc	13.668723168296145
32152356_EXO_S21	180626-180628-190531	shortReadsPerc	14.296902527598995
32151971_EXO_S23	180626-180628-190531	shortReadsPerc	16.29684269218593
32160196_EXO_S22	180626-180628-190531	shortReadsPerc	10.345104608630903
32151750_EXO_S14	180626-180628-190531	shortReadsPerc	17.0567809023926
32150887_EXO_S28	180626-180628-190531	shortReadsPerc	8.955048259481805
32150225_EXO_S2	180626-180628-190531	shortReadsPerc	13.970313852320043
32152444_EXO_S25	180626-180628-190531	shortReadsPerc	17.546651343454286
32140237_EXO_S31	180626-180628-190531	shortReadsPerc	16.368510318898252
32150168_EXO_S6	180626-180628-190531	shortReadsPerc	15.278620949746031
32152194_EXO_S15	180626-180628-190531	shortReadsPerc	13.548274936266088
32151686_EXO_S20	180626-180628-190531	shortReadsPerc	9.018317720969003
32161248_EXO_S29	180626-180628-190531	shortReadsPerc	13.449869459111074
32161349_EXO_S5	180626-180628-190531	shortReadsPerc	16.07079194866647
32150855_EXO_S1	180626-180628-190531	shortReadsPerc	16.058621827289386
32152388_EXO_S22	180726-190530	shortReadsPerc	12.955395282118745
32170641_EXO_S35	180726-190530	shortReadsPerc	10.533581362789857
32160652_EXO_S28	180726-190530	shortReadsPerc	12.407651094693527
32152480_EXO_S3	180726-190530	shortReadsPerc	11.732816456023052
32170419_EXO_S34	180726-190530	shortReadsPerc	11.66223115486038
32160008_EXO_S24	180726-190530	shortReadsPerc	9.987009477965087
32151370_EXO_S14	180726-190530	shortReadsPerc	9.013805084666373
32150690_EXO_S2	180726-190530	shortReadsPerc	10.615179259087908
180726-190530_Brain_S36	180726-190530	shortReadsPerc	1.6951785249175668
32151510_EXO_S15	180726-190530	shortReadsPerc	12.258552216039435
32160118_EXO_S26	180726-190530	shortReadsPerc	8.017979109159528
32150162_EXO_S11	180726-190530	shortReadsPerc	12.440568719173358
32151633_EXO_S16	180726-190530	shortReadsPerc	9.541905772742167
32152263_EXO_S7	180726-190530	shortReadsPerc	12.684229074602177
32152081_EXO_S18	180726-190530	shortReadsPerc	12.349102351510705
32152276_EXO_S21	180726-190530	shortReadsPerc	9.702933750734477
32160740_EXO_S29	180726-190530	shortReadsPerc	10.047811499334905
32152259_EXO_S20	180726-190530	shortReadsPerc	11.249219945402688
32160002_EXO_S23	180726-190530	shortReadsPerc	8.6715358087983
32161448_EXO_S32	180726-190530	shortReadsPerc	11.879781203585125
32152082_EXO_S19	180726-190530	shortReadsPerc	9.5142161975994
32152019_EXO_S17	180726-190530	shortReadsPerc	11.798973312112059
32161241_EXO_S31	180726-190530	shortReadsPerc	11.023854258066555
32170071_EXO_S33	180726-190530	shortReadsPerc	6.888879309787423
32141754_EXO_S5	180726-190530	shortReadsPerc	13.628044829427779
32150091_EXO_S1	180726-190530	shortReadsPerc	13.272451602321325
32160964_EXO_S30	180726-190530	shortReadsPerc	11.293588825623225
32160619_EXO_S27	180726-190530	shortReadsPerc	8.35143656389374
32151247_EXO_S13	180726-190530	shortReadsPerc	11.836749659851474
32150880_EXO_S12	180726-190530	shortReadsPerc	11.519215047394875
32151523_EXO_S6	180726-190530	shortReadsPerc	11.463142338134277
32141765_EXO_S9	180726-190530	shortReadsPerc	14.173761833128376
32150158_EXO_S10	180726-190530	shortReadsPerc	8.186147929168218
32140235_EXO_S8	180726-190530	shortReadsPerc	11.188665375911853
32160071_EXO_S25	180726-190530	shortReadsPerc	11.925317747540275
32151648_EXO_S4	180726-190530	shortReadsPerc	15.84150954292033
32152253_EXO_S33	180913-190529	shortReadsPerc	14.180656083213407
180913-190529_Brain_S36	180913-190529	shortReadsPerc	3.5463981497809223
32151859_EXO_S28	180913-190529	shortReadsPerc	12.260745413504337
32150292_EXO_S9	180913-190529	shortReadsPerc	11.964267668315765
32152341_EXO_S35	180913-190529	shortReadsPerc	12.17713157377758
32151226_EXO_S21	180913-190529	shortReadsPerc	14.992506343562182
32150013_EXO_S3	180913-190529	shortReadsPerc	14.567990372395712
32150698_EXO_S12	180913-190529	shortReadsPerc	10.985714485969144
32151984_EXO_S30	180913-190529	shortReadsPerc	19.16852095220603
32152084_EXO_S31	180913-190529	shortReadsPerc	12.464184504877236
32150243_EXO_S8	180913-190529	shortReadsPerc	13.157452145502425
32151180_EXO_S20	180913-190529	shortReadsPerc	13.38578901998637
32141643_EXO_S1	180913-190529	shortReadsPerc	14.336491632100739
32141786_EXO_S2	180913-190529	shortReadsPerc	12.77767736525374
32150076_EXO_S4	180913-190529	shortReadsPerc	11.452151658148935
32150849_EXO_S15	180913-190529	shortReadsPerc	9.71916290084618
32151444_EXO_S22	180913-190529	shortReadsPerc	14.471198789625378
32150163_EXO_S7	180913-190529	shortReadsPerc	13.371284435602142
32151565_EXO_S23	180913-190529	shortReadsPerc	11.90910719634484
32151026_EXO_S17	180913-190529	shortReadsPerc	13.20764512568453
32150825_EXO_S13	180913-190529	shortReadsPerc	14.31039029746001
32152273_EXO_S34	180913-190529	shortReadsPerc	13.224471369453186
32151691_EXO_S25	180913-190529	shortReadsPerc	14.485909191362033
32150844_EXO_S14	180913-190529	shortReadsPerc	11.911645407748557
32150424_EXO_S10	180913-190529	shortReadsPerc	12.62011584939349
32152094_EXO_S32	180913-190529	shortReadsPerc	13.36775931157541
32151125_EXO_S18	180913-190529	shortReadsPerc	12.383279226847442
32150080_EXO_S5	180913-190529	shortReadsPerc	12.677430050867768
32151765_EXO_S27	180913-190529	shortReadsPerc	11.66347028875933
32151881_EXO_S29	180913-190529	shortReadsPerc	12.147525729059806
32150696_EXO_S11	180913-190529	shortReadsPerc	9.316258250506147
32151725_EXO_S26	180913-190529	shortReadsPerc	12.911766208454807
32150993_EXO_S16	180913-190529	shortReadsPerc	13.343443271869212
32150147_EXO_S6	180913-190529	shortReadsPerc	12.661662633325822
32151667_EXO_S24	180913-190529	shortReadsPerc	13.466980999294757
32151152_EXO_S19	180913-190529	shortReadsPerc	12.938422937685303
180919-190527_Brain_S35	180919-190527	shortReadsPerc	3.201265457036538
32160466_EXO_S13	180919-190527	shortReadsPerc	16.752954721097325
32160120_EXO_S8	180919-190527	shortReadsPerc	17.90711612861258
32160246_EXO_S10	180919-190527	shortReadsPerc	17.48625621695082
32170365_EXO_S26	180919-190527	shortReadsPerc	18.350771553380017
32170367_EXO_S27	180919-190527	shortReadsPerc	17.38085528109068
32152451_EXO_S5	180919-190527	shortReadsPerc	18.525070672247846
32161246_EXO_S18	180919-190527	shortReadsPerc	16.273820020715377
32170368_EXO_S28	180919-190527	shortReadsPerc	17.93788479657354
32170400_EXO_S30	180919-190527	shortReadsPerc	17.22734345962297
32160472_EXO_S14	180919-190527	shortReadsPerc	18.778075036054027
32160241_EXO_S9	180919-190527	shortReadsPerc	17.456332407015303
32152359_EXO_S1	180919-190527	shortReadsPerc	16.944627514042324
32161415_EXO_S22	180919-190527	shortReadsPerc	17.39684848501429
32161252_EXO_S19	180919-190527	shortReadsPerc	14.559609217439142
32170381_EXO_S29	180919-190527	shortReadsPerc	18.111424013314245
32152366_EXO_S2	180919-190527	shortReadsPerc	17.436036687358225
32150043_EXO_S34	180919-190527	shortReadsPerc	19.827382359895957
32170453_EXO_S31	180919-190527	shortReadsPerc	15.523276409223852
32170276_EXO_S24	180919-190527	shortReadsPerc	14.848786568905755
32152381_EXO_S3	180919-190527	shortReadsPerc	17.351152799758047
32161367_EXO_S21	180919-190527	shortReadsPerc	15.957943157666202
32160457_EXO_S12	180919-190527	shortReadsPerc	18.04928757559572
32152446_EXO_S4	180919-190527	shortReadsPerc	17.194407036958744
32160782_EXO_S17	180919-190527	shortReadsPerc	16.947948532733975
32160083_EXO_S7	180919-190527	shortReadsPerc	18.062972847979722
32170613_EXO_S32	180919-190527	shortReadsPerc	16.389750820377092
32160323_EXO_S11	180919-190527	shortReadsPerc	18.60456070587938
32170644_EXO_S33	180919-190527	shortReadsPerc	17.41772922128519
32160600_EXO_S15	180919-190527	shortReadsPerc	15.63601904492409
32161358_EXO_S20	180919-190527	shortReadsPerc	15.950972600361101
32160028_EXO_S6	180919-190527	shortReadsPerc	18.585036700272678
32160766_EXO_S16	180919-190527	shortReadsPerc	16.195247640398936
32170346_EXO_S25	180919-190527	shortReadsPerc	16.59024340051099
32170068_EXO_S23	180919-190527	shortReadsPerc	17.05258861584252
32160009_EXO_S30	181003-190524	shortReadsPerc	15.94181585454023
32152260_EXO_S26	181003-190524	shortReadsPerc	14.88617494686227
32152408_EXO_S29	181003-190524	shortReadsPerc	13.994446843956315
32160078_EXO_S32	181003-190524	shortReadsPerc	16.322491095043212
32150179_EXO_S2	181003-190524	shortReadsPerc	15.492226800400077
32160080_EXO_S33	181003-190524	shortReadsPerc	14.751466599772325
32150313_EXO_S5	181003-190524	shortReadsPerc	16.39672233485209
32151181_EXO_S16	181003-190524	shortReadsPerc	15.875885530805746
32151178_EXO_S15	181003-190524	shortReadsPerc	14.03793073145025
32152087_EXO_S24	181003-190524	shortReadsPerc	16.92433455325116
32151988_EXO_S22	181003-190524	shortReadsPerc	14.962196828765634
32160019_EXO_S31	181003-190524	shortReadsPerc	15.002433708499264
32152030_EXO_S23	181003-190524	shortReadsPerc	13.685872728785002
32151021_EXO_S13	181003-190524	shortReadsPerc	16.41551039925132
32150156_EXO_S1	181003-190524	shortReadsPerc	17.074704496647165
32151970_EXO_S21	181003-190524	shortReadsPerc	16.060732269560056
32151029_EXO_S14	181003-190524	shortReadsPerc	13.416174570758574
32150829_EXO_S9	181003-190524	shortReadsPerc	15.945337322122372
32150792_EXO_S8	181003-190524	shortReadsPerc	13.64345170937516
181003-190524_Brain_S35	181003-190524	shortReadsPerc	1.4101040626225894
32151754_EXO_S20	181003-190524	shortReadsPerc	14.111091030550046
32150309_EXO_S4	181003-190524	shortReadsPerc	15.478741857187764
32160185_EXO_S34	181003-190524	shortReadsPerc	16.204094635785488
32151018_EXO_S12	181003-190524	shortReadsPerc	15.772808629420748
32151480_EXO_S17	181003-190524	shortReadsPerc	14.049563472658718
32150697_EXO_S7	181003-190524	shortReadsPerc	13.963854237548768
32152351_EXO_S28	181003-190524	shortReadsPerc	14.77269141330176
32150318_EXO_S6	181003-190524	shortReadsPerc	15.135586800368742
32152200_EXO_S25	181003-190524	shortReadsPerc	15.705715503339885
32150274_EXO_S3	181003-190524	shortReadsPerc	16.62713760684172
32151489_EXO_S18	181003-190524	shortReadsPerc	15.92378836921432
32150882_EXO_S11	181003-190524	shortReadsPerc	15.766528704673915
32151625_EXO_S19	181003-190524	shortReadsPerc	14.443976505380062
32150835_EXO_S10	181003-190524	shortReadsPerc	16.15801903280866
32152348_EXO_S27	181003-190524	shortReadsPerc	15.205982656386817
32160965_EXO_S9	181004-190521	shortReadsPerc	16.307767683601075
32160622_EXO_S5	181004-190521	shortReadsPerc	14.41545273928813
32161245_EXO_S17	181004-190521	shortReadsPerc	14.107577054590559
32170434_EXO_S28	181004-190521	shortReadsPerc	16.30400869031015
32160340_EXO_S2	181004-190521	shortReadsPerc	15.196811237468292
32161045_EXO_S12	181004-190521	shortReadsPerc	16.477349318754325
32170383_EXO_S25	181004-190521	shortReadsPerc	15.993551188206128
32170272_EXO_S24	181004-190521	shortReadsPerc	14.682780145120052
32160628_EXO_S6	181004-190521	shortReadsPerc	15.950787233860005
32161104_EXO_S15	181004-190521	shortReadsPerc	16.18266234500129
32161237_EXO_S16	181004-190521	shortReadsPerc	15.470396358471149
32170016_EXO_S20	181004-190521	shortReadsPerc	12.935248296549593
181004-190521_Brain_S35	181004-190521	shortReadsPerc	1.5616151939730845
32161013_EXO_S11	181004-190521	shortReadsPerc	16.50461524669075
32170385_EXO_S26	181004-190521	shortReadsPerc	14.25703925162893
32150161_EXO_S32	181004-190521	shortReadsPerc	15.529651024399053
32160612_EXO_S4	181004-190521	shortReadsPerc	15.953319586992372
32161253_EXO_S18	181004-190521	shortReadsPerc	15.428907537308952
32170268_EXO_S22	181004-190521	shortReadsPerc	13.699874131144124
32170269_EXO_S23	181004-190521	shortReadsPerc	15.525118309255891
32150116_EXO_S31	181004-190521	shortReadsPerc	14.844146962288718
32161004_EXO_S10	181004-190521	shortReadsPerc	14.263686997237059
32161392_EXO_S19	181004-190521	shortReadsPerc	16.868598014868237
32160765_EXO_S8	181004-190521	shortReadsPerc	16.808620505515425
32170450_EXO_S29	181004-190521	shortReadsPerc	15.476685092257302
32160373_EXO_S3	181004-190521	shortReadsPerc	16.305079699929376
32160284_EXO_S1	181004-190521	shortReadsPerc	15.640711766613151
32170409_EXO_S27	181004-190521	shortReadsPerc	17.33766236920871
32170083_EXO_S21	181004-190521	shortReadsPerc	15.917145559031061
32161065_EXO_S14	181004-190521	shortReadsPerc	15.472642816529875
32150978_EXO_S34	181004-190521	shortReadsPerc	16.958804950656976
32161046_EXO_S13	181004-190521	shortReadsPerc	16.509783950366234
32160670_EXO_S7	181004-190521	shortReadsPerc	16.909560290152246
32170652_EXO_S30	181004-190521	shortReadsPerc	12.691202515698613
32150704_EXO_S33	181004-190521	shortReadsPerc	15.202431744844565
32170378_EXO_S26	181023-190319	shortReadsPerc	14.246428919379637
32161454_EXO_S20	181023-190319	shortReadsPerc	14.500305005674624
32160526_EXO_S15	181023-190319	shortReadsPerc	16.053868638028064
32152086_EXO_S7	181023-190319	shortReadsPerc	13.63991836770377
32151130_EXO_S2	181023-190319	shortReadsPerc	13.770602473898323
32151185_EXO_S4	181023-190319	shortReadsPerc	15.177277770195309
32170440_EXO_S27	181023-190319	shortReadsPerc	13.441513648457773
32152175_EXO_S9	181023-190319	shortReadsPerc	13.350868459721866
32152337_EXO_S10	181023-190319	shortReadsPerc	13.647791821346258
32151033_EXO_S1	181023-190319	shortReadsPerc	13.786757376912124
32170273_EXO_S23	181023-190319	shortReadsPerc	14.042554529761613
181023-190319_Brain_S29	181023-190319	shortReadsPerc	1.4437004010623893
32152088_EXO_S8	181023-190319	shortReadsPerc	10.667589285549415
32151825_EXO_S6	181023-190319	shortReadsPerc	13.707770379955544
32151151_EXO_S3	181023-190319	shortReadsPerc	12.167786201974266
32170329_EXO_S24	181023-190319	shortReadsPerc	11.465181925865748
32170337_EXO_S25	181023-190319	shortReadsPerc	10.32295666312457
32160079_EXO_S13	181023-190319	shortReadsPerc	16.301754957255653
32152347_EXO_S11	181023-190319	shortReadsPerc	13.984731880279698
32160791_EXO_S16	181023-190319	shortReadsPerc	15.870510126169789
32161000_EXO_S17	181023-190319	shortReadsPerc	14.39111278449514
32160288_EXO_S14	181023-190319	shortReadsPerc	12.16375823738415
32170032_EXO_S21	181023-190319	shortReadsPerc	14.943269452744886
32170447_EXO_S28	181023-190319	shortReadsPerc	14.299042722391167
32160018_EXO_S12	181023-190319	shortReadsPerc	15.31592538254913
32170073_EXO_S22	181023-190319	shortReadsPerc	12.41255135736829
32161249_EXO_S19	181023-190319	shortReadsPerc	13.876124254223978
32151764_EXO_S5	181023-190319	shortReadsPerc	13.967699902643366
32161037_EXO_S18	181023-190319	shortReadsPerc	16.04256463934438
32151640_EXO_S32	180322-190603	ultraShortReadsPerc	11.788019591974571
32151675_EXO_S28	180322-190603	ultraShortReadsPerc	15.07468407292781
32151681_EXO_S21	180322-190603	ultraShortReadsPerc	8.435948316550677
32151161_EXO_S19	180322-190603	ultraShortReadsPerc	5.890510889667778
32151113_EXO_S24	180322-190603	ultraShortReadsPerc	35.77404474251222
32140243_EXO_S2	180322-190603	ultraShortReadsPerc	13.500419993200014
32150300_EXO_S4	180322-190603	ultraShortReadsPerc	7.879107470564263
32151662_EXO_S25	180322-190603	ultraShortReadsPerc	25.572981475943525
32150296_EXO_S34	180322-190603	ultraShortReadsPerc	2.875427551896906
32151649_EXO_S7	180322-190603	ultraShortReadsPerc	4.323367647926505
32151808_EXO_S16	180322-190603	ultraShortReadsPerc	9.773686566436684
32152166_EXO_S8	180322-190603	ultraShortReadsPerc	3.610321091463666
180322-190603_Brain_S36	180322-190603	ultraShortReadsPerc	8.188592234166029
32150759_EXO_S26	180322-190603	ultraShortReadsPerc	14.838166339089458
32151206_EXO_S12	180322-190603	ultraShortReadsPerc	7.448442197548718
32151872_EXO_S27	180322-190603	ultraShortReadsPerc	12.887778783344942
32152211_EXO_S35	180322-190603	ultraShortReadsPerc	5.393975862465433
32151109_EXO_S17	180322-190603	ultraShortReadsPerc	12.6350325061617
32152477_EXO_S29	180322-190603	ultraShortReadsPerc	9.058943783848546
32151201_EXO_S23	180322-190603	ultraShortReadsPerc	11.18650506410881
32141753_EXO_S10	180322-190603	ultraShortReadsPerc	10.34398261455405
32150101_EXO_S3	180322-190603	ultraShortReadsPerc	4.498608172212029
32151828_EXO_S15	180322-190603	ultraShortReadsPerc	4.024064073909392
32152118_EXO_S1	180322-190603	ultraShortReadsPerc	1.500055307955793
32151204_EXO_S9	180322-190603	ultraShortReadsPerc	11.52388883878847
32151684_EXO_S13	180322-190603	ultraShortReadsPerc	11.61414932606879
32150228_EXO_S18	180322-190603	ultraShortReadsPerc	5.875551300036559
32152206_EXO_S33	180322-190603	ultraShortReadsPerc	3.5855739407165537
32151642_EXO_S5	180322-190603	ultraShortReadsPerc	2.723712566688037
32151157_EXO_S31	180322-190603	ultraShortReadsPerc	5.375976469813848
32151086_EXO_S6	180322-190603	ultraShortReadsPerc	4.2231052981698
32150688_EXO_S20	180322-190603	ultraShortReadsPerc	8.207334690284352
32151947_EXO_S11	180322-190603	ultraShortReadsPerc	13.094452528177925
32151680_EXO_S22	180322-190603	ultraShortReadsPerc	8.28848344148335
32150301_EXO_S14	180322-190603	ultraShortReadsPerc	4.398967433917167
32150744_EXO_S30	180322-190603	ultraShortReadsPerc	8.652269462913527
32160475_EXO_S26	180626-180628-190531	ultraShortReadsPerc	25.035757159531826
32161242_EXO_S7	180626-180628-190531	ultraShortReadsPerc	27.846923889648558
32160187_EXO_S9	180626-180628-190531	ultraShortReadsPerc	30.769586163947803
32160696_EXO_S3	180626-180628-190531	ultraShortReadsPerc	20.458557847243892
32151244_EXO_S30	180626-180628-190531	ultraShortReadsPerc	20.760275053449103
180626-180628-190531_Brain_S32	180626-180628-190531	ultraShortReadsPerc	14.455963025082916
32161406_EXO_S4	180626-180628-190531	ultraShortReadsPerc	19.197553053030912
32160790_EXO_S27	180626-180628-190531	ultraShortReadsPerc	28.12957843596544
32152197_EXO_S12	180626-180628-190531	ultraShortReadsPerc	34.37643406174413
32150184_EXO_S18	180626-180628-190531	ultraShortReadsPerc	24.363910046780727
32161462_EXO_S13	180626-180628-190531	ultraShortReadsPerc	32.41341171501478
32151184_EXO_S8	180626-180628-190531	ultraShortReadsPerc	24.485955478812343
32151974_EXO_S24	180626-180628-190531	ultraShortReadsPerc	13.178816946038404
32160074_EXO_S17	180626-180628-190531	ultraShortReadsPerc	29.085907224183792
32151031_EXO_S19	180626-180628-190531	ultraShortReadsPerc	29.028883356177456
32151484_EXO_S11	180626-180628-190531	ultraShortReadsPerc	29.25512706601635
32151694_EXO_S10	180626-180628-190531	ultraShortReadsPerc	29.107634022095436
32160668_EXO_S16	180626-180628-190531	ultraShortReadsPerc	27.3140560629732
32152356_EXO_S21	180626-180628-190531	ultraShortReadsPerc	32.85687565949246
32151971_EXO_S23	180626-180628-190531	ultraShortReadsPerc	27.889538698619223
32160196_EXO_S22	180626-180628-190531	ultraShortReadsPerc	18.727314177583743
32151750_EXO_S14	180626-180628-190531	ultraShortReadsPerc	30.017172605279004
32150887_EXO_S28	180626-180628-190531	ultraShortReadsPerc	20.467885413442666
32150225_EXO_S2	180626-180628-190531	ultraShortReadsPerc	23.213503757315618
32152444_EXO_S25	180626-180628-190531	ultraShortReadsPerc	29.858263439707905
32140237_EXO_S31	180626-180628-190531	ultraShortReadsPerc	28.606213323325477
32150168_EXO_S6	180626-180628-190531	ultraShortReadsPerc	23.64320014535753
32152194_EXO_S15	180626-180628-190531	ultraShortReadsPerc	26.363488004137732
32151686_EXO_S20	180626-180628-190531	ultraShortReadsPerc	19.0459307717345
32161248_EXO_S29	180626-180628-190531	ultraShortReadsPerc	27.62478535720337
32161349_EXO_S5	180626-180628-190531	ultraShortReadsPerc	22.180812780363013
32150855_EXO_S1	180626-180628-190531	ultraShortReadsPerc	21.983348119502278
32152388_EXO_S22	180726-190530	ultraShortReadsPerc	23.406365322654295
32170641_EXO_S35	180726-190530	ultraShortReadsPerc	20.445372699856332
32160652_EXO_S28	180726-190530	ultraShortReadsPerc	20.168968030038762
32152480_EXO_S3	180726-190530	ultraShortReadsPerc	18.778017473667262
32170419_EXO_S34	180726-190530	ultraShortReadsPerc	19.209230100761356
32160008_EXO_S24	180726-190530	ultraShortReadsPerc	16.503449185412258
32151370_EXO_S14	180726-190530	ultraShortReadsPerc	12.792425576114423
32150690_EXO_S2	180726-190530	ultraShortReadsPerc	16.010431752981702
180726-190530_Brain_S36	180726-190530	ultraShortReadsPerc	13.773237193268
32151510_EXO_S15	180726-190530	ultraShortReadsPerc	15.509004077933774
32160118_EXO_S26	180726-190530	ultraShortReadsPerc	15.284658667128456
32150162_EXO_S11	180726-190530	ultraShortReadsPerc	24.01343027686587
32151633_EXO_S16	180726-190530	ultraShortReadsPerc	20.33368159740378
32152263_EXO_S7	180726-190530	ultraShortReadsPerc	24.367967345915716
32152081_EXO_S18	180726-190530	ultraShortReadsPerc	18.16084082450924
32152276_EXO_S21	180726-190530	ultraShortReadsPerc	12.732114762611005
32160740_EXO_S29	180726-190530	ultraShortReadsPerc	15.832764850706926
32152259_EXO_S20	180726-190530	ultraShortReadsPerc	16.22578895335325
32160002_EXO_S23	180726-190530	ultraShortReadsPerc	24.005279386810855
32161448_EXO_S32	180726-190530	ultraShortReadsPerc	26.214818348844876
32152082_EXO_S19	180726-190530	ultraShortReadsPerc	15.580850870846263
32152019_EXO_S17	180726-190530	ultraShortReadsPerc	19.538687177690147
32161241_EXO_S31	180726-190530	ultraShortReadsPerc	20.930483986931193
32170071_EXO_S33	180726-190530	ultraShortReadsPerc	20.597698572977308
32141754_EXO_S5	180726-190530	ultraShortReadsPerc	13.372224688916566
32150091_EXO_S1	180726-190530	ultraShortReadsPerc	19.748606374963362
32160964_EXO_S30	180726-190530	ultraShortReadsPerc	23.416122277329254
32160619_EXO_S27	180726-190530	ultraShortReadsPerc	20.887073846548176
32151247_EXO_S13	180726-190530	ultraShortReadsPerc	25.3752459174538
32150880_EXO_S12	180726-190530	ultraShortReadsPerc	26.75434714863145
32151523_EXO_S6	180726-190530	ultraShortReadsPerc	24.31677458665278
32141765_EXO_S9	180726-190530	ultraShortReadsPerc	14.188318917085619
32150158_EXO_S10	180726-190530	ultraShortReadsPerc	21.499976877327917
32140235_EXO_S8	180726-190530	ultraShortReadsPerc	21.426703167280195
32160071_EXO_S25	180726-190530	ultraShortReadsPerc	17.81088947892673
32151648_EXO_S4	180726-190530	ultraShortReadsPerc	14.9165317442454
32152253_EXO_S33	180913-190529	ultraShortReadsPerc	68.86364198692414
180913-190529_Brain_S36	180913-190529	ultraShortReadsPerc	20.655421297348322
32151859_EXO_S28	180913-190529	ultraShortReadsPerc	70.40437152070588
32150292_EXO_S9	180913-190529	ultraShortReadsPerc	13.852326115743965
32152341_EXO_S35	180913-190529	ultraShortReadsPerc	71.9113654442011
32151226_EXO_S21	180913-190529	ultraShortReadsPerc	21.926685596761367
32150013_EXO_S3	180913-190529	ultraShortReadsPerc	63.0903195615803
32150698_EXO_S12	180913-190529	ultraShortReadsPerc	24.346689982689398
32151984_EXO_S30	180913-190529	ultraShortReadsPerc	55.585610960243606
32152084_EXO_S31	180913-190529	ultraShortReadsPerc	64.08381711694629
32150243_EXO_S8	180913-190529	ultraShortReadsPerc	67.98637598398284
32151180_EXO_S20	180913-190529	ultraShortReadsPerc	18.608264870252093
32141643_EXO_S1	180913-190529	ultraShortReadsPerc	65.87970960563875
32141786_EXO_S2	180913-190529	ultraShortReadsPerc	62.132217701209555
32150076_EXO_S4	180913-190529	ultraShortReadsPerc	68.5886079988239
32150849_EXO_S15	180913-190529	ultraShortReadsPerc	9.99085926057736
32151444_EXO_S22	180913-190529	ultraShortReadsPerc	55.6169381679657
32150163_EXO_S7	180913-190529	ultraShortReadsPerc	68.26214086655735
32151565_EXO_S23	180913-190529	ultraShortReadsPerc	74.19343432557622
32151026_EXO_S17	180913-190529	ultraShortReadsPerc	28.84821352189996
32150825_EXO_S13	180913-190529	ultraShortReadsPerc	24.683629969763643
32152273_EXO_S34	180913-190529	ultraShortReadsPerc	67.67820567176835
32151691_EXO_S25	180913-190529	ultraShortReadsPerc	70.27583330566253
32150844_EXO_S14	180913-190529	ultraShortReadsPerc	16.22871430065047
32150424_EXO_S10	180913-190529	ultraShortReadsPerc	17.071906825623905
32152094_EXO_S32	180913-190529	ultraShortReadsPerc	71.6851815021226
32151125_EXO_S18	180913-190529	ultraShortReadsPerc	18.87839617104822
32150080_EXO_S5	180913-190529	ultraShortReadsPerc	70.66642513941798
32151765_EXO_S27	180913-190529	ultraShortReadsPerc	74.70929183396866
32151881_EXO_S29	180913-190529	ultraShortReadsPerc	71.37567516670457
32150696_EXO_S11	180913-190529	ultraShortReadsPerc	15.545412465460602
32151725_EXO_S26	180913-190529	ultraShortReadsPerc	67.52004909500678
32150993_EXO_S16	180913-190529	ultraShortReadsPerc	18.062642675418708
32150147_EXO_S6	180913-190529	ultraShortReadsPerc	67.98919792033305
32151667_EXO_S24	180913-190529	ultraShortReadsPerc	70.0131176724535
32151152_EXO_S19	180913-190529	ultraShortReadsPerc	23.710754310249527
180919-190527_Brain_S35	180919-190527	ultraShortReadsPerc	12.787767766953271
32160466_EXO_S13	180919-190527	ultraShortReadsPerc	51.86023103412713
32160120_EXO_S8	180919-190527	ultraShortReadsPerc	54.44192892759272
32160246_EXO_S10	180919-190527	ultraShortReadsPerc	49.302203360922746
32170365_EXO_S26	180919-190527	ultraShortReadsPerc	46.25415094466787
32170367_EXO_S27	180919-190527	ultraShortReadsPerc	49.41299908030368
32152451_EXO_S5	180919-190527	ultraShortReadsPerc	46.3159887825145
32161246_EXO_S18	180919-190527	ultraShortReadsPerc	58.76138322346008
32170368_EXO_S28	180919-190527	ultraShortReadsPerc	57.02803790041319
32170400_EXO_S30	180919-190527	ultraShortReadsPerc	50.15080517670337
32160472_EXO_S14	180919-190527	ultraShortReadsPerc	51.84923473063521
32160241_EXO_S9	180919-190527	ultraShortReadsPerc	50.92461970833496
32152359_EXO_S1	180919-190527	ultraShortReadsPerc	55.172912573171224
32161415_EXO_S22	180919-190527	ultraShortReadsPerc	49.498881811220464
32161252_EXO_S19	180919-190527	ultraShortReadsPerc	63.98456979993909
32170381_EXO_S29	180919-190527	ultraShortReadsPerc	47.99581465994157
32152366_EXO_S2	180919-190527	ultraShortReadsPerc	49.732212995702206
32150043_EXO_S34	180919-190527	ultraShortReadsPerc	43.40056007412133
32170453_EXO_S31	180919-190527	ultraShortReadsPerc	43.2894858392967
32170276_EXO_S24	180919-190527	ultraShortReadsPerc	48.852386769194524
32152381_EXO_S3	180919-190527	ultraShortReadsPerc	53.672663192073976
32161367_EXO_S21	180919-190527	ultraShortReadsPerc	53.31528741115707
32160457_EXO_S12	180919-190527	ultraShortReadsPerc	53.14336359537422
32152446_EXO_S4	180919-190527	ultraShortReadsPerc	51.14248185384999
32160782_EXO_S17	180919-190527	ultraShortReadsPerc	49.474263009509336
32160083_EXO_S7	180919-190527	ultraShortReadsPerc	54.602150181543585
32170613_EXO_S32	180919-190527	ultraShortReadsPerc	56.20742918503319
32160323_EXO_S11	180919-190527	ultraShortReadsPerc	47.53943848252293
32170644_EXO_S33	180919-190527	ultraShortReadsPerc	50.06590803163217
32160600_EXO_S15	180919-190527	ultraShortReadsPerc	50.49958010605744
32161358_EXO_S20	180919-190527	ultraShortReadsPerc	61.658133124882504
32160028_EXO_S6	180919-190527	ultraShortReadsPerc	50.31604573764457
32160766_EXO_S16	180919-190527	ultraShortReadsPerc	59.84294820037986
32170346_EXO_S25	180919-190527	ultraShortReadsPerc	51.60364750887439
32170068_EXO_S23	180919-190527	ultraShortReadsPerc	61.88720740007971
32160009_EXO_S30	181003-190524	ultraShortReadsPerc	28.023516586725904
32152260_EXO_S26	181003-190524	ultraShortReadsPerc	30.064417053110006
32152408_EXO_S29	181003-190524	ultraShortReadsPerc	15.58930996894346
32160078_EXO_S32	181003-190524	ultraShortReadsPerc	25.605158604734793
32150179_EXO_S2	181003-190524	ultraShortReadsPerc	25.23553132840083
32160080_EXO_S33	181003-190524	ultraShortReadsPerc	23.68123080584957
32150313_EXO_S5	181003-190524	ultraShortReadsPerc	24.831610174791045
32151181_EXO_S16	181003-190524	ultraShortReadsPerc	33.11785101781733
32151178_EXO_S15	181003-190524	ultraShortReadsPerc	34.33012366946526
32152087_EXO_S24	181003-190524	ultraShortReadsPerc	35.28262270791327
32151988_EXO_S22	181003-190524	ultraShortReadsPerc	33.16194470194729
32160019_EXO_S31	181003-190524	ultraShortReadsPerc	31.32690960990187
32152030_EXO_S23	181003-190524	ultraShortReadsPerc	19.121094529238405
32151021_EXO_S13	181003-190524	ultraShortReadsPerc	35.18794329127698
32150156_EXO_S1	181003-190524	ultraShortReadsPerc	36.53864566490626
32151970_EXO_S21	181003-190524	ultraShortReadsPerc	29.513326770250686
32151029_EXO_S14	181003-190524	ultraShortReadsPerc	32.582022188192646
32150829_EXO_S9	181003-190524	ultraShortReadsPerc	30.62210427482928
32150792_EXO_S8	181003-190524	ultraShortReadsPerc	21.603116614529373
181003-190524_Brain_S35	181003-190524	ultraShortReadsPerc	10.482502158880516
32151754_EXO_S20	181003-190524	ultraShortReadsPerc	31.890652355711442
32150309_EXO_S4	181003-190524	ultraShortReadsPerc	28.289596655113957
32160185_EXO_S34	181003-190524	ultraShortReadsPerc	28.85075379333311
32151018_EXO_S12	181003-190524	ultraShortReadsPerc	37.75494609895205
32151480_EXO_S17	181003-190524	ultraShortReadsPerc	26.45513667488206
32150697_EXO_S7	181003-190524	ultraShortReadsPerc	28.581433934239197
32152351_EXO_S28	181003-190524	ultraShortReadsPerc	25.137460682741768
32150318_EXO_S6	181003-190524	ultraShortReadsPerc	27.78709637947118
32152200_EXO_S25	181003-190524	ultraShortReadsPerc	31.192835990515007
32150274_EXO_S3	181003-190524	ultraShortReadsPerc	27.337653893541553
32151489_EXO_S18	181003-190524	ultraShortReadsPerc	35.34462066016769
32150882_EXO_S11	181003-190524	ultraShortReadsPerc	36.62129534641553
32151625_EXO_S19	181003-190524	ultraShortReadsPerc	25.40669492794453
32150835_EXO_S10	181003-190524	ultraShortReadsPerc	26.693962599388534
32152348_EXO_S27	181003-190524	ultraShortReadsPerc	33.766380558512665
32160965_EXO_S9	181004-190521	ultraShortReadsPerc	27.248792197568296
32160622_EXO_S5	181004-190521	ultraShortReadsPerc	35.288867708726286
32161245_EXO_S17	181004-190521	ultraShortReadsPerc	28.89385019108469
32170434_EXO_S28	181004-190521	ultraShortReadsPerc	41.30031857870805
32160340_EXO_S2	181004-190521	ultraShortReadsPerc	24.60203945434412
32161045_EXO_S12	181004-190521	ultraShortReadsPerc	37.50377854018018
32170383_EXO_S25	181004-190521	ultraShortReadsPerc	39.837684522192035
32170272_EXO_S24	181004-190521	ultraShortReadsPerc	35.634290999033084
32160628_EXO_S6	181004-190521	ultraShortReadsPerc	38.71067995879316
32161104_EXO_S15	181004-190521	ultraShortReadsPerc	29.712926111900455
32161237_EXO_S16	181004-190521	ultraShortReadsPerc	33.88775930572683
32170016_EXO_S20	181004-190521	ultraShortReadsPerc	22.447573816729836
181004-190521_Brain_S35	181004-190521	ultraShortReadsPerc	12.548549867709314
32161013_EXO_S11	181004-190521	ultraShortReadsPerc	30.005687672490048
32170385_EXO_S26	181004-190521	ultraShortReadsPerc	25.53628677271656
32150161_EXO_S32	181004-190521	ultraShortReadsPerc	33.042309490096144
32160612_EXO_S4	181004-190521	ultraShortReadsPerc	29.064037901754546
32161253_EXO_S18	181004-190521	ultraShortReadsPerc	28.32988673018025
32170268_EXO_S22	181004-190521	ultraShortReadsPerc	29.077713195385343
32170269_EXO_S23	181004-190521	ultraShortReadsPerc	36.33327134264377
32150116_EXO_S31	181004-190521	ultraShortReadsPerc	38.350498863023034
32161004_EXO_S10	181004-190521	ultraShortReadsPerc	28.372561752872887
32161392_EXO_S19	181004-190521	ultraShortReadsPerc	33.09351190376828
32160765_EXO_S8	181004-190521	ultraShortReadsPerc	32.22696187489353
32170450_EXO_S29	181004-190521	ultraShortReadsPerc	33.87170561325856
32160373_EXO_S3	181004-190521	ultraShortReadsPerc	28.29925775457974
32160284_EXO_S1	181004-190521	ultraShortReadsPerc	36.905141610056255
32170409_EXO_S27	181004-190521	ultraShortReadsPerc	35.2486663996848
32170083_EXO_S21	181004-190521	ultraShortReadsPerc	31.499447152105915
32161065_EXO_S14	181004-190521	ultraShortReadsPerc	24.492622704800393
32150978_EXO_S34	181004-190521	ultraShortReadsPerc	28.035080445308797
32161046_EXO_S13	181004-190521	ultraShortReadsPerc	26.617121824175108
32160670_EXO_S7	181004-190521	ultraShortReadsPerc	38.39307424185365
32170652_EXO_S30	181004-190521	ultraShortReadsPerc	30.58781865863589
32150704_EXO_S33	181004-190521	ultraShortReadsPerc	33.32612323182531
32170378_EXO_S26	181023-190319	ultraShortReadsPerc	31.99195902947402
32161454_EXO_S20	181023-190319	ultraShortReadsPerc	27.79432259657964
32160526_EXO_S15	181023-190319	ultraShortReadsPerc	37.95392792632278
32152086_EXO_S7	181023-190319	ultraShortReadsPerc	30.82096008408149
32151130_EXO_S2	181023-190319	ultraShortReadsPerc	26.345705248900227
32151185_EXO_S4	181023-190319	ultraShortReadsPerc	33.33963278924232
32170440_EXO_S27	181023-190319	ultraShortReadsPerc	28.794659841531946
32152175_EXO_S9	181023-190319	ultraShortReadsPerc	25.77206527686533
32152337_EXO_S10	181023-190319	ultraShortReadsPerc	32.83150119052295
32151033_EXO_S1	181023-190319	ultraShortReadsPerc	18.154984630254365
32170273_EXO_S23	181023-190319	ultraShortReadsPerc	29.782474997728656
181023-190319_Brain_S29	181023-190319	ultraShortReadsPerc	15.902714890742702
32152088_EXO_S8	181023-190319	ultraShortReadsPerc	19.521809135575065
32151825_EXO_S6	181023-190319	ultraShortReadsPerc	28.29503717929471
32151151_EXO_S3	181023-190319	ultraShortReadsPerc	21.31783373511832
32170329_EXO_S24	181023-190319	ultraShortReadsPerc	23.940632913056742
32170337_EXO_S25	181023-190319	ultraShortReadsPerc	33.78603679815744
32160079_EXO_S13	181023-190319	ultraShortReadsPerc	33.678906838586656
32152347_EXO_S11	181023-190319	ultraShortReadsPerc	27.91937055837271
32160791_EXO_S16	181023-190319	ultraShortReadsPerc	23.920449141670375
32161000_EXO_S17	181023-190319	ultraShortReadsPerc	29.67453280346513
32160288_EXO_S14	181023-190319	ultraShortReadsPerc	27.47712461070885
32170032_EXO_S21	181023-190319	ultraShortReadsPerc	28.81314228244408
32170447_EXO_S28	181023-190319	ultraShortReadsPerc	27.991692379442423
32160018_EXO_S12	181023-190319	ultraShortReadsPerc	39.87675444386652
32170073_EXO_S22	181023-190319	ultraShortReadsPerc	26.52125601781804
32161249_EXO_S19	181023-190319	ultraShortReadsPerc	33.93402632748683
32151764_EXO_S5	181023-190319	ultraShortReadsPerc	28.975474284679706
32161037_EXO_S18	181023-190319	ultraShortReadsPerc	30.082791286101056
32151640_EXO_S32	180322-190603	adapterDimerPerc	4.633108911933702
32151675_EXO_S28	180322-190603	adapterDimerPerc	0.836197679752056
32151681_EXO_S21	180322-190603	adapterDimerPerc	1.8806984421905353
32151161_EXO_S19	180322-190603	adapterDimerPerc	2.4706459910840124
32151113_EXO_S24	180322-190603	adapterDimerPerc	2.243657823470321
32140243_EXO_S2	180322-190603	adapterDimerPerc	0.09016083255131693
32150300_EXO_S4	180322-190603	adapterDimerPerc	0.12819762780977034
32151662_EXO_S25	180322-190603	adapterDimerPerc	0.8037578135826872
32150296_EXO_S34	180322-190603	adapterDimerPerc	0.42863609564796884
32151649_EXO_S7	180322-190603	adapterDimerPerc	0.3247953004601164
32151808_EXO_S16	180322-190603	adapterDimerPerc	1.2486377907369324
32152166_EXO_S8	180322-190603	adapterDimerPerc	0.4542662042352904
180322-190603_Brain_S36	180322-190603	adapterDimerPerc	0.37664738568376366
32150759_EXO_S26	180322-190603	adapterDimerPerc	0.3199064666254054
32151206_EXO_S12	180322-190603	adapterDimerPerc	0.9815262051358925
32151872_EXO_S27	180322-190603	adapterDimerPerc	0.4063765471949441
32152211_EXO_S35	180322-190603	adapterDimerPerc	0.27939544316760623
32151109_EXO_S17	180322-190603	adapterDimerPerc	2.9161103504407158
32152477_EXO_S29	180322-190603	adapterDimerPerc	0.9030777120144192
32151201_EXO_S23	180322-190603	adapterDimerPerc	1.8471143875967253
32141753_EXO_S10	180322-190603	adapterDimerPerc	1.3122653049259758
32150101_EXO_S3	180322-190603	adapterDimerPerc	0.11564570829926281
32151828_EXO_S15	180322-190603	adapterDimerPerc	0.7102850000552101
32152118_EXO_S1	180322-190603	adapterDimerPerc	0.0638953746718237
32151204_EXO_S9	180322-190603	adapterDimerPerc	0.5629964991087827
32151684_EXO_S13	180322-190603	adapterDimerPerc	0.5054579059129936
32150228_EXO_S18	180322-190603	adapterDimerPerc	0.3498909919698883
32152206_EXO_S33	180322-190603	adapterDimerPerc	0.2220833872905426
32151642_EXO_S5	180322-190603	adapterDimerPerc	0.20850348819796172
32151157_EXO_S31	180322-190603	adapterDimerPerc	0.3453312646915152
32151086_EXO_S6	180322-190603	adapterDimerPerc	0.3020878342604664
32150688_EXO_S20	180322-190603	adapterDimerPerc	0.8949385776207822
32151947_EXO_S11	180322-190603	adapterDimerPerc	0.4833389975634737
32151680_EXO_S22	180322-190603	adapterDimerPerc	0.9753836889119687
32150301_EXO_S14	180322-190603	adapterDimerPerc	0.7294848441923519
32150744_EXO_S30	180322-190603	adapterDimerPerc	7.389784699105526
32160475_EXO_S26	180626-180628-190531	adapterDimerPerc	3.1658348230750857
32161242_EXO_S7	180626-180628-190531	adapterDimerPerc	0.8807098411019769
32160187_EXO_S9	180626-180628-190531	adapterDimerPerc	2.1270700260172646
32160696_EXO_S3	180626-180628-190531	adapterDimerPerc	1.2038638533229236
32151244_EXO_S30	180626-180628-190531	adapterDimerPerc	1.9895313477704306
180626-180628-190531_Brain_S32	180626-180628-190531	adapterDimerPerc	1.5848077480863085
32161406_EXO_S4	180626-180628-190531	adapterDimerPerc	1.3995740340481164
32160790_EXO_S27	180626-180628-190531	adapterDimerPerc	3.647906118636253
32152197_EXO_S12	180626-180628-190531	adapterDimerPerc	1.4144894270858823
32150184_EXO_S18	180626-180628-190531	adapterDimerPerc	2.7566960054962193
32161462_EXO_S13	180626-180628-190531	adapterDimerPerc	3.830579729990756
32151184_EXO_S8	180626-180628-190531	adapterDimerPerc	2.1504795782103705
32151974_EXO_S24	180626-180628-190531	adapterDimerPerc	1.1533254645213191
32160074_EXO_S17	180626-180628-190531	adapterDimerPerc	2.081557676428609
32151031_EXO_S19	180626-180628-190531	adapterDimerPerc	3.865568124642157
32151484_EXO_S11	180626-180628-190531	adapterDimerPerc	2.186470432508729
32151694_EXO_S10	180626-180628-190531	adapterDimerPerc	2.6145704673648287
32160668_EXO_S16	180626-180628-190531	adapterDimerPerc	1.5559720628864462
32152356_EXO_S21	180626-180628-190531	adapterDimerPerc	5.972262266097995
32151971_EXO_S23	180626-180628-190531	adapterDimerPerc	2.00614298461236
32160196_EXO_S22	180626-180628-190531	adapterDimerPerc	1.0762173606210304
32151750_EXO_S14	180626-180628-190531	adapterDimerPerc	1.3752053978833705
32150887_EXO_S28	180626-180628-190531	adapterDimerPerc	1.2467794061972655
32150225_EXO_S2	180626-180628-190531	adapterDimerPerc	1.2544225828673545
32152444_EXO_S25	180626-180628-190531	adapterDimerPerc	3.422469292462181
32140237_EXO_S31	180626-180628-190531	adapterDimerPerc	2.9035232017419568
32150168_EXO_S6	180626-180628-190531	adapterDimerPerc	0.9769327405564955
32152194_EXO_S15	180626-180628-190531	adapterDimerPerc	1.0970665283269327
32151686_EXO_S20	180626-180628-190531	adapterDimerPerc	0.796190410843198
32161248_EXO_S29	180626-180628-190531	adapterDimerPerc	4.590910253957961
32161349_EXO_S5	180626-180628-190531	adapterDimerPerc	1.4235620733124543
32150855_EXO_S1	180626-180628-190531	adapterDimerPerc	1.1990967925748937
32152388_EXO_S22	180726-190530	adapterDimerPerc	2.1879466384686257
32170641_EXO_S35	180726-190530	adapterDimerPerc	3.3886096443116407
32160652_EXO_S28	180726-190530	adapterDimerPerc	2.338178193453901
32152480_EXO_S3	180726-190530	adapterDimerPerc	2.6753955439297035
32170419_EXO_S34	180726-190530	adapterDimerPerc	3.3270187413305514
32160008_EXO_S24	180726-190530	adapterDimerPerc	3.9880722687446704
32151370_EXO_S14	180726-190530	adapterDimerPerc	1.2863206110220156
32150690_EXO_S2	180726-190530	adapterDimerPerc	3.966262467381199
180726-190530_Brain_S36	180726-190530	adapterDimerPerc	1.476855078630954
32151510_EXO_S15	180726-190530	adapterDimerPerc	2.1533196955271925
32160118_EXO_S26	180726-190530	adapterDimerPerc	2.7331689543777604
32150162_EXO_S11	180726-190530	adapterDimerPerc	1.5960599477398079
32151633_EXO_S16	180726-190530	adapterDimerPerc	2.2634901537447325
32152263_EXO_S7	180726-190530	adapterDimerPerc	22.616515635618246
32152081_EXO_S18	180726-190530	adapterDimerPerc	5.055299526147603
32152276_EXO_S21	180726-190530	adapterDimerPerc	1.1045763739081207
32160740_EXO_S29	180726-190530	adapterDimerPerc	2.409129096229425
32152259_EXO_S20	180726-190530	adapterDimerPerc	3.4592643028056016
32160002_EXO_S23	180726-190530	adapterDimerPerc	2.153569128709241
32161448_EXO_S32	180726-190530	adapterDimerPerc	3.605057631192099
32152082_EXO_S19	180726-190530	adapterDimerPerc	4.949098118654965
32152019_EXO_S17	180726-190530	adapterDimerPerc	2.5767492606949594
32161241_EXO_S31	180726-190530	adapterDimerPerc	2.079676805307811
32170071_EXO_S33	180726-190530	adapterDimerPerc	3.0151754520198373
32141754_EXO_S5	180726-190530	adapterDimerPerc	1.5258522176399238
32150091_EXO_S1	180726-190530	adapterDimerPerc	3.2477913797142963
32160964_EXO_S30	180726-190530	adapterDimerPerc	3.0057198097875744
32160619_EXO_S27	180726-190530	adapterDimerPerc	3.890347502480898
32151247_EXO_S13	180726-190530	adapterDimerPerc	2.760129049098808
32150880_EXO_S12	180726-190530	adapterDimerPerc	3.8715187880561186
32151523_EXO_S6	180726-190530	adapterDimerPerc	2.9661509522854894
32141765_EXO_S9	180726-190530	adapterDimerPerc	0.4962170327832164
32150158_EXO_S10	180726-190530	adapterDimerPerc	2.115157852907269
32140235_EXO_S8	180726-190530	adapterDimerPerc	3.5211378320525553
32160071_EXO_S25	180726-190530	adapterDimerPerc	2.719556415044722
32151648_EXO_S4	180726-190530	adapterDimerPerc	2.496967940212876
32152253_EXO_S33	180913-190529	adapterDimerPerc	1.5764266616544753
180913-190529_Brain_S36	180913-190529	adapterDimerPerc	11.339823577696041
32151859_EXO_S28	180913-190529	adapterDimerPerc	2.467145444212722
32150292_EXO_S9	180913-190529	adapterDimerPerc	0.5511450316384725
32152341_EXO_S35	180913-190529	adapterDimerPerc	2.2241868611962747
32151226_EXO_S21	180913-190529	adapterDimerPerc	0.32617907412129976
32150013_EXO_S3	180913-190529	adapterDimerPerc	5.550988287875659
32150698_EXO_S12	180913-190529	adapterDimerPerc	0.49353286473060903
32151984_EXO_S30	180913-190529	adapterDimerPerc	0.9938352647844572
32152084_EXO_S31	180913-190529	adapterDimerPerc	1.5100797306409692
32150243_EXO_S8	180913-190529	adapterDimerPerc	5.443941193311639
32151180_EXO_S20	180913-190529	adapterDimerPerc	0.37253883788843845
32141643_EXO_S1	180913-190529	adapterDimerPerc	3.3323811982938225
32141786_EXO_S2	180913-190529	adapterDimerPerc	12.806065332796493
32150076_EXO_S4	180913-190529	adapterDimerPerc	7.271718356019673
32150849_EXO_S15	180913-190529	adapterDimerPerc	0.18758912839028669
32151444_EXO_S22	180913-190529	adapterDimerPerc	2.7123565815699675
32150163_EXO_S7	180913-190529	adapterDimerPerc	4.851080304068237
32151565_EXO_S23	180913-190529	adapterDimerPerc	2.014053779965335
32151026_EXO_S17	180913-190529	adapterDimerPerc	0.35609697866393897
32150825_EXO_S13	180913-190529	adapterDimerPerc	0.2937687362954497
32152273_EXO_S34	180913-190529	adapterDimerPerc	2.2611354285475422
32151691_EXO_S25	180913-190529	adapterDimerPerc	1.8170408683001855
32150844_EXO_S14	180913-190529	adapterDimerPerc	0.31255772160600465
32150424_EXO_S10	180913-190529	adapterDimerPerc	0.3973534436915603
32152094_EXO_S32	180913-190529	adapterDimerPerc	1.449966268214836
32151125_EXO_S18	180913-190529	adapterDimerPerc	0.41104516122176865
32150080_EXO_S5	180913-190529	adapterDimerPerc	3.948124206739379
32151765_EXO_S27	180913-190529	adapterDimerPerc	2.0459675463919833
32151881_EXO_S29	180913-190529	adapterDimerPerc	1.9422176056080316
32150696_EXO_S11	180913-190529	adapterDimerPerc	0.31830598894817747
32151725_EXO_S26	180913-190529	adapterDimerPerc	2.3337537149495455
32150993_EXO_S16	180913-190529	adapterDimerPerc	0.3484162548134939
32150147_EXO_S6	180913-190529	adapterDimerPerc	4.742978503820609
32151667_EXO_S24	180913-190529	adapterDimerPerc	1.834483955083133
32151152_EXO_S19	180913-190529	adapterDimerPerc	0.568274197411149
180919-190527_Brain_S35	180919-190527	adapterDimerPerc	3.81006941964267
32160466_EXO_S13	180919-190527	adapterDimerPerc	1.2922929269092214
32160120_EXO_S8	180919-190527	adapterDimerPerc	1.584830775158477
32160246_EXO_S10	180919-190527	adapterDimerPerc	3.8235709409272207
32170365_EXO_S26	180919-190527	adapterDimerPerc	1.0745306989377241
32170367_EXO_S27	180919-190527	adapterDimerPerc	1.4180310010560242
32152451_EXO_S5	180919-190527	adapterDimerPerc	0.7665654979565364
32161246_EXO_S18	180919-190527	adapterDimerPerc	1.4790876934168953
32170368_EXO_S28	180919-190527	adapterDimerPerc	0.9225320095817993
32170400_EXO_S30	180919-190527	adapterDimerPerc	2.607624722490142
32160472_EXO_S14	180919-190527	adapterDimerPerc	0.8784245733411965
32160241_EXO_S9	180919-190527	adapterDimerPerc	1.6962367632843403
32152359_EXO_S1	180919-190527	adapterDimerPerc	0.5474957124686859
32161415_EXO_S22	180919-190527	adapterDimerPerc	1.3740996547759385
32161252_EXO_S19	180919-190527	adapterDimerPerc	1.8091053774702113
32170381_EXO_S29	180919-190527	adapterDimerPerc	1.7050712246977666
32152366_EXO_S2	180919-190527	adapterDimerPerc	0.7732273869986892
32150043_EXO_S34	180919-190527	adapterDimerPerc	2.679322616673433
32170453_EXO_S31	180919-190527	adapterDimerPerc	10.689916274675811
32170276_EXO_S24	180919-190527	adapterDimerPerc	1.7146015277518376
32152381_EXO_S3	180919-190527	adapterDimerPerc	0.6852698673245072
32161367_EXO_S21	180919-190527	adapterDimerPerc	2.437813521265169
32160457_EXO_S12	180919-190527	adapterDimerPerc	0.8240815632194601
32152446_EXO_S4	180919-190527	adapterDimerPerc	0.780723945349476
32160782_EXO_S17	180919-190527	adapterDimerPerc	2.3744202354263853
32160083_EXO_S7	180919-190527	adapterDimerPerc	0.5892339973437529
32170613_EXO_S32	180919-190527	adapterDimerPerc	4.3638979562885805
32160323_EXO_S11	180919-190527	adapterDimerPerc	1.00187522523523
32170644_EXO_S33	180919-190527	adapterDimerPerc	2.2151797382472083
32160600_EXO_S15	180919-190527	adapterDimerPerc	1.8006593952699412
32161358_EXO_S20	180919-190527	adapterDimerPerc	0.8900352766352266
32160028_EXO_S6	180919-190527	adapterDimerPerc	0.47405397038312347
32160766_EXO_S16	180919-190527	adapterDimerPerc	1.371205435311304
32170346_EXO_S25	180919-190527	adapterDimerPerc	2.063049700692778
32170068_EXO_S23	180919-190527	adapterDimerPerc	0.927703403721454
32160009_EXO_S30	181003-190524	adapterDimerPerc	0.5987948246106234
32152260_EXO_S26	181003-190524	adapterDimerPerc	0.5328851127087668
32152408_EXO_S29	181003-190524	adapterDimerPerc	0.19373686267250775
32160078_EXO_S32	181003-190524	adapterDimerPerc	0.2158573342523687
32150179_EXO_S2	181003-190524	adapterDimerPerc	0.9157662818730659
32160080_EXO_S33	181003-190524	adapterDimerPerc	0.43340749515523164
32150313_EXO_S5	181003-190524	adapterDimerPerc	0.34065799715944534
32151181_EXO_S16	181003-190524	adapterDimerPerc	0.7439707789215985
32151178_EXO_S15	181003-190524	adapterDimerPerc	0.809309394484664
32152087_EXO_S24	181003-190524	adapterDimerPerc	0.7389088250123939
32151988_EXO_S22	181003-190524	adapterDimerPerc	0.3655933300591518
32160019_EXO_S31	181003-190524	adapterDimerPerc	0.272439412668535
32152030_EXO_S23	181003-190524	adapterDimerPerc	0.3620954683910014
32151021_EXO_S13	181003-190524	adapterDimerPerc	0.8831755246365638
32150156_EXO_S1	181003-190524	adapterDimerPerc	0.18318295639995386
32151970_EXO_S21	181003-190524	adapterDimerPerc	1.1091442554345081
32151029_EXO_S14	181003-190524	adapterDimerPerc	0.9802721886625576
32150829_EXO_S9	181003-190524	adapterDimerPerc	0.840937175134695
32150792_EXO_S8	181003-190524	adapterDimerPerc	0.5295258745939403
181003-190524_Brain_S35	181003-190524	adapterDimerPerc	0.8304844619511218
32151754_EXO_S20	181003-190524	adapterDimerPerc	1.3548341133222537
32150309_EXO_S4	181003-190524	adapterDimerPerc	0.5276878273538798
32160185_EXO_S34	181003-190524	adapterDimerPerc	0.7928666656610674
32151018_EXO_S12	181003-190524	adapterDimerPerc	1.7936868399743844
32151480_EXO_S17	181003-190524	adapterDimerPerc	0.8890732953996141
32150697_EXO_S7	181003-190524	adapterDimerPerc	0.7509492241548968
32152351_EXO_S28	181003-190524	adapterDimerPerc	0.5088787357022028
32150318_EXO_S6	181003-190524	adapterDimerPerc	0.5532018448081601
32152200_EXO_S25	181003-190524	adapterDimerPerc	0.6996507912224805
32150274_EXO_S3	181003-190524	adapterDimerPerc	0.2812047847010504
32151489_EXO_S18	181003-190524	adapterDimerPerc	0.6977772777778634
32150882_EXO_S11	181003-190524	adapterDimerPerc	1.125130944621522
32151625_EXO_S19	181003-190524	adapterDimerPerc	1.3484274379789296
32150835_EXO_S10	181003-190524	adapterDimerPerc	0.5984166040026532
32152348_EXO_S27	181003-190524	adapterDimerPerc	0.5896808044878665
32160965_EXO_S9	181004-190521	adapterDimerPerc	1.2706040798986546
32160622_EXO_S5	181004-190521	adapterDimerPerc	3.0394830140497984
32161245_EXO_S17	181004-190521	adapterDimerPerc	1.8220013944232598
32170434_EXO_S28	181004-190521	adapterDimerPerc	0.7093801580224249
32160340_EXO_S2	181004-190521	adapterDimerPerc	1.4278612913250686
32161045_EXO_S12	181004-190521	adapterDimerPerc	0.8939595203658578
32170383_EXO_S25	181004-190521	adapterDimerPerc	0.893783496089296
32170272_EXO_S24	181004-190521	adapterDimerPerc	0.9483664850164267
32160628_EXO_S6	181004-190521	adapterDimerPerc	3.580050955856282
32161104_EXO_S15	181004-190521	adapterDimerPerc	1.7292514315852923
32161237_EXO_S16	181004-190521	adapterDimerPerc	1.9666904722326197
32170016_EXO_S20	181004-190521	adapterDimerPerc	0.36652160817685
181004-190521_Brain_S35	181004-190521	adapterDimerPerc	0.6891952310618445
32161013_EXO_S11	181004-190521	adapterDimerPerc	1.077868397759758
32170385_EXO_S26	181004-190521	adapterDimerPerc	0.4715614720581442
32150161_EXO_S32	181004-190521	adapterDimerPerc	0.6079262343678248
32160612_EXO_S4	181004-190521	adapterDimerPerc	1.0448615631745062
32161253_EXO_S18	181004-190521	adapterDimerPerc	0.36873525925206874
32170268_EXO_S22	181004-190521	adapterDimerPerc	0.8886373293354606
32170269_EXO_S23	181004-190521	adapterDimerPerc	0.9401171430156526
32150116_EXO_S31	181004-190521	adapterDimerPerc	0.7803229294717082
32161004_EXO_S10	181004-190521	adapterDimerPerc	2.464578728903977
32161392_EXO_S19	181004-190521	adapterDimerPerc	0.4969661522081793
32160765_EXO_S8	181004-190521	adapterDimerPerc	1.5090209992191839
32170450_EXO_S29	181004-190521	adapterDimerPerc	0.3716977336266359
32160373_EXO_S3	181004-190521	adapterDimerPerc	0.9710281019061621
32160284_EXO_S1	181004-190521	adapterDimerPerc	1.2751833561465593
32170409_EXO_S27	181004-190521	adapterDimerPerc	0.7113695570395199
32170083_EXO_S21	181004-190521	adapterDimerPerc	0.548952498726995
32161065_EXO_S14	181004-190521	adapterDimerPerc	2.1322046334127376
32150978_EXO_S34	181004-190521	adapterDimerPerc	0.6571752608429257
32161046_EXO_S13	181004-190521	adapterDimerPerc	0.9225276912408849
32160670_EXO_S7	181004-190521	adapterDimerPerc	2.152573985814979
32170652_EXO_S30	181004-190521	adapterDimerPerc	1.4443237863173684
32150704_EXO_S33	181004-190521	adapterDimerPerc	1.0893521390912155
32170378_EXO_S26	181023-190319	adapterDimerPerc	0.7368122235128669
32161454_EXO_S20	181023-190319	adapterDimerPerc	0.6526426614259366
32160526_EXO_S15	181023-190319	adapterDimerPerc	0.5928253483571305
32152086_EXO_S7	181023-190319	adapterDimerPerc	0.4712799927631937
32151130_EXO_S2	181023-190319	adapterDimerPerc	0.2931276955166059
32151185_EXO_S4	181023-190319	adapterDimerPerc	0.22286493038616995
32170440_EXO_S27	181023-190319	adapterDimerPerc	0.4527552330978135
32152175_EXO_S9	181023-190319	adapterDimerPerc	0.7239380034995438
32152337_EXO_S10	181023-190319	adapterDimerPerc	1.087221635228759
32151033_EXO_S1	181023-190319	adapterDimerPerc	0.11099895600257373
32170273_EXO_S23	181023-190319	adapterDimerPerc	0.6781852998525373
181023-190319_Brain_S29	181023-190319	adapterDimerPerc	0.7471287850793067
32152088_EXO_S8	181023-190319	adapterDimerPerc	0.8815976751635742
32151825_EXO_S6	181023-190319	adapterDimerPerc	0.35921312844765385
32151151_EXO_S3	181023-190319	adapterDimerPerc	0.26922206431941875
32170329_EXO_S24	181023-190319	adapterDimerPerc	0.32177814030483254
32170337_EXO_S25	181023-190319	adapterDimerPerc	0.5825466912047695
32160079_EXO_S13	181023-190319	adapterDimerPerc	1.3702964754161153
32152347_EXO_S11	181023-190319	adapterDimerPerc	0.5333268272234282
32160791_EXO_S16	181023-190319	adapterDimerPerc	0.3055068511039074
32161000_EXO_S17	181023-190319	adapterDimerPerc	0.673165487922897
32160288_EXO_S14	181023-190319	adapterDimerPerc	0.5487655038827801
32170032_EXO_S21	181023-190319	adapterDimerPerc	0.5072558316909126
32170447_EXO_S28	181023-190319	adapterDimerPerc	0.46136712285283293
32160018_EXO_S12	181023-190319	adapterDimerPerc	1.2475290466514934
32170073_EXO_S22	181023-190319	adapterDimerPerc	0.7744508468473331
32161249_EXO_S19	181023-190319	adapterDimerPerc	0.9860867679098686
32151764_EXO_S5	181023-190319	adapterDimerPerc	0.3466093329332452
32161037_EXO_S18	181023-190319	adapterDimerPerc	0.3435040834293844

