name	unique reads 32160196_EXO_S22 32160196_EXO_S22	32160196_EXO_S22	32160196_EXO_S22 (mult. map. adj.)	32160196_EXO_S2232160196_EXO_S22(lib)	32160196_EXO_S2232160196_EXO_S22(total)	coordinateString 32160196_EXO_S22 32160196_EXO_S22	32160196_EXO_S22 (lib)	32160196_EXO_S22 (total)
hsa-mir-30a	1583.0	491920.0	491386.5	226782.06157212265	167250.21096673424	6:hsa;hsa-mir-30a,71403551,71403621,-	226536.11054380762	167068.82377460797
hsa-let-7a-1	542.0	211745.0	71167.383333333	97617.43297200583	71992.18556096753	9:hsa;hsa-let-7a-1,94175957,94176036,+	32809.16797248898	24196.535770959486
hsa-let-7a-3	540.0	211406.0	70851.883333333	97461.1491883155	71876.9273451647	22:hsa;hsa-let-7a-3,46112749,46112822,+	32663.718020411397	24089.26743147338
hsa-let-7a-2	524.0	211328.0	70849.71666666634	97425.19008764338	71850.40775568795	11:hsa;hsa-let-7a-2,122146522,122146593,-	32662.71915650384	24088.53077621014
hsa-mir-30d	780.0	165134.0	164715.0	76129.10423575155	56144.69088018518	8:hsa;hsa-mir-30d,134804876,134804945,-	75935.93932316673	56002.23308543184
hsa-mir-10b	746.0	160229.0	160057.5	73867.83002040909	54477.01669578155	2:hsa;hsa-mir-10b,176150303,176150412,+	73788.76610034156	54418.70759840638
hsa-mir-10a	840.0	150210.0	150035.83333333334	69248.92964048736	51070.609426966075	17:hsa;hsa-mir-10a,48579838,48579947,-	69168.63634945669	51011.39367695922
hsa-mir-26a-2	516.0	149637.0	75022.33333333333	68984.76855478069	50875.79244273299	12:hsa;hsa-mir-26a-2,57824609,57824692,-	34586.35432038605	25507.198481900832
hsa-mir-26a-1	496.0	149269.0	74654.33333333333	68815.1153618661	50750.67437956061	3:hsa;hsa-mir-26a-1,37969404,37969480,+	34416.701127471475	25382.080418728452
hsa-let-7b	799.0	123337.0	123162.5	56860.09743072226	41933.93086275025	22:hsa;hsa-let-7b,46113686,46113768,+	56779.65046832118	41874.601781164434
hsa-let-7f-2	320.0	88746.0	45263.75000000001	40913.15831086273	30173.172919283214	X:hsa;hsa-let-7f-2,53557192,53557274,-	20867.227474965784	15389.43677151878
hsa-let-7f-1	304.0	87352.0	43874.50000000001	40270.50463987652	29699.22025607044	9:hsa;hsa-let-7f-1,94176347,94176433,+	20226.763621007678	14917.099083306193
hsa-mir-204	459.0	54022.0	54011.0	24904.904314216154	18367.19567581094	9:hsa;hsa-mir-204,70809975,70810084,-	24899.833158993162	18363.455733705243
hsa-mir-125a	353.0	49052.0	49052.0	22613.664181646935	16677.42183351002	19:hsa;hsa-mir-125a,51693254,51693339,+	22613.664181646935	16677.42183351002
hsa-let-7c	289.0	31246.0	31050.299999999996	14404.84691795931	10623.475548598508	21:hsa;hsa-let-7c,16539828,16539911,+	14314.626456401202	10556.938578590803
hsa-mir-92a-1	358.0	30911.0	16309.333333333334	14250.4071907137	10509.577311743215	13:hsa;hsa-mir-92a-1,91351314,91351391,+	7518.832810620167	5545.087495378905
hsa-mir-30c-2	333.0	29609.0	15462.0	13650.16681795613	10066.904164323538	6:hsa;hsa-mir-30c-2,71376960,71377031,-	7128.200187079526	5256.998621661337
hsa-mir-92a-2	314.0	29350.0	14748.333333333334	13530.76416316027	9978.845527471236	X:hsa;hsa-mir-92a-2,134169538,134169612,-	6799.189783066737	5014.355711106926
hsa-mir-30c-1	301.0	28341.0	14194.0	13065.600924978711	9635.79083795783	1:hsa;hsa-mir-30c-1,40757284,40757372,+	6543.634294102108	4825.8852952956295
hsa-mir-21	267.0	27796.0	27796.0	12814.348234385105	9450.493706357427	17:hsa;hsa-mir-21,59841266,59841337,+	12814.348234385105	9450.493706357427
hsa-let-7g	246.0	26578.0	26423.666666666664	12252.833046966734	9036.380116835791	3:hsa;hsa-let-7g,52268278,52268361,-	12181.683202474476	8983.907595777084
hsa-mir-200b	460.0	26473.0	26468.5	12204.426565292737	9000.680669463238	1:hsa;hsa-mir-200b,1167104,1167198,+	12202.352001792422	8999.15069314727
hsa-mir-200c	318.0	25762.0	25757.5	11876.645532243096	8758.94441154051	12:hsa;hsa-mir-200c,6963699,6963766,+	11874.57096874278	8757.414435224544
hsa-mir-30e	442.0	25104.0	24865.5	11573.298247086044	8535.2278746725	1:hsa;hsa-mir-30e,40754355,40754446,+	11463.346381569392	8454.139129926269
hsa-let-7e	300.0	24618.0	24346.25	11349.245389052112	8369.990432548106	19:hsa;hsa-let-7e,51692786,51692864,+	11223.964804338695	8277.596862800565
hsa-mir-26b	216.0	23939.0	23932.333333333332	11036.216807560262	8139.134006205584	2:hsa;hsa-mir-26b,218402646,218402722,+	11033.143380152389	8136.867374626374
hsa-mir-27b	249.0	14418.0	14371.5	6646.901455006636	4902.0441163570795	9:hsa;hsa-mir-27b,95085445,95085541,+	6625.464298836722	4886.234361092091
hsa-mir-99b	191.0	11588.0	11588.0	5342.231520364607	3939.8590109825104	19:hsa;hsa-mir-99b,51692612,51692681,+	5342.231520364607	3939.8590109825104
hsa-mir-423	288.0	10888.0	10888.0	5019.521642537956	3701.862695165479	17:hsa;hsa-mir-423,30117079,30117172,+	5019.521642537956	3701.862695165479
hsa-mir-151a	219.0	10388.0	10267.166666666668	4789.014586947492	3531.8653267247428	8:hsa;hsa-mir-151a,140732564,140732653,-	4733.308715179796	3490.782629351565
hsa-mir-203a	189.0	9958.0	9958.0	4590.778519139692	3385.667589865709	14:hsa;hsa-mir-203a,104117405,104117514,+	4590.778519139692	3385.667589865709
hsa-mir-320a	234.0	9638.0	9394.452380952382	4443.254003561795	3276.869274063638	8:hsa;hsa-mir-320a,22244966,22245037,-	4330.975114436325	3194.0643654074333
hsa-mir-23a	157.0	9166.0	9160.0	4225.655343084396	3116.3917582555823	19:hsa;hsa-mir-23a,13836587,13836659,-	4222.889258417311	3114.3517898342934
hsa-let-7d	225.0	9107.0	8798.0	4198.455510524721	3096.3320687795754	9:hsa;hsa-let-7d,94178834,94178920,+	4056.0021501698143	2991.2736950832004
hsa-mir-191	163.0	8926.0	8926.0	4115.011956400973	3034.793021404029	3:hsa;hsa-mir-191,49020618,49020709,-	4115.011956400973	3034.793021404029
hsa-mir-23b	184.0	7766.0	7761.5	3580.2355874310956	2640.3991266215203	9:hsa;hsa-mir-23b,95085208,95085304,+	3578.161023930781	2638.8691503055534
hsa-mir-99a	150.0	7519.0	7513.5	3466.365101969406	2556.4204266117963	21:hsa;hsa-mir-99a,16539089,16539169,+	3463.829524357911	2554.550455558948
hsa-mir-200a	187.0	6765.0	6765.0	3118.7604621389855	2300.0643950031654	1:hsa;hsa-mir-200a,1167863,1167952,+	3118.7604621389855	2300.0643950031654
hsa-mir-98	103.0	6288.0	6143.55	2898.8567311056822	2137.886905510703	X:hsa;hsa-mir-98,53556223,53556341,-	2832.263242745597	2088.774665768174
hsa-mir-125b-2	153.0	6027.0	3243.0	2778.5320480874598	2049.1482791846383	21:hsa;hsa-mir-125b-2,16590237,16590325,+	1495.0687625597532	1102.6029317066173
hsa-let-7i	117.0	5909.0	5898.0	2724.13238296811	2009.0289002326244	12:hsa;hsa-let-7i,62603686,62603769,+	2719.06122774512	2005.2889581269283
hsa-mir-125b-1	125.0	5594.0	2810.0	2578.9129379461174	1901.9305581149606	11:hsa;hsa-mir-125b-1,122099757,122099844,-	1295.4496524184108	955.3852106369394
hsa-mir-182	142.0	5407.0	5407.0	2492.7032991552837	1838.351542318125	7:hsa;hsa-mir-182,129770383,129770492,-	2492.7032991552837	1838.351542318125
hsa-mir-429	81.0	4964.0	4964.0	2288.474047902132	1687.7338738796325	1:hsa;hsa-mir-429,1169005,1169087,+	2288.474047902132	1687.7338738796325
hsa-mir-103a-2	98.0	4397.0	2180.666666666666	2027.0790468625453	1494.9568580678372	20:hsa;hsa-mir-103a-2,3917494,3917571,+	1005.3181051152125	741.4151895595321
hsa-mir-103a-1	95.0	4378.0	2161.666666666666	2018.3197787501076	1488.4969580670893	5:hsa;hsa-mir-103a-1,168560896,168560973,-	996.5588370027748	734.9552895587841
hsa-mir-24-2	113.0	4248.0	2152.0	1958.3879442965867	1444.2976422724978	19:hsa;hsa-mir-24-2,13836287,13836359,-	992.1023672613594	731.6686737689301
hsa-mir-24-1	110.0	4225.0	2129.0	1947.7846197394256	1436.4777633242238	9:hsa;hsa-mir-24-1,95086021,95086088,+	981.499042704198	723.8487948206563
hsa-mir-101-2	105.0	4002.0	2063.5	1844.9784729460782	1360.6589369996555	9:hsa;hsa-mir-101-2,4850297,4850375,+	951.3026184218472	701.5791395549197
hsa-mir-9-2	130.0	3993.0	1346.6666666666667	1840.8293459454499	1357.598984367722	5:hsa;hsa-mir-9-2,88666853,88666939,-	620.8323363903179	457.8595790003838
hsa-mir-9-1	130.0	3993.0	1346.6666666666667	1840.8293459454499	1357.598984367722	1:hsa;hsa-mir-9-1,156420341,156420429,-	620.8323363903179	457.8595790003838
hsa-mir-181a-2	123.0	3903.0	2208.5	1799.3380759391664	1326.9994580483894	9:hsa;hsa-mir-181a-2,124692442,124692551,+	1018.1496645430819	750.8783764027334
hsa-mir-9-3	124.0	3902.0	1302.6666666666667	1798.8770618279855	1326.659463311508	15:hsa;hsa-mir-9-3,89368017,89368106,+	600.547715498357	442.899810577599
hsa-mir-101-1	97.0	3877.0	1938.5	1787.3517090484622	1318.1595948894712	1:hsa;hsa-mir-101-1,65058434,65058508,-	893.6758545242311	659.0797974447356
hsa-mir-22	92.0	3840.0	3840.0	1770.2941869347678	1305.5797896248566	17:hsa;hsa-mir-22,1713903,1713987,-	1770.2941869347678	1305.5797896248566
hsa-mir-30b	71.0	3777.0	3777.0	1741.2502979303692	1284.1601212013238	8:hsa;hsa-mir-30b,134800520,134800607,-	1741.2502979303692	1284.1601212013238
hsa-mir-181a-1	101.0	3405.0	1710.5	1569.7530485710636	1157.6820790814158	1:hsa;hsa-mir-181a-1,198859044,198859153,-	788.5646371749792	581.5609974357598
hsa-mir-148a	99.0	3389.0	3389.0	1562.3768227921687	1152.2421632913124	7:hsa;hsa-mir-148a,25949919,25949986,-	1562.3768227921687	1152.2421632913124
hsa-mir-183	86.0	3336.0	3336.0	1537.9430748995794	1134.2224422365944	7:hsa;hsa-mir-183,129774905,129775014,-	1537.9430748995794	1134.2224422365944
hsa-mir-221	109.0	3072.0	3072.0	1416.2353495478142	1044.4638316998853	X:hsa;hsa-mir-221,45746157,45746266,-	1416.2353495478142	1044.4638316998853
hsa-mir-92b	151.0	3015.0	3014.3333333333335	1389.9575452105012	1025.0841316976414	1:hsa;hsa-mir-92b,155195177,155195272,+	1389.650202469714	1024.8574685397205
hsa-mir-29a	83.0	2752.0	2752.0	1268.7108339699168	935.665515897814	7:hsa;hsa-mir-29a,130876747,130876810,-	1268.7108339699168	935.665515897814
hsa-mir-25	71.0	2626.0	2626.0	1210.62305596112	892.8261790507484	7:hsa;hsa-mir-25,100093560,100093643,-	1210.62305596112	892.8261790507484
hsa-mir-93	69.0	2571.0	2571.0	1185.2672798461688	874.1264685222674	7:hsa;hsa-mir-93,100093768,100093847,-	1185.2672798461688	874.1264685222674
hsa-mir-222	80.0	2380.0	2380.0	1097.2135846106112	809.187473777906	X:hsa;hsa-mir-222,45747015,45747124,-	1097.2135846106112	809.187473777906
hsa-mir-100	76.0	2369.0	2363.5	1092.142429387621	805.4475316722097	11:hsa;hsa-mir-100,122152229,122152308,-	1089.606851776126	803.5775606193616
hsa-mir-27a	92.0	2308.0	2265.5	1064.0205686055845	784.70785272244	19:hsa;hsa-mir-27a,13836440,13836517,-	1044.4274688803948	770.2580764049773
hsa-mir-28	70.0	2222.0	2216.666666666667	1024.3733550440245	755.4683053506333	3:hsa;hsa-mir-28,188688781,188688866,+	1021.9146131177263	753.6550000872654
hsa-mir-532	78.0	2028.0	2028.0	934.9366174749242	689.5093263956275	X:hsa;hsa-mir-532,50003148,50003238,+	934.9366174749242	689.5093263956275
hsa-mir-141	69.0	1962.0	1962.0	904.509686136983	667.0696737614502	12:hsa;hsa-mir-141,6964097,6964191,+	904.509686136983	667.0696737614502
hsa-mir-16-2	54.0	1852.0	988.3333333333334	853.7981339070807	629.6702527044882	3:hsa;hsa-mir-16-2,160404745,160404825,+	455.6356132171516	336.02813161785593
hsa-mir-652	55.0	1828.0	1828.0	842.7337952387384	621.5103790193328	X:hsa;hsa-mir-652,110055329,110055426,+	842.7337952387384	621.5103790193328
hsa-mir-501	76.0	1786.0	1783.5	823.3712025691394	607.230600070311	X:hsa;hsa-mir-501,50009722,50009805,+	822.2186672911871	606.3806132281072
hsa-mir-16-1	43.0	1732.0	868.3333333333334	798.4764405653692	588.8708842787114	13:hsa;hsa-mir-16-1,50048973,50049061,-	400.31391987544015	295.22876319207916
hsa-mir-31	49.0	1473.0	1473.0	679.0737857695086	500.8122474264099	9:hsa;hsa-mir-31,21512115,21512185,-	679.0737857695086	500.8122474264099
hsa-mir-500a	64.0	1469.0	1249.0	677.2297293247849	499.452268478884	X:hsa;hsa-mir-500a,50008431,50008514,+	575.8066248649804	424.6534263649599
hsa-mir-196a-2	55.0	1447.0	925.1666666666667	667.0874188788044	491.9723842674916	12:hsa;hsa-mir-196a-2,53991738,53991847,+	426.51488852755625	314.5517974048429
hsa-mir-335	50.0	1263.0	1263.0	582.2608224215135	429.4133526813005	7:hsa;hsa-mir-335,130496111,130496204,+	582.2608224215135	429.4133526813005
hsa-mir-128-1	61.0	1259.0	770.5	580.4167659767897	428.0533737337746	2:hsa;hsa-mir-128-1,135665397,135665478,+	355.21137266490587	261.965944767175
hsa-mir-186	43.0	1226.0	1226.0	565.2033003078191	416.83354741668603	1:hsa;hsa-mir-186,71067631,71067716,-	565.2033003078191	416.83354741668603
hsa-mir-361	58.0	1181.0	1181.0	544.4576653046772	401.5337842570197	X:hsa;hsa-mir-361,85903636,85903707,-	544.4576653046772	401.5337842570197
hsa-mir-502	57.0	1159.0	975.5	534.3153548586969	394.0539000456273	X:hsa;hsa-mir-502,50014598,50014683,+	449.71926545699637	331.664865827877
hsa-mir-196a-1	36.0	1043.0	521.6666666666666	480.8377179617091	354.61451056737644	17:hsa;hsa-mir-196a-1,48632490,48632559,-	240.49569466605132	177.36392107316846
hsa-mir-128-2	46.0	1001.0	512.5	461.47512529211	340.33473161835457	3:hsa;hsa-mir-128-2,35744476,35744559,+	236.26973198022617	174.24730265175495
hsa-mir-660	30.0	995.0	995.0	458.70904062502444	338.2947631970657	X:hsa;hsa-mir-660,50013241,50013337,+	458.70904062502444	338.2947631970657
hsa-mir-194-2	39.0	983.0	729.0	453.1768712908533	334.2148263544881	11:hsa;hsa-mir-194-2,64891355,64891439,-	336.07928705089734	247.8561631865939
hsa-mir-205	44.0	945.0	945.0	435.658335065978	321.29502635299207	1:hsa;hsa-mir-205,209432133,209432242,+	435.658335065978	321.29502635299207
hsa-mir-374b	32.0	936.0	926.5	431.50920806534964	318.2350737210588	X:hsa;hsa-mir-374b,74218547,74218618,-	427.1295740091308	315.0051237206848
hsa-mir-375	22.0	933.0	933.0	430.12616573180685	317.21508951041443	2:hsa;hsa-mir-375,219001645,219001708,-	430.12616573180685	317.21508951041443
hsa-mir-340	34.0	877.0	877.0	404.30937550567484	298.17538424505193	5:hsa;hsa-mir-340,180015303,180015397,-	404.30937550567484	298.17538424505193
hsa-mir-192	61.0	871.0	871.0	401.54329083858926	296.1354158237631	11:hsa;hsa-mir-192,64891137,64891246,-	401.54329083858926	296.1354158237631
hsa-mir-342	39.0	802.0	802.0	369.73331716710516	272.6757789789414	14:hsa;hsa-mir-342,100109655,100109753,+	369.73331716710516	272.6757789789414
hsa-mir-424	46.0	734.0	734.0	338.384357606802	249.55613687100126	X:hsa;hsa-mir-424,134546614,134546711,-	338.384357606802	249.55613687100126
hsa-mir-196b	34.0	733.0	731.1666666666667	337.92334349562105	249.2161421341198	7:hsa;hsa-mir-196b,27169480,27169563,-	337.07815095845604	248.5928184498371
hsa-mir-29c	48.0	728.0	728.0	335.6182729397164	247.5161684497124	1:hsa;hsa-mir-29c,207801852,207801939,-	335.6182729397164	247.5161684497124
hsa-mir-664a	41.0	688.0	688.0	317.1777084924792	233.9163789744535	1:hsa;hsa-mir-664a,220200538,220200619,-	317.1777084924792	233.9163789744535
hsa-mir-135b	20.0	670.0	668.6666666666667	308.8794544912225	227.79647371058698	1:hsa;hsa-mir-135b,205448302,205448398,-	308.264769009648	227.34314739474505
hsa-mir-181b-2	40.0	661.0	339.0	304.73032749059416	224.7365210786537	9:hsa;hsa-mir-181b-2,124693710,124693798,+	156.28378369033496	115.25821580281938
hsa-mir-181b-1	36.0	644.0	322.0	296.89308760051836	218.9566105516687	1:hsa;hsa-mir-181b-1,198858873,198858982,-	148.44654380025918	109.47830527583434
hsa-mir-95	30.0	639.0	639.0	294.5880170446137	217.2566368672613	4:hsa;hsa-mir-95,8005301,8005381,-	294.5880170446137	217.2566368672613
hsa-mir-1180	34.0	592.0	592.0	272.92035381911	201.27688423383208	17:hsa;hsa-mir-1180,19344506,19344574,-	272.92035381911	201.27688423383208
hsa-mir-140	56.0	563.0	563.0	259.5509445948631	191.41703686426936	16:hsa;hsa-mir-140,69933081,69933180,+	259.5509445948631	191.41703686426936
hsa-mir-15b	24.0	557.0	557.0	256.7848599277775	189.37706844298052	3:hsa;hsa-mir-15b,160404588,160404685,+	256.7848599277775	189.37706844298052
hsa-mir-320b-2	38.0	546.0	175.61904761904768	251.7137047047873	185.63712633728431	1:hsa;hsa-mir-320b-2,224257040,224257110,-	80.96285914453652	59.709551886613006
hsa-mir-320b-1	36.0	542.0	171.11904761904768	249.86964826006357	184.27714738975843	1:hsa;hsa-mir-320b-1,116671746,116671817,+	78.88829564422235	58.17957557064638
hsa-mir-29b-1	34.0	525.0	278.0	242.0324083699878	178.49723686277338	7:hsa;hsa-mir-29b-1,130877459,130877539,-	128.1619229082983	94.51853685304953
hsa-mir-193a	19.0	516.0	516.0	237.88328136935942	175.4372842308401	17:hsa;hsa-mir-193a,31559996,31560083,+	237.88328136935942	175.4372842308401
hsa-mir-29b-2	34.0	515.0	268.0	237.4222672581785	175.09728949395864	1:hsa;hsa-mir-29b-2,207802443,207802523,-	123.551781796489	91.11858948423479
hsa-mir-194-1	18.0	509.0	255.0	234.65618259109291	173.05732107266982	1:hsa;hsa-mir-194-1,220118157,220118241,-	117.55859835113692	86.69865790477564
hsa-mir-374a	25.0	509.0	509.0	234.65618259109291	173.05732107266982	X:hsa;hsa-mir-374a,74287286,74287357,-	234.65618259109291	173.05732107266982
hsa-mir-197	17.0	490.0	490.0	225.89691447865528	166.59742107192181	1:hsa;hsa-mir-197,109598893,109598967,+	225.89691447865528	166.59742107192181
hsa-mir-362	31.0	469.0	469.0	216.21561814385575	159.45753159741088	X:hsa;hsa-mir-362,50008964,50009028,+	216.21561814385575	159.45753159741088
hsa-mir-425	35.0	469.0	469.0	216.21561814385575	159.45753159741088	3:hsa;hsa-mir-425,49020148,49020234,-	216.21561814385575	159.45753159741088
hsa-mir-378a	24.0	459.0	452.25	211.60547703204645	156.05758422859614	5:hsa;hsa-mir-378a,149732825,149732890,+	208.49363178157517	153.7626197546462
hsa-mir-363	25.0	455.0	455.0	209.76142058732273	154.69760528107025	X:hsa;hsa-mir-363,134169378,134169452,-	209.76142058732273	154.69760528107025
hsa-mir-148b	24.0	430.0	430.0	198.23606780779951	146.19773685903343	12:hsa;hsa-mir-148b,54337216,54337314,+	198.23606780779951	146.19773685903343
hsa-mir-106b	33.0	413.0	413.0	190.3988279177237	140.41782633204838	7:hsa;hsa-mir-106b,100093993,100094074,-	190.3988279177237	140.41782633204838
hsa-mir-345	33.0	407.0	407.0	187.63274325063816	138.37785791075956	14:hsa;hsa-mir-345,100307859,100307956,+	187.63274325063816	138.37785791075956
hsa-mir-146b	29.0	397.0	397.0	183.02260213882886	134.97791054194482	10:hsa;hsa-mir-146b,102436512,102436584,+	183.02260213882886	134.97791054194482
hsa-mir-505	32.0	379.0	379.0	174.72434813757212	128.8580052780783	X:hsa;hsa-mir-505,139924148,139924231,-	174.72434813757212	128.8580052780783
hsa-mir-455	23.0	376.0	376.0	173.34130580402933	127.83802106743389	9:hsa;hsa-mir-455,114209434,114209529,+	173.34130580402933	127.83802106743389
hsa-mir-574	13.0	343.0	343.0	158.12784013505868	116.61819475034527	4:hsa;hsa-mir-574,38868032,38868127,+	158.12784013505868	116.61819475034527
hsa-mir-339	20.0	304.0	304.0	140.14828979900244	103.35840001196782	7:hsa;hsa-mir-339,1022933,1023026,-	140.14828979900244	103.35840001196782
hsa-mir-320c-2	18.0	294.0	81.45238095238095	135.53814868719317	99.9584526431531	18:hsa;hsa-mir-320c-2,24321675,24321746,+	37.55069700833234	27.693380830274272
hsa-mir-224	17.0	273.0	273.0	125.85685235239364	92.81856316864216	X:hsa;hsa-mir-224,151958578,151958658,-	125.85685235239364	92.81856316864216
hsa-mir-331	19.0	257.0	257.0	118.48062657349878	87.37864737853859	12:hsa;hsa-mir-331,95308420,95308513,+	118.48062657349878	87.37864737853859
hsa-mir-484	31.0	255.0	255.0	117.55859835113692	86.69865790477564	16:hsa;hsa-mir-484,15643294,15643372,+	117.55859835113692	86.69865790477564
hsa-mir-107	22.0	253.0	143.66666666666669	116.63657012877506	86.0186684310127	10:hsa;hsa-mir-107,89592747,89592827,-	66.23236063966016	48.84591053197164
hsa-mir-151b	16.0	252.0	131.16666666666666	116.17555601759413	85.67867369413122	14:hsa;hsa-mir-151b,100109419,100109514,-	60.46968424989853	44.59597632095322
hsa-mir-1307	26.0	252.0	252.0	116.17555601759413	85.67867369413122	10:hsa;hsa-mir-1307,103394253,103394401,-	116.17555601759413	85.67867369413122
hsa-mir-328	25.0	235.0	235.0	108.33831612751834	79.89876316714619	16:hsa;hsa-mir-328,67202321,67202395,-	108.33831612751834	79.89876316714619
hsa-mir-320c-1	15.0	234.0	55.78571428571428	107.87730201633741	79.5587684302647	18:hsa;hsa-mir-320c-1,21683518,21683589,+	25.718001488021827	18.96684925031646
hsa-mir-152	16.0	221.0	221.0	101.88411857098534	75.13883685080556	17:hsa;hsa-mir-152,48037161,48037247,-	101.88411857098534	75.13883685080556
hsa-mir-324	17.0	210.0	210.0	96.81296334799511	71.39889474510935	17:hsa;hsa-mir-324,7223297,7223379,-	96.81296334799511	71.39889474510935
hsa-mir-1260a	8.0	200.0	200.0	92.20282223618582	67.99894737629462	14:hsa;hsa-mir-1260a,77266218,77266290,+	92.20282223618582	67.99894737629462
hsa-mir-874	18.0	197.0	197.0	90.81977990264303	66.9789631656502	5:hsa;hsa-mir-874,137647572,137647649,-	90.81977990264303	66.9789631656502
hsa-mir-1301	25.0	179.0	179.0	82.52152590138631	60.859057901783686	2:hsa;hsa-mir-1301,25328640,25328721,-	82.52152590138631	60.859057901783686
hsa-mir-223	16.0	175.0	175.0	80.67746945666259	59.49907895425779	X:hsa;hsa-mir-223,66018870,66018979,+	80.67746945666259	59.49907895425779
hsa-mir-598	5.0	173.0	173.0	79.75544123430073	58.819089480494846	8:hsa;hsa-mir-598,11035206,11035302,-	79.75544123430073	58.819089480494846
hsa-mir-421	18.0	172.0	172.0	79.2944271231198	58.47909474361337	X:hsa;hsa-mir-421,74218377,74218461,-	79.2944271231198	58.47909474361337
hsa-mir-190a	13.0	170.0	170.0	78.37239890075794	57.79910526985043	15:hsa;hsa-mir-190a,62823957,62824041,+	78.37239890075794	57.79910526985043
hsa-mir-17	16.0	164.0	152.0	75.60631423367238	55.75913684856159	13:hsa;hsa-mir-17,91350605,91350688,+	70.07414489950122	51.67920000598391
hsa-mir-1843	14.0	161.0	157.8	74.22327190012959	54.73915263791717	1:hsa;hsa-mir-1843,175968370,175968479,-	72.74802674435062	53.65116947989646
hsa-mir-877	23.0	157.0	157.0	72.37921545540587	53.379173690391276	6:hsa;hsa-mir-877,30584332,30584417,+	72.37921545540587	53.379173690391276
hsa-mir-20a	13.0	156.0	156.0	71.91820134422494	53.039178953509804	13:hsa;hsa-mir-20a,91351065,91351135,+	71.91820134422494	53.039178953509804
hsa-mir-628	19.0	153.0	153.0	70.53515901068215	52.01919474286539	15:hsa;hsa-mir-628,55372940,55373034,-	70.53515901068215	52.01919474286539
hsa-mir-7-1	11.0	144.0	71.33333333333334	66.3860320100538	48.959242110932124	9:hsa;hsa-mir-7-1,83969748,83969857,-	32.885673264239614	24.252957897545084
hsa-mir-3613	9.0	142.0	142.0	65.46400378769194	48.27925263716918	13:hsa;hsa-mir-3613,49996415,49996501,-	65.46400378769194	48.27925263716918
hsa-mir-3615	17.0	142.0	142.0	65.46400378769194	48.27925263716918	17:hsa;hsa-mir-3615,74748613,74748699,+	65.46400378769194	48.27925263716918
hsa-mir-32	10.0	138.0	138.0	63.61994734296822	46.91927368964329	9:hsa;hsa-mir-32,109046229,109046298,-	63.61994734296822	46.91927368964329
hsa-mir-365b	17.0	135.0	91.0	62.23690500942543	45.89928947899887	17:hsa;hsa-mir-365b,31575411,31575521,+	41.95228411746455	30.93952105621405
hsa-mir-135a-2	15.0	130.0	92.16666666666667	59.931834453520786	44.199315794591506	12:hsa;hsa-mir-135a-2,97563812,97563911,+	42.4901339138423	31.336181582575772
hsa-mir-582	12.0	127.0	127.0	58.548792119977996	43.17933158394708	5:hsa;hsa-mir-582,59703606,59703703,-	58.548792119977996	43.17933158394708
hsa-mir-143	16.0	123.0	123.0	56.70473567525428	41.81935263642119	5:hsa;hsa-mir-143,149428918,149429023,+	56.70473567525428	41.81935263642119
hsa-mir-744	17.0	119.0	119.0	54.860679230530565	40.4593736888953	17:hsa;hsa-mir-744,12081899,12081996,+	54.860679230530565	40.4593736888953
hsa-mir-320d-2	9.0	118.0	56.11904761904762	54.399665119349635	40.119378952013825	X:hsa;hsa-mir-320d-2,140926160,140926231,-	25.871672858415476	19.080180829276955
hsa-mir-769	9.0	118.0	118.0	54.399665119349635	40.119378952013825	19:hsa;hsa-mir-769,46018932,46019049,+	54.399665119349635	40.119378952013825
hsa-mir-320d-1	10.0	115.0	53.61904761904762	53.016622785806845	39.09939474136941	13:hsa;hsa-mir-320d-1,40727816,40727887,-	24.71913758046315	18.23019398707327
hsa-mir-891a	7.0	113.0	113.0	52.094594563444986	38.41940526760646	X:hsa;hsa-mir-891a,146027794,146027872,-	52.094594563444986	38.41940526760646
hsa-mir-584	9.0	112.0	112.0	51.63358045226406	38.079410530724985	5:hsa;hsa-mir-584,149062313,149062409,-	51.63358045226406	38.079410530724985
hsa-mir-34a	9.0	111.0	111.0	51.17256634108313	37.73941579384351	1:hsa;hsa-mir-34a,9151668,9151777,-	51.17256634108313	37.73941579384351
hsa-mir-542	14.0	111.0	111.0	51.17256634108313	37.73941579384351	X:hsa;hsa-mir-542,134541341,134541437,-	51.17256634108313	37.73941579384351
hsa-mir-7-3	6.0	109.0	36.333333333333336	50.25053811872127	37.05942632008057	19:hsa;hsa-mir-7-3,4770670,4770779,+	16.75017937290709	12.353142106693523
hsa-mir-218-1	11.0	109.0	59.0	50.25053811872127	37.05942632008057	4:hsa;hsa-mir-218-1,20528275,20528384,+	27.199832559674817	20.059689476006913
hsa-mir-7-2	6.0	109.0	36.333333333333336	50.25053811872127	37.05942632008057	15:hsa;hsa-mir-7-2,88611825,88611934,+	16.75017937290709	12.353142106693523
hsa-mir-365a	14.0	101.0	57.0	46.56242522927384	34.339468425028784	16:hsa;hsa-mir-365a,14309285,14309371,+	26.277804337312958	19.37970000224397
hsa-mir-218-2	8.0	100.0	50.0	46.10141111809291	33.99947368814731	5:hsa;hsa-mir-218-2,168768146,168768255,-	23.050705559046456	16.999736844073656
hsa-mir-132	14.0	100.0	100.0	46.10141111809291	33.99947368814731	17:hsa;hsa-mir-132,2049908,2050008,-	46.10141111809291	33.99947368814731
hsa-mir-615	18.0	98.0	97.5	45.17938289573105	33.31948421438437	12:hsa;hsa-mir-615,54033950,54034045,+	44.94887584014059	33.14948684594363
hsa-mir-454	12.0	94.0	94.0	43.33532645100733	31.95950526685847	17:hsa;hsa-mir-454,59137758,59137872,-	43.33532645100733	31.95950526685847
hsa-mir-629	10.0	90.0	90.0	41.49127000628362	30.59952631933258	15:hsa;hsa-mir-629,70079372,70079468,-	41.49127000628362	30.59952631933258
hsa-mir-185	14.0	87.0	87.0	40.10822767274083	29.57954210868816	22:hsa;hsa-mir-185,20033139,20033220,+	40.10822767274083	29.57954210868816
hsa-mir-2110	10.0	84.0	84.0	38.72518533919804	28.55955789804374	10:hsa;hsa-mir-2110,114174105,114174179,-	38.72518533919804	28.55955789804374
hsa-mir-330	12.0	84.0	84.0	38.72518533919804	28.55955789804374	19:hsa;hsa-mir-330,45638994,45639087,-	38.72518533919804	28.55955789804374
hsa-mir-149	9.0	83.0	83.0	38.26417122801712	28.219563161162267	2:hsa;hsa-mir-149,240456001,240456089,+	38.26417122801712	28.219563161162267
hsa-mir-187	13.0	83.0	83.0	38.26417122801712	28.219563161162267	18:hsa;hsa-mir-187,35904818,35904926,-	38.26417122801712	28.219563161162267
hsa-mir-184	6.0	80.0	80.0	36.88112889447433	27.199578950517846	15:hsa;hsa-mir-184,79209788,79209871,+	36.88112889447433	27.199578950517846
hsa-mir-934	13.0	80.0	80.0	36.88112889447433	27.199578950517846	X:hsa;hsa-mir-934,136550878,136550960,+	36.88112889447433	27.199578950517846
hsa-mir-129-1	12.0	80.0	45.0	36.88112889447433	27.199578950517846	7:hsa;hsa-mir-129-1,128207872,128207943,+	20.74563500314181	15.29976315966629
hsa-mir-19b-1	6.0	79.0	39.5	36.4201147832934	26.859584213636374	13:hsa;hsa-mir-19b-1,91351192,91351278,+	18.2100573916467	13.429792106818187
hsa-mir-19b-2	6.0	79.0	39.5	36.4201147832934	26.859584213636374	X:hsa;hsa-mir-19b-2,134169671,134169766,-	18.2100573916467	13.429792106818187
hsa-mir-500b	12.0	79.0	42.0	36.4201147832934	26.859584213636374	X:hsa;hsa-mir-500b,50010672,50010750,+	19.36259266959902	14.27977894902187
hsa-mir-135a-1	9.0	75.0	37.16666666666667	34.57605833856968	25.499605266110482	3:hsa;hsa-mir-135a-1,52294219,52294308,-	17.1343577988912	12.636471054094752
hsa-mir-653	5.0	75.0	75.0	34.57605833856968	25.499605266110482	7:hsa;hsa-mir-653,93482760,93482855,-	34.57605833856968	25.499605266110482
hsa-mir-1468	8.0	74.0	74.0	34.11504422738875	25.15961052922901	X:hsa;hsa-mir-1468,63786002,63786087,-	34.11504422738875	25.15961052922901
hsa-mir-1260b	7.0	72.0	72.0	33.1930160050269	24.479621055466062	11:hsa;hsa-mir-1260b,96341438,96341526,+	33.1930160050269	24.479621055466062
hsa-mir-129-2	10.0	71.0	36.0	32.73200189384597	24.13962631858459	11:hsa;hsa-mir-129-2,43581394,43581483,+	16.59650800251345	12.239810527733031
hsa-mir-130b	7.0	70.0	70.0	32.27098778266504	23.799631581703117	22:hsa;hsa-mir-130b,21653304,21653385,+	32.27098778266504	23.799631581703117
hsa-mir-126	7.0	70.0	70.0	32.27098778266504	23.799631581703117	9:hsa;hsa-mir-126,136670602,136670686,+	32.27098778266504	23.799631581703117
hsa-mir-211	10.0	68.0	57.0	31.34895956030318	23.11964210794017	15:hsa;hsa-mir-211,31065032,31065141,-	26.277804337312958	19.37970000224397
hsa-mir-15a	11.0	67.0	67.0	30.88794544912225	22.779647371058697	13:hsa;hsa-mir-15a,50049119,50049201,-	30.88794544912225	22.779647371058697
hsa-mir-503	15.0	67.0	67.0	30.88794544912225	22.779647371058697	X:hsa;hsa-mir-503,134546328,134546398,-	30.88794544912225	22.779647371058697
hsa-mir-514a-3	9.0	66.0	13.2	30.426931337941323	22.439652634177225	X:hsa;hsa-mir-514a-3,147281943,147282030,-	6.085386267588264	4.487930526835445
hsa-mir-514a-1	9.0	66.0	13.2	30.426931337941323	22.439652634177225	X:hsa;hsa-mir-514a-1,147279247,147279344,-	6.085386267588264	4.487930526835445
hsa-mir-514a-3	9.0	66.0	13.2	30.426931337941323	22.439652634177225	X:hsa;hsa-mir-514a-3,147284641,147284728,-	6.085386267588264	4.487930526835445
hsa-mir-514a-2	9.0	66.0	13.2	30.426931337941323	22.439652634177225	X:hsa;hsa-mir-514a-2,147281943,147282030,-	6.085386267588264	4.487930526835445
hsa-mir-514a-2	9.0	66.0	13.2	30.426931337941323	22.439652634177225	X:hsa;hsa-mir-514a-2,147284641,147284728,-	6.085386267588264	4.487930526835445
hsa-mir-450a-2	10.0	65.0	36.5	29.965917226760393	22.099657897295753	X:hsa;hsa-mir-450a-2,134540508,134540607,-	16.827015058103914	12.409807896173769
hsa-mir-888	3.0	62.0	62.0	28.582874893217603	21.079673686651333	X:hsa;hsa-mir-888,145994784,145994860,-	28.582874893217603	21.079673686651333
hsa-mir-181c	9.0	60.0	60.0	27.660846670855747	20.399684212888385	19:hsa;hsa-mir-181c,13874699,13874808,+	27.660846670855747	20.399684212888385
hsa-mir-450a-1	8.0	57.0	28.5	26.277804337312958	19.37970000224397	X:hsa;hsa-mir-450a-1,134540341,134540431,-	13.138902168656479	9.689850001121984
hsa-mir-508	9.0	57.0	57.0	26.277804337312958	19.37970000224397	X:hsa;hsa-mir-508,147236913,147237027,-	26.277804337312958	19.37970000224397
hsa-mir-96	5.0	57.0	57.0	26.277804337312958	19.37970000224397	7:hsa;hsa-mir-96,129774692,129774769,-	26.277804337312958	19.37970000224397
hsa-mir-124-3	11.0	54.0	17.999999999999996	24.894762003770172	18.359715791599548	20:hsa;hsa-mir-124-3,63178500,63178586,+	8.298254001256723	6.119905263866515
hsa-mir-124-1	11.0	54.0	17.999999999999996	24.894762003770172	18.359715791599548	8:hsa;hsa-mir-124-1,9903388,9903472,-	8.298254001256723	6.119905263866515
hsa-mir-124-2	11.0	54.0	17.999999999999996	24.894762003770172	18.359715791599548	8:hsa;hsa-mir-124-2,64379149,64379257,+	8.298254001256723	6.119905263866515
hsa-mir-1306	6.0	50.0	50.0	23.050705559046456	16.999736844073656	22:hsa;hsa-mir-1306,20086058,20086142,+	23.050705559046456	16.999736844073656
hsa-mir-499a	4.0	49.0	49.0	22.589691447865526	16.659742107192184	20:hsa;hsa-mir-499a,34990376,34990497,+	22.589691447865526	16.659742107192184
hsa-mir-590	3.0	49.0	49.0	22.589691447865526	16.659742107192184	7:hsa;hsa-mir-590,74191198,74191294,+	22.589691447865526	16.659742107192184
hsa-mir-651	4.0	49.0	49.0	22.589691447865526	16.659742107192184	X:hsa;hsa-mir-651,8126965,8127061,+	22.589691447865526	16.659742107192184
hsa-mir-489	4.0	48.0	48.0	22.128677336684596	16.319747370310708	7:hsa;hsa-mir-489,93483936,93484019,-	22.128677336684596	16.319747370310708
hsa-mir-130a	9.0	47.0	47.0	21.667663225503667	15.979752633429236	11:hsa;hsa-mir-130a,57641198,57641286,+	21.667663225503667	15.979752633429236
hsa-mir-195	6.0	47.0	46.333333333333336	21.667663225503667	15.979752633429236	17:hsa;hsa-mir-195,7017615,7017701,-	21.360320484716382	15.753089475508254
hsa-mir-450b	5.0	46.0	46.0	21.20664911432274	15.639757896547762	X:hsa;hsa-mir-450b,134540185,134540262,-	21.20664911432274	15.639757896547762
hsa-mir-10399	6.0	44.0	44.0	20.28462089196088	14.959768422784816	7:hsa;hsa-mir-10399,139044100,139044157,-	20.28462089196088	14.959768422784816
hsa-mir-193b	8.0	43.0	43.0	19.82360678077995	14.619773685903343	16:hsa;hsa-mir-193b,14303967,14304049,+	19.82360678077995	14.619773685903343
hsa-mir-3605	8.0	42.0	42.0	19.36259266959902	14.27977894902187	1:hsa;hsa-mir-3605,33332393,33332492,-	19.36259266959902	14.27977894902187
hsa-mir-452	6.0	42.0	42.0	19.36259266959902	14.27977894902187	X:hsa;hsa-mir-452,151959628,151959712,-	19.36259266959902	14.27977894902187
hsa-mir-625	13.0	40.0	40.0	18.440564447237165	13.599789475258923	14:hsa;hsa-mir-625,65471102,65471186,+	18.440564447237165	13.599789475258923
hsa-mir-206	4.0	40.0	40.0	18.440564447237165	13.599789475258923	6:hsa;hsa-mir-206,52144349,52144434,+	18.440564447237165	13.599789475258923
hsa-mir-487b	5.0	39.0	39.0	17.979550336056235	13.259794738377451	14:hsa;hsa-mir-487b,101046455,101046538,+	17.979550336056235	13.259794738377451
hsa-mir-19a	3.0	39.0	39.0	17.979550336056235	13.259794738377451	13:hsa;hsa-mir-19a,91350891,91350972,+	17.979550336056235	13.259794738377451
hsa-mir-3065	7.0	37.0	37.0	17.057522113694375	12.579805264614505	17:hsa;hsa-mir-3065,81125877,81125955,+	17.057522113694375	12.579805264614505
hsa-mir-106a	8.0	36.0	24.0	16.59650800251345	12.239810527733031	X:hsa;hsa-mir-106a,134170198,134170278,-	11.064338668342298	8.159873685155354
hsa-mir-3173	7.0	36.0	36.0	16.59650800251345	12.239810527733031	14:hsa;hsa-mir-3173,95137919,95137986,-	16.59650800251345	12.239810527733031
hsa-mir-513a-1	6.0	36.0	18.0	16.59650800251345	12.239810527733031	X:hsa;hsa-mir-513a-1,147213463,147213591,-	8.298254001256725	6.1199052638665155
hsa-mir-513a-2	6.0	36.0	18.0	16.59650800251345	12.239810527733031	X:hsa;hsa-mir-513a-2,147225826,147225952,-	8.298254001256725	6.1199052638665155
hsa-mir-219a-2	11.0	35.0	35.0	16.13549389133252	11.899815790851559	9:hsa;hsa-mir-219a-2,128392618,128392714,-	16.13549389133252	11.899815790851559
hsa-mir-181d	6.0	34.0	34.0	15.67447978015159	11.559821053970085	19:hsa;hsa-mir-181d,13874875,13875011,+	15.67447978015159	11.559821053970085
hsa-mir-146a	7.0	34.0	34.0	15.67447978015159	11.559821053970085	5:hsa;hsa-mir-146a,160485352,160485450,+	15.67447978015159	11.559821053970085
hsa-mir-1249	6.0	34.0	34.0	15.67447978015159	11.559821053970085	22:hsa;hsa-mir-1249,45200954,45201019,-	15.67447978015159	11.559821053970085
hsa-mir-641	3.0	32.0	32.0	14.752451557789731	10.879831580207139	19:hsa;hsa-mir-641,40282543,40282641,-	14.752451557789731	10.879831580207139
hsa-mir-210	9.0	31.0	31.0	14.291437446608802	10.539836843325666	11:hsa;hsa-mir-210,568089,568198,-	14.291437446608802	10.539836843325666
hsa-mir-3909	1.0	31.0	31.0	14.291437446608802	10.539836843325666	22:hsa;hsa-mir-3909,35335640,35335758,+	14.291437446608802	10.539836843325666
hsa-mir-18a	7.0	31.0	31.0	14.291437446608802	10.539836843325666	13:hsa;hsa-mir-18a,91350751,91350821,+	14.291437446608802	10.539836843325666
hsa-mir-338	4.0	30.0	30.0	13.830423335427874	10.199842106444192	17:hsa;hsa-mir-338,81125883,81125949,-	13.830423335427874	10.199842106444192
hsa-mir-138-1	4.0	30.0	30.0	13.830423335427874	10.199842106444192	3:hsa;hsa-mir-138-1,44114212,44114310,+	13.830423335427874	10.199842106444192
hsa-mir-885	3.0	28.0	28.0	12.908395113066016	9.519852632681246	3:hsa;hsa-mir-885,10394489,10394562,-	12.908395113066016	9.519852632681246
hsa-mir-10527	4.0	28.0	28.0	12.908395113066016	9.519852632681246	12:hsa;hsa-mir-10527,63823663,63823727,+	12.908395113066016	9.519852632681246
hsa-mir-4662a	3.0	28.0	28.0	12.908395113066016	9.519852632681246	8:hsa;hsa-mir-4662a,124821985,124822051,+	12.908395113066016	9.519852632681246
hsa-mir-155	3.0	27.0	27.0	12.447381001885086	9.179857895799774	21:hsa;hsa-mir-155,25573980,25574044,+	12.447381001885086	9.179857895799774
hsa-mir-577	3.0	26.0	26.0	11.986366890704156	8.8398631589183	4:hsa;hsa-mir-577,114656759,114656854,+	11.986366890704156	8.8398631589183
hsa-mir-379	4.0	26.0	26.0	11.986366890704156	8.8398631589183	14:hsa;hsa-mir-379,101022066,101022132,+	11.986366890704156	8.8398631589183
hsa-mir-486-2	5.0	26.0	13.0	11.986366890704156	8.8398631589183	8:hsa;hsa-mir-486-2,41660444,41660507,+	5.993183445352078	4.41993157945915
hsa-mir-486-1	5.0	26.0	13.0	11.986366890704156	8.8398631589183	8:hsa;hsa-mir-486-1,41660441,41660508,-	5.993183445352078	4.41993157945915
hsa-mir-942	5.0	25.0	25.0	11.525352779523228	8.499868422036828	1:hsa;hsa-mir-942,117094643,117094728,+	11.525352779523228	8.499868422036828
hsa-mir-1271	2.0	23.0	23.0	10.60332455716137	7.819878948273881	5:hsa;hsa-mir-1271,176367946,176368031,+	10.60332455716137	7.819878948273881
hsa-mir-576	3.0	23.0	23.0	10.60332455716137	7.819878948273881	4:hsa;hsa-mir-576,109488698,109488795,+	10.60332455716137	7.819878948273881
hsa-mir-139	8.0	22.0	22.0	10.14231044598044	7.479884211392408	11:hsa;hsa-mir-139,72615063,72615130,-	10.14231044598044	7.479884211392408
hsa-mir-941-5	3.0	21.0	1.2352941176470589	9.68129633479951	7.139889474510935	20:hsa;hsa-mir-941-5,63919561,63919632,+	0.5694880196940889	0.41999349850064327
hsa-mir-941-3	3.0	21.0	1.2352941176470589	9.68129633479951	7.139889474510935	20:hsa;hsa-mir-941-3,63919868,63919939,+	0.5694880196940889	0.41999349850064327
hsa-mir-941-4	3.0	21.0	1.2352941176470589	9.68129633479951	7.139889474510935	20:hsa;hsa-mir-941-4,63919561,63919632,+	0.5694880196940889	0.41999349850064327
hsa-mir-941-4	3.0	21.0	1.2352941176470589	9.68129633479951	7.139889474510935	20:hsa;hsa-mir-941-4,63919868,63919939,+	0.5694880196940889	0.41999349850064327
hsa-mir-941-5	3.0	21.0	1.2352941176470589	9.68129633479951	7.139889474510935	20:hsa;hsa-mir-941-5,63919868,63919939,+	0.5694880196940889	0.41999349850064327
hsa-mir-941-3	3.0	21.0	1.2352941176470589	9.68129633479951	7.139889474510935	20:hsa;hsa-mir-941-3,63919505,63919576,+	0.5694880196940889	0.41999349850064327
hsa-mir-941-2	3.0	21.0	1.2352941176470589	9.68129633479951	7.139889474510935	20:hsa;hsa-mir-941-2,63919561,63919632,+	0.5694880196940889	0.41999349850064327
hsa-mir-941-1	3.0	21.0	1.2352941176470589	9.68129633479951	7.139889474510935	20:hsa;hsa-mir-941-1,63919449,63919520,+	0.5694880196940889	0.41999349850064327
hsa-mir-941-4	3.0	21.0	1.2352941176470589	9.68129633479951	7.139889474510935	20:hsa;hsa-mir-941-4,63919756,63919827,+	0.5694880196940889	0.41999349850064327
hsa-mir-941-2	3.0	21.0	1.2352941176470589	9.68129633479951	7.139889474510935	20:hsa;hsa-mir-941-2,63919505,63919576,+	0.5694880196940889	0.41999349850064327
hsa-mir-941-5	3.0	21.0	1.2352941176470589	9.68129633479951	7.139889474510935	20:hsa;hsa-mir-941-5,63919505,63919576,+	0.5694880196940889	0.41999349850064327
hsa-mir-941-5	3.0	21.0	1.2352941176470589	9.68129633479951	7.139889474510935	20:hsa;hsa-mir-941-5,63919756,63919827,+	0.5694880196940889	0.41999349850064327
hsa-mir-941-2	3.0	21.0	1.2352941176470589	9.68129633479951	7.139889474510935	20:hsa;hsa-mir-941-2,63919756,63919827,+	0.5694880196940889	0.41999349850064327
hsa-mir-941-3	3.0	21.0	1.2352941176470589	9.68129633479951	7.139889474510935	20:hsa;hsa-mir-941-3,63919561,63919632,+	0.5694880196940889	0.41999349850064327
hsa-mir-941-3	3.0	21.0	1.2352941176470589	9.68129633479951	7.139889474510935	20:hsa;hsa-mir-941-3,63919756,63919827,+	0.5694880196940889	0.41999349850064327
hsa-mir-941-4	3.0	21.0	1.2352941176470589	9.68129633479951	7.139889474510935	20:hsa;hsa-mir-941-4,63919505,63919576,+	0.5694880196940889	0.41999349850064327
hsa-mir-941-2	3.0	21.0	1.2352941176470589	9.68129633479951	7.139889474510935	20:hsa;hsa-mir-941-2,63919868,63919939,+	0.5694880196940889	0.41999349850064327
hsa-mir-4728	7.0	20.0	20.0	9.220282223618582	6.799894737629462	17:hsa;hsa-mir-4728,39726495,39726561,+	9.220282223618582	6.799894737629462
hsa-mir-374c	4.0	19.0	9.5	8.759268112437653	6.4599000007479885	X:hsa;hsa-mir-374c,74218549,74218618,+	4.379634056218826	3.2299500003739943
hsa-mir-671	7.0	19.0	19.0	8.759268112437653	6.4599000007479885	7:hsa;hsa-mir-671,151238421,151238538,+	8.759268112437653	6.4599000007479885
hsa-mir-618	5.0	19.0	19.0	8.759268112437653	6.4599000007479885	12:hsa;hsa-mir-618,80935736,80935833,-	8.759268112437653	6.4599000007479885
hsa-mir-6511b-1	5.0	18.0	4.95	8.298254001256725	6.1199052638665155	16:hsa;hsa-mir-6511b-1,15134066,15134150,-	2.2820198503455993	1.6829739475632919
hsa-mir-1270	6.0	18.0	18.0	8.298254001256725	6.1199052638665155	19:hsa;hsa-mir-1270,20399272,20399354,-	8.298254001256725	6.1199052638665155
hsa-mir-6511b-1	5.0	18.0	4.95	8.298254001256725	6.1199052638665155	16:hsa;hsa-mir-6511b-1,2106669,2106753,-	2.2820198503455993	1.6829739475632919
hsa-mir-509-3	4.0	17.0	4.25	7.837239890075795	5.779910526985042	X:hsa;hsa-mir-509-3,147259652,147259726,-	1.9593099725189487	1.4449776317462606
hsa-mir-509-2	4.0	17.0	4.25	7.837239890075795	5.779910526985042	X:hsa;hsa-mir-509-2,147258760,147258850,-	1.9593099725189487	1.4449776317462606
hsa-mir-509-1	4.0	17.0	4.25	7.837239890075795	5.779910526985042	X:hsa;hsa-mir-509-1,147260532,147260625,-	1.9593099725189487	1.4449776317462606
hsa-mir-509-2	4.0	17.0	4.25	7.837239890075795	5.779910526985042	X:hsa;hsa-mir-509-2,147260535,147260625,-	1.9593099725189487	1.4449776317462606
hsa-mir-556	3.0	16.0	16.0	7.376225778894866	5.439915790103569	1:hsa;hsa-mir-556,162342546,162342640,+	7.376225778894866	5.439915790103569
hsa-mir-3138	3.0	16.0	16.0	7.376225778894866	5.439915790103569	4:hsa;hsa-mir-3138,10078611,10078692,-	7.376225778894866	5.439915790103569
hsa-mir-485	3.0	15.0	15.0	6.915211667713937	5.099921053222096	14:hsa;hsa-mir-485,101055419,101055491,+	6.915211667713937	5.099921053222096
hsa-mir-6511a-1	6.0	15.0	0.8875	6.915211667713937	5.099921053222096	16:hsa;hsa-mir-6511a-1,16324588,16324654,+	0.40915002367307457	0.3017453289823074
hsa-mir-203b	4.0	15.0	15.0	6.915211667713937	5.099921053222096	14:hsa;hsa-mir-203b,104117418,104117503,-	6.915211667713937	5.099921053222096
hsa-mir-6511a-1	6.0	15.0	0.8875	6.915211667713937	5.099921053222096	16:hsa;hsa-mir-6511a-1,18344013,18344079,-	0.40915002367307457	0.3017453289823074
hsa-mir-6511a-3	6.0	15.0	0.8875	6.915211667713937	5.099921053222096	16:hsa;hsa-mir-6511a-3,14925937,14926003,+	0.40915002367307457	0.3017453289823074
hsa-mir-4510	9.0	15.0	7.5	6.915211667713937	5.099921053222096	15:hsa;hsa-mir-4510,35926856,35926923,+	3.4576058338569684	2.549960526611048
hsa-mir-6511a-3	6.0	15.0	0.8875	6.915211667713937	5.099921053222096	16:hsa;hsa-mir-6511a-3,16324588,16324654,+	0.40915002367307457	0.3017453289823074
hsa-mir-6511a-2	6.0	15.0	0.8875	6.915211667713937	5.099921053222096	16:hsa;hsa-mir-6511a-2,16368876,16368942,+	0.40915002367307457	0.3017453289823074
hsa-mir-6511a-4	6.0	15.0	0.8875	6.915211667713937	5.099921053222096	16:hsa;hsa-mir-6511a-4,16324588,16324654,+	0.40915002367307457	0.3017453289823074
hsa-mir-6511a-2	6.0	15.0	0.8875	6.915211667713937	5.099921053222096	16:hsa;hsa-mir-6511a-2,16324588,16324654,+	0.40915002367307457	0.3017453289823074
hsa-mir-6511a-1	6.0	15.0	0.8875	6.915211667713937	5.099921053222096	16:hsa;hsa-mir-6511a-1,14925937,14926003,+	0.40915002367307457	0.3017453289823074
hsa-mir-6511a-4	6.0	15.0	0.8875	6.915211667713937	5.099921053222096	16:hsa;hsa-mir-6511a-4,14925937,14926003,+	0.40915002367307457	0.3017453289823074
hsa-mir-6511a-4	6.0	15.0	0.8875	6.915211667713937	5.099921053222096	16:hsa;hsa-mir-6511a-4,16368876,16368942,+	0.40915002367307457	0.3017453289823074
hsa-mir-6511a-4	6.0	15.0	0.8875	6.915211667713937	5.099921053222096	16:hsa;hsa-mir-6511a-4,18344013,18344079,-	0.40915002367307457	0.3017453289823074
hsa-mir-6511a-2	6.0	15.0	0.8875	6.915211667713937	5.099921053222096	16:hsa;hsa-mir-6511a-2,14925937,14926003,+	0.40915002367307457	0.3017453289823074
hsa-mir-6511a-2	6.0	15.0	0.8875	6.915211667713937	5.099921053222096	16:hsa;hsa-mir-6511a-2,18344013,18344079,-	0.40915002367307457	0.3017453289823074
hsa-mir-6511a-3	6.0	15.0	0.8875	6.915211667713937	5.099921053222096	16:hsa;hsa-mir-6511a-3,16368876,16368942,+	0.40915002367307457	0.3017453289823074
hsa-mir-6511a-3	6.0	15.0	0.8875	6.915211667713937	5.099921053222096	16:hsa;hsa-mir-6511a-3,18344013,18344079,-	0.40915002367307457	0.3017453289823074
hsa-mir-6511a-1	6.0	15.0	0.8875	6.915211667713937	5.099921053222096	16:hsa;hsa-mir-6511a-1,16368876,16368942,+	0.40915002367307457	0.3017453289823074
hsa-mir-301a	2.0	14.0	14.0	6.454197556533008	4.759926316340623	17:hsa;hsa-mir-301a,59151136,59151221,-	6.454197556533008	4.759926316340623
hsa-mir-4660	1.0	14.0	14.0	6.454197556533008	4.759926316340623	8:hsa;hsa-mir-4660,9048445,9048518,+	6.454197556533008	4.759926316340623
hsa-mir-589	3.0	14.0	14.0	6.454197556533008	4.759926316340623	7:hsa;hsa-mir-589,5495819,5495917,-	6.454197556533008	4.759926316340623
hsa-mir-550a-2	2.0	14.0	7.0	6.454197556533008	4.759926316340623	7:hsa;hsa-mir-550a-2,32732981,32733077,+	3.227098778266504	2.3799631581703116
hsa-mir-6510	1.0	14.0	14.0	6.454197556533008	4.759926316340623	17:hsa;hsa-mir-6510,41517164,41517217,-	6.454197556533008	4.759926316340623
hsa-mir-543	4.0	14.0	14.0	6.454197556533008	4.759926316340623	14:hsa;hsa-mir-543,101031987,101032064,+	6.454197556533008	4.759926316340623
hsa-mir-548e	2.0	14.0	14.0	6.454197556533008	4.759926316340623	10:hsa;hsa-mir-548e,110988926,110989013,+	6.454197556533008	4.759926316340623
hsa-mir-548k	1.0	14.0	14.0	6.454197556533008	4.759926316340623	11:hsa;hsa-mir-548k,70283955,70284070,+	6.454197556533008	4.759926316340623
hsa-mir-550a-1	2.0	14.0	7.0	6.454197556533008	4.759926316340623	7:hsa;hsa-mir-550a-1,30289794,30289890,+	3.227098778266504	2.3799631581703116
hsa-mir-382	5.0	13.0	13.0	5.993183445352078	4.41993157945915	14:hsa;hsa-mir-382,101054306,101054381,+	5.993183445352078	4.41993157945915
hsa-mir-4286	1.0	13.0	13.0	5.993183445352078	4.41993157945915	8:hsa;hsa-mir-4286,10666978,10667070,+	5.993183445352078	4.41993157945915
hsa-mir-3913-1	2.0	13.0	9.0	5.993183445352078	4.41993157945915	12:hsa;hsa-mir-3913-1,69584722,69584823,-	4.149127000628362	3.0599526319332577
hsa-mir-4804	2.0	13.0	13.0	5.993183445352078	4.41993157945915	5:hsa;hsa-mir-4804,72878591,72878663,+	5.993183445352078	4.41993157945915
hsa-mir-572	1.0	13.0	6.5	5.993183445352078	4.41993157945915	4:hsa;hsa-mir-572,11368827,11368921,+	2.996591722676039	2.209965789729575
hsa-mir-513c	2.0	13.0	13.0	5.993183445352078	4.41993157945915	X:hsa;hsa-mir-513c,147189704,147189787,-	5.993183445352078	4.41993157945915
hsa-mir-506	2.0	13.0	13.0	5.993183445352078	4.41993157945915	X:hsa;hsa-mir-506,147230720,147230843,-	5.993183445352078	4.41993157945915
hsa-mir-6511b-2	3.0	13.0	2.45	5.993183445352078	4.41993157945915	16:hsa;hsa-mir-6511b-2,15134075,15134145,-	1.1294845723932765	0.8329871053596092
hsa-mir-6511b-2	3.0	13.0	2.45	5.993183445352078	4.41993157945915	16:hsa;hsa-mir-6511b-2,2106678,2106748,-	1.1294845723932765	0.8329871053596092
hsa-mir-369	1.0	13.0	13.0	5.993183445352078	4.41993157945915	14:hsa;hsa-mir-369,101065598,101065667,+	5.993183445352078	4.41993157945915
hsa-mir-627	1.0	12.0	12.0	5.532169334171149	4.079936842577677	15:hsa;hsa-mir-627,42199570,42199666,-	5.532169334171149	4.079936842577677
hsa-mir-548q	2.0	12.0	12.0	5.532169334171149	4.079936842577677	10:hsa;hsa-mir-548q,12725254,12725353,-	5.532169334171149	4.079936842577677
hsa-mir-5010	3.0	12.0	12.0	5.532169334171149	4.079936842577677	17:hsa;hsa-mir-5010,42514188,42514307,+	5.532169334171149	4.079936842577677
hsa-mir-4446	2.0	11.0	11.0	5.07115522299022	3.739942105696204	3:hsa;hsa-mir-4446,113594876,113594942,+	5.07115522299022	3.739942105696204
hsa-mir-1179	1.0	11.0	11.0	5.07115522299022	3.739942105696204	15:hsa;hsa-mir-1179,88608107,88608197,+	5.07115522299022	3.739942105696204
hsa-mir-320e	3.0	11.0	11.0	5.07115522299022	3.739942105696204	19:hsa;hsa-mir-320e,46709282,46709354,-	5.07115522299022	3.739942105696204
hsa-mir-1269a	1.0	11.0	11.0	5.07115522299022	3.739942105696204	4:hsa;hsa-mir-1269a,66276824,66276928,+	5.07115522299022	3.739942105696204
hsa-mir-551b	2.0	11.0	11.0	5.07115522299022	3.739942105696204	3:hsa;hsa-mir-551b,168551854,168551949,+	5.07115522299022	3.739942105696204
hsa-mir-4796	1.0	11.0	11.0	5.07115522299022	3.739942105696204	3:hsa;hsa-mir-4796,114743445,114743525,-	5.07115522299022	3.739942105696204
hsa-mir-892a	1.0	11.0	11.0	5.07115522299022	3.739942105696204	X:hsa;hsa-mir-892a,145996669,145996743,-	5.07115522299022	3.739942105696204
hsa-mir-20b	4.0	10.0	10.0	4.610141111809291	3.399947368814731	X:hsa;hsa-mir-20b,134169809,134169877,-	4.610141111809291	3.399947368814731
hsa-mir-493	2.0	10.0	10.0	4.610141111809291	3.399947368814731	14:hsa;hsa-mir-493,100869060,100869148,+	4.610141111809291	3.399947368814731
hsa-mir-6724-2	2.0	9.0	0.5625	4.149127000628362	3.0599526319332577	21:hsa;hsa-mir-6724-2,8388362,8388453,+	0.25932043753927264	0.1912470394958286
hsa-mir-6724-2	2.0	9.0	0.5625	4.149127000628362	3.0599526319332577	21:hsa;hsa-mir-6724-2,8205315,8205406,+	0.25932043753927264	0.1912470394958286
hsa-mir-449a	1.0	9.0	9.0	4.149127000628362	3.0599526319332577	5:hsa;hsa-mir-449a,55170532,55170622,-	4.149127000628362	3.0599526319332577
hsa-mir-6724-3	2.0	9.0	0.5625	4.149127000628362	3.0599526319332577	21:hsa;hsa-mir-6724-3,8388362,8388453,+	0.25932043753927264	0.1912470394958286
hsa-mir-6724-1	2.0	9.0	0.5625	4.149127000628362	3.0599526319332577	21:hsa;hsa-mir-6724-1,8388362,8388453,+	0.25932043753927264	0.1912470394958286
hsa-mir-6724-1	2.0	9.0	0.5625	4.149127000628362	3.0599526319332577	21:hsa;hsa-mir-6724-1,8205315,8205406,+	0.25932043753927264	0.1912470394958286
hsa-mir-6724-2	2.0	9.0	0.5625	4.149127000628362	3.0599526319332577	21:hsa;hsa-mir-6724-2,8249505,8249596,+	0.25932043753927264	0.1912470394958286
hsa-mir-370	2.0	9.0	9.0	4.149127000628362	3.0599526319332577	14:hsa;hsa-mir-370,100911139,100911213,+	4.149127000628362	3.0599526319332577
hsa-mir-6724-4	2.0	9.0	0.5625	4.149127000628362	3.0599526319332577	21:hsa;hsa-mir-6724-4,8205315,8205406,+	0.25932043753927264	0.1912470394958286
hsa-mir-6724-4	2.0	9.0	0.5625	4.149127000628362	3.0599526319332577	21:hsa;hsa-mir-6724-4,8432530,8432621,+	0.25932043753927264	0.1912470394958286
hsa-mir-33b	1.0	9.0	9.0	4.149127000628362	3.0599526319332577	17:hsa;hsa-mir-33b,17813836,17813931,-	4.149127000628362	3.0599526319332577
hsa-mir-6724-3	2.0	9.0	0.5625	4.149127000628362	3.0599526319332577	21:hsa;hsa-mir-6724-3,8205315,8205406,+	0.25932043753927264	0.1912470394958286
hsa-mir-6724-1	2.0	9.0	0.5625	4.149127000628362	3.0599526319332577	21:hsa;hsa-mir-6724-1,8249505,8249596,+	0.25932043753927264	0.1912470394958286
hsa-mir-378d-2	1.0	9.0	2.25	4.149127000628362	3.0599526319332577	8:hsa;hsa-mir-378d-2,93916022,93916119,-	1.0372817501570906	0.7649881579833144
hsa-mir-6792	1.0	9.0	9.0	4.149127000628362	3.0599526319332577	19:hsa;hsa-mir-6792,7617439,7617505,+	4.149127000628362	3.0599526319332577
hsa-mir-378d-1	1.0	9.0	2.25	4.149127000628362	3.0599526319332577	4:hsa;hsa-mir-378d-1,5923275,5923328,-	1.0372817501570906	0.7649881579833144
hsa-mir-323a	6.0	9.0	9.0	4.149127000628362	3.0599526319332577	14:hsa;hsa-mir-323a,101025732,101025817,+	4.149127000628362	3.0599526319332577
hsa-mir-409	2.0	9.0	9.0	4.149127000628362	3.0599526319332577	14:hsa;hsa-mir-409,101065300,101065378,+	4.149127000628362	3.0599526319332577
hsa-mir-6724-2	2.0	9.0	0.5625	4.149127000628362	3.0599526319332577	21:hsa;hsa-mir-6724-2,8432530,8432621,+	0.25932043753927264	0.1912470394958286
hsa-mir-6724-1	2.0	9.0	0.5625	4.149127000628362	3.0599526319332577	21:hsa;hsa-mir-6724-1,8432530,8432621,+	0.25932043753927264	0.1912470394958286
hsa-mir-451a	5.0	9.0	9.0	4.149127000628362	3.0599526319332577	17:hsa;hsa-mir-451a,28861369,28861440,-	4.149127000628362	3.0599526319332577
hsa-mir-3064	3.0	9.0	9.0	4.149127000628362	3.0599526319332577	17:hsa;hsa-mir-3064,64500774,64500839,-	4.149127000628362	3.0599526319332577
hsa-mir-6832	1.0	9.0	9.0	4.149127000628362	3.0599526319332577	6:hsa;hsa-mir-6832,31633787,31633858,+	4.149127000628362	3.0599526319332577
hsa-mir-378c	1.0	9.0	2.25	4.149127000628362	3.0599526319332577	10:hsa;hsa-mir-378c,130962588,130962668,-	1.0372817501570906	0.7649881579833144
hsa-mir-6724-4	2.0	9.0	0.5625	4.149127000628362	3.0599526319332577	21:hsa;hsa-mir-6724-4,8388362,8388453,+	0.25932043753927264	0.1912470394958286
hsa-mir-6724-3	2.0	9.0	0.5625	4.149127000628362	3.0599526319332577	21:hsa;hsa-mir-6724-3,8432530,8432621,+	0.25932043753927264	0.1912470394958286
hsa-mir-6724-3	2.0	9.0	0.5625	4.149127000628362	3.0599526319332577	21:hsa;hsa-mir-6724-3,8249505,8249596,+	0.25932043753927264	0.1912470394958286
hsa-mir-6724-4	2.0	9.0	0.5625	4.149127000628362	3.0599526319332577	21:hsa;hsa-mir-6724-4,8249505,8249596,+	0.25932043753927264	0.1912470394958286
hsa-mir-513b	2.0	8.0	8.0	3.688112889447433	2.7199578950517846	X:hsa;hsa-mir-513b,147199044,147199127,-	3.688112889447433	2.7199578950517846
hsa-mir-4999	1.0	8.0	8.0	3.688112889447433	2.7199578950517846	19:hsa;hsa-mir-4999,8389290,8389380,-	3.688112889447433	2.7199578950517846
hsa-mir-3127	1.0	8.0	8.0	3.688112889447433	2.7199578950517846	2:hsa;hsa-mir-3127,96798278,96798353,+	3.688112889447433	2.7199578950517846
hsa-mir-3913-2	1.0	8.0	4.0	3.688112889447433	2.7199578950517846	12:hsa;hsa-mir-3913-2,69584723,69584822,+	1.8440564447237164	1.3599789475258923
hsa-mir-6734	2.0	8.0	8.0	3.688112889447433	2.7199578950517846	1:hsa;hsa-mir-6734,43364648,43364715,-	3.688112889447433	2.7199578950517846
hsa-mir-3161	1.0	8.0	8.0	3.688112889447433	2.7199578950517846	11:hsa;hsa-mir-3161,48096782,48096858,+	3.688112889447433	2.7199578950517846
hsa-mir-1304	2.0	8.0	8.0	3.688112889447433	2.7199578950517846	11:hsa;hsa-mir-1304,93733674,93733764,-	3.688112889447433	2.7199578950517846
hsa-mir-3914-1	1.0	8.0	1.3333333333333333	3.688112889447433	2.7199578950517846	7:hsa;hsa-mir-3914-1,71307672,71307770,-	0.6146854815745721	0.4533263158419641
hsa-mir-4326	1.0	8.0	8.0	3.688112889447433	2.7199578950517846	20:hsa;hsa-mir-4326,63286808,63286866,+	3.688112889447433	2.7199578950517846
hsa-mir-296	2.0	8.0	8.0	3.688112889447433	2.7199578950517846	20:hsa;hsa-mir-296,58817615,58817694,-	3.688112889447433	2.7199578950517846
hsa-mir-760	3.0	8.0	8.0	3.688112889447433	2.7199578950517846	1:hsa;hsa-mir-760,93846832,93846911,+	3.688112889447433	2.7199578950517846
hsa-mir-9985	5.0	8.0	4.0	3.688112889447433	2.7199578950517846	Y:hsa;hsa-mir-9985,4606120,4606228,+	1.8440564447237164	1.3599789475258923
hsa-mir-6863	2.0	7.0	7.0	3.227098778266504	2.3799631581703116	16:hsa;hsa-mir-6863,56904264,56904353,+	3.227098778266504	2.3799631581703116
hsa-mir-545	1.0	7.0	7.0	3.227098778266504	2.3799631581703116	X:hsa;hsa-mir-545,74287104,74287209,-	3.227098778266504	2.3799631581703116
hsa-mir-7706	4.0	7.0	7.0	3.227098778266504	2.3799631581703116	15:hsa;hsa-mir-7706,85380596,85380662,+	3.227098778266504	2.3799631581703116
hsa-mir-4787	1.0	7.0	7.0	3.227098778266504	2.3799631581703116	3:hsa;hsa-mir-4787,50675080,50675163,+	3.227098778266504	2.3799631581703116
hsa-mir-2116	3.0	7.0	7.0	3.227098778266504	2.3799631581703116	15:hsa;hsa-mir-2116,59171183,59171262,-	3.227098778266504	2.3799631581703116
hsa-mir-4641	1.0	7.0	7.0	3.227098778266504	2.3799631581703116	6:hsa;hsa-mir-4641,41598723,41598788,+	3.227098778266504	2.3799631581703116
hsa-mir-3144	1.0	7.0	7.0	3.227098778266504	2.3799631581703116	6:hsa;hsa-mir-3144,120015179,120015257,+	3.227098778266504	2.3799631581703116
hsa-mir-890	1.0	7.0	7.0	3.227098778266504	2.3799631581703116	X:hsa;hsa-mir-890,145994275,145994351,-	3.227098778266504	2.3799631581703116
hsa-mir-656	1.0	7.0	7.0	3.227098778266504	2.3799631581703116	14:hsa;hsa-mir-656,101066724,101066801,+	3.227098778266504	2.3799631581703116
hsa-mir-138-2	1.0	7.0	7.0	3.227098778266504	2.3799631581703116	16:hsa;hsa-mir-138-2,56858518,56858601,+	3.227098778266504	2.3799631581703116
hsa-mir-5588	2.0	7.0	7.0	3.227098778266504	2.3799631581703116	3:hsa;hsa-mir-5588,185253210,185253272,-	3.227098778266504	2.3799631581703116
hsa-mir-6803	2.0	7.0	7.0	3.227098778266504	2.3799631581703116	19:hsa;hsa-mir-6803,55245186,55245250,-	3.227098778266504	2.3799631581703116
hsa-mir-643	1.0	7.0	7.0	3.227098778266504	2.3799631581703116	19:hsa;hsa-mir-643,52281797,52281893,+	3.227098778266504	2.3799631581703116
hsa-mir-3179-2	1.0	6.0	0.375	2.7660846670855745	2.0399684212888385	16:hsa;hsa-mir-3179-2,18411894,18411977,-	0.1728802916928484	0.1274980263305524
hsa-mir-2115	1.0	6.0	6.0	2.7660846670855745	2.0399684212888385	3:hsa;hsa-mir-2115,48316360,48316459,-	2.7660846670855745	2.0399684212888385
hsa-mir-1-2	3.0	6.0	3.0	2.7660846670855745	2.0399684212888385	18:hsa;hsa-mir-1-2,21829004,21829088,-	1.3830423335427873	1.0199842106444192
hsa-mir-3942	1.0	6.0	6.0	2.7660846670855745	2.0399684212888385	15:hsa;hsa-mir-3942,35372256,35372364,-	2.7660846670855745	2.0399684212888385
hsa-mir-3179-1	1.0	6.0	0.375	2.7660846670855745	2.0399684212888385	16:hsa;hsa-mir-3179-1,16300159,16300242,+	0.1728802916928484	0.1274980263305524
hsa-mir-3179-1	1.0	6.0	0.375	2.7660846670855745	2.0399684212888385	16:hsa;hsa-mir-3179-1,18494493,18494576,-	0.1728802916928484	0.1274980263305524
hsa-mir-1913	1.0	6.0	6.0	2.7660846670855745	2.0399684212888385	6:hsa;hsa-mir-1913,166509354,166509433,-	2.7660846670855745	2.0399684212888385
hsa-mir-3940	1.0	6.0	6.0	2.7660846670855745	2.0399684212888385	19:hsa;hsa-mir-3940,6416410,6416511,-	2.7660846670855745	2.0399684212888385
hsa-mir-504	3.0	6.0	6.0	2.7660846670855745	2.0399684212888385	X:hsa;hsa-mir-504,138667711,138667793,-	2.7660846670855745	2.0399684212888385
hsa-mir-411	3.0	6.0	6.0	2.7660846670855745	2.0399684212888385	14:hsa;hsa-mir-411,101023325,101023420,+	2.7660846670855745	2.0399684212888385
hsa-mir-3179-4	1.0	6.0	0.375	2.7660846670855745	2.0399684212888385	16:hsa;hsa-mir-3179-4,16300159,16300242,+	0.1728802916928484	0.1274980263305524
hsa-mir-3179-2	1.0	6.0	0.375	2.7660846670855745	2.0399684212888385	16:hsa;hsa-mir-3179-2,16300159,16300242,+	0.1728802916928484	0.1274980263305524
hsa-mir-1343	2.0	6.0	6.0	2.7660846670855745	2.0399684212888385	11:hsa;hsa-mir-1343,34941837,34941920,+	2.7660846670855745	2.0399684212888385
hsa-mir-3179-4	1.0	6.0	0.375	2.7660846670855745	2.0399684212888385	16:hsa;hsa-mir-3179-4,14901508,14901591,+	0.1728802916928484	0.1274980263305524
hsa-mir-3179-4	1.0	6.0	0.375	2.7660846670855745	2.0399684212888385	16:hsa;hsa-mir-3179-4,18411894,18411977,-	0.1728802916928484	0.1274980263305524
hsa-mir-497	1.0	6.0	6.0	2.7660846670855745	2.0399684212888385	17:hsa;hsa-mir-497,7017911,7018022,-	2.7660846670855745	2.0399684212888385
hsa-mir-1-1	3.0	6.0	3.0	2.7660846670855745	2.0399684212888385	20:hsa;hsa-mir-1-1,62554306,62554376,+	1.3830423335427873	1.0199842106444192
hsa-mir-7976	1.0	6.0	6.0	2.7660846670855745	2.0399684212888385	3:hsa;hsa-mir-7976,127587111,127587176,-	2.7660846670855745	2.0399684212888385
hsa-mir-3179-3	1.0	6.0	0.375	2.7660846670855745	2.0399684212888385	16:hsa;hsa-mir-3179-3,14901508,14901591,+	0.1728802916928484	0.1274980263305524
hsa-mir-326	1.0	6.0	6.0	2.7660846670855745	2.0399684212888385	11:hsa;hsa-mir-326,75335092,75335186,-	2.7660846670855745	2.0399684212888385
hsa-mir-4525	1.0	6.0	6.0	2.7660846670855745	2.0399684212888385	17:hsa;hsa-mir-4525,82668233,82668307,-	2.7660846670855745	2.0399684212888385
hsa-mir-6735	2.0	6.0	6.0	2.7660846670855745	2.0399684212888385	1:hsa;hsa-mir-6735,43448539,43448611,+	2.7660846670855745	2.0399684212888385
hsa-mir-3179-1	1.0	6.0	0.375	2.7660846670855745	2.0399684212888385	16:hsa;hsa-mir-3179-1,14901508,14901591,+	0.1728802916928484	0.1274980263305524
hsa-mir-3179-3	1.0	6.0	0.375	2.7660846670855745	2.0399684212888385	16:hsa;hsa-mir-3179-3,18494493,18494576,-	0.1728802916928484	0.1274980263305524
hsa-mir-3179-2	1.0	6.0	0.375	2.7660846670855745	2.0399684212888385	16:hsa;hsa-mir-3179-2,18494493,18494576,-	0.1728802916928484	0.1274980263305524
hsa-mir-944	1.0	6.0	6.0	2.7660846670855745	2.0399684212888385	3:hsa;hsa-mir-944,189829922,189830009,+	2.7660846670855745	2.0399684212888385
hsa-mir-3179-4	1.0	6.0	0.375	2.7660846670855745	2.0399684212888385	16:hsa;hsa-mir-3179-4,18494493,18494576,-	0.1728802916928484	0.1274980263305524
hsa-mir-4721	1.0	6.0	6.0	2.7660846670855745	2.0399684212888385	16:hsa;hsa-mir-4721,28843919,28844007,-	2.7660846670855745	2.0399684212888385
hsa-mir-3179-3	1.0	6.0	0.375	2.7660846670855745	2.0399684212888385	16:hsa;hsa-mir-3179-3,16300159,16300242,+	0.1728802916928484	0.1274980263305524
hsa-mir-708	2.0	6.0	6.0	2.7660846670855745	2.0399684212888385	11:hsa;hsa-mir-708,79402022,79402109,-	2.7660846670855745	2.0399684212888385
hsa-mir-3179-3	1.0	6.0	0.375	2.7660846670855745	2.0399684212888385	16:hsa;hsa-mir-3179-3,18411894,18411977,-	0.1728802916928484	0.1274980263305524
hsa-mir-6777	1.0	6.0	6.0	2.7660846670855745	2.0399684212888385	17:hsa;hsa-mir-6777,17813480,17813545,-	2.7660846670855745	2.0399684212888385
hsa-mir-3179-1	1.0	6.0	0.375	2.7660846670855745	2.0399684212888385	16:hsa;hsa-mir-3179-1,18411894,18411977,-	0.1728802916928484	0.1274980263305524
hsa-mir-3179-2	1.0	6.0	0.375	2.7660846670855745	2.0399684212888385	16:hsa;hsa-mir-3179-2,14901508,14901591,+	0.1728802916928484	0.1274980263305524
hsa-mir-23c	4.0	6.0	3.5	2.7660846670855745	2.0399684212888385	X:hsa;hsa-mir-23c,20017088,20017187,-	1.613549389133252	1.1899815790851558
hsa-mir-433	4.0	5.0	5.0	2.3050705559046456	1.6999736844073654	14:hsa;hsa-mir-433,100881886,100881978,+	2.3050705559046456	1.6999736844073654
hsa-mir-190b	2.0	5.0	5.0	2.3050705559046456	1.6999736844073654	1:hsa;hsa-mir-190b,154193665,154193743,-	2.3050705559046456	1.6999736844073654
hsa-mir-4640	2.0	5.0	5.0	2.3050705559046456	1.6999736844073654	6:hsa;hsa-mir-4640,30890883,30890972,+	2.3050705559046456	1.6999736844073654
hsa-mir-1229	2.0	5.0	5.0	2.3050705559046456	1.6999736844073654	5:hsa;hsa-mir-1229,179798278,179798346,-	2.3050705559046456	1.6999736844073654
hsa-mir-3200	1.0	5.0	5.0	2.3050705559046456	1.6999736844073654	22:hsa;hsa-mir-3200,30731557,30731641,+	2.3050705559046456	1.6999736844073654
hsa-mir-514b	1.0	5.0	5.0	2.3050705559046456	1.6999736844073654	X:hsa;hsa-mir-514b,147250151,147250230,-	2.3050705559046456	1.6999736844073654
hsa-mir-605	1.0	5.0	5.0	2.3050705559046456	1.6999736844073654	10:hsa;hsa-mir-605,51299573,51299655,+	2.3050705559046456	1.6999736844073654
hsa-mir-495	2.0	5.0	5.0	2.3050705559046456	1.6999736844073654	14:hsa;hsa-mir-495,101033755,101033836,+	2.3050705559046456	1.6999736844073654
hsa-mir-4753	1.0	5.0	5.0	2.3050705559046456	1.6999736844073654	1:hsa;hsa-mir-4753,235190034,235190116,-	2.3050705559046456	1.6999736844073654
hsa-mir-145	3.0	5.0	5.0	2.3050705559046456	1.6999736844073654	5:hsa;hsa-mir-145,149430646,149430733,+	2.3050705559046456	1.6999736844073654
hsa-mir-6810	2.0	5.0	5.0	2.3050705559046456	1.6999736844073654	2:hsa;hsa-mir-6810,218341911,218341980,+	2.3050705559046456	1.6999736844073654
hsa-mir-6764	2.0	4.0	4.0	1.8440564447237164	1.3599789475258923	14:hsa;hsa-mir-6764,100277357,100277417,+	1.8440564447237164	1.3599789475258923
hsa-mir-34b	2.0	4.0	4.0	1.8440564447237164	1.3599789475258923	11:hsa;hsa-mir-34b,111512938,111513021,+	1.8440564447237164	1.3599789475258923
hsa-mir-5684	1.0	4.0	4.0	1.8440564447237164	1.3599789475258923	19:hsa;hsa-mir-5684,12787128,12787192,+	1.8440564447237164	1.3599789475258923
hsa-mir-3680-1	1.0	4.0	1.0	1.8440564447237164	1.3599789475258923	16:hsa;hsa-mir-3680-1,29599179,29599265,-	0.4610141111809291	0.3399947368814731
hsa-mir-5699	2.0	4.0	4.0	1.8440564447237164	1.3599789475258923	10:hsa;hsa-mir-5699,641689,641778,-	1.8440564447237164	1.3599789475258923
hsa-mir-329-2	3.0	4.0	2.0	1.8440564447237164	1.3599789475258923	14:hsa;hsa-mir-329-2,101027100,101027183,+	0.9220282223618582	0.6799894737629462
hsa-mir-642a	3.0	4.0	4.0	1.8440564447237164	1.3599789475258923	19:hsa;hsa-mir-642a,45674928,45675024,+	1.8440564447237164	1.3599789475258923
hsa-mir-3680-2	1.0	4.0	1.0	1.8440564447237164	1.3599789475258923	16:hsa;hsa-mir-3680-2,29599179,29599265,-	0.4610141111809291	0.3399947368814731
hsa-mir-6780a	1.0	4.0	4.0	1.8440564447237164	1.3599789475258923	17:hsa;hsa-mir-6780a,42708084,42708151,-	1.8440564447237164	1.3599789475258923
hsa-mir-122	1.0	4.0	4.0	1.8440564447237164	1.3599789475258923	18:hsa;hsa-mir-122,58451074,58451158,+	1.8440564447237164	1.3599789475258923
hsa-mir-3680-1	1.0	4.0	1.0	1.8440564447237164	1.3599789475258923	16:hsa;hsa-mir-3680-1,21506049,21506135,-	0.4610141111809291	0.3399947368814731
hsa-mir-3680-2	1.0	4.0	1.0	1.8440564447237164	1.3599789475258923	16:hsa;hsa-mir-3680-2,21506049,21506135,-	0.4610141111809291	0.3399947368814731
hsa-mir-432	1.0	4.0	4.0	1.8440564447237164	1.3599789475258923	14:hsa;hsa-mir-432,100884483,100884576,+	1.8440564447237164	1.3599789475258923
hsa-mir-329-1	3.0	4.0	2.0	1.8440564447237164	1.3599789475258923	14:hsa;hsa-mir-329-1,101026785,101026864,+	0.9220282223618582	0.6799894737629462
hsa-mir-7113	2.0	4.0	4.0	1.8440564447237164	1.3599789475258923	11:hsa;hsa-mir-7113,68032864,68032922,+	1.8440564447237164	1.3599789475258923
hsa-mir-4324	1.0	4.0	4.0	1.8440564447237164	1.3599789475258923	19:hsa;hsa-mir-4324,49308797,49308868,-	1.8440564447237164	1.3599789475258923
hsa-mir-3152	1.0	4.0	4.0	1.8440564447237164	1.3599789475258923	9:hsa;hsa-mir-3152,18573306,18573379,+	1.8440564447237164	1.3599789475258923
hsa-mir-136	2.0	3.0	3.0	1.3830423335427873	1.0199842106444192	14:hsa;hsa-mir-136,100884702,100884783,+	1.3830423335427873	1.0199842106444192
hsa-mir-3158-2	1.0	3.0	1.5	1.3830423335427873	1.0199842106444192	10:hsa;hsa-mir-3158-2,101601417,101601497,-	0.6915211667713936	0.5099921053222096
hsa-mir-4445	1.0	3.0	3.0	1.3830423335427873	1.0199842106444192	3:hsa;hsa-mir-4445,109602828,109602897,+	1.3830423335427873	1.0199842106444192
hsa-mir-765	1.0	3.0	3.0	1.3830423335427873	1.0199842106444192	1:hsa;hsa-mir-765,156936131,156936244,-	1.3830423335427873	1.0199842106444192
hsa-mir-188	1.0	3.0	3.0	1.3830423335427873	1.0199842106444192	X:hsa;hsa-mir-188,50003503,50003588,+	1.3830423335427873	1.0199842106444192
hsa-mir-6866	1.0	3.0	3.0	1.3830423335427873	1.0199842106444192	17:hsa;hsa-mir-6866,40161933,40162001,+	1.3830423335427873	1.0199842106444192
hsa-mir-4724	1.0	3.0	3.0	1.3830423335427873	1.0199842106444192	17:hsa;hsa-mir-4724,31534883,31534971,+	1.3830423335427873	1.0199842106444192
hsa-mir-4800	1.0	3.0	3.0	1.3830423335427873	1.0199842106444192	4:hsa;hsa-mir-4800,2250077,2250156,-	1.3830423335427873	1.0199842106444192
hsa-mir-4536-2	2.0	3.0	1.5	1.3830423335427873	1.0199842106444192	X:hsa;hsa-mir-4536-2,55451495,55451582,+	0.6915211667713936	0.5099921053222096
hsa-mir-3158-1	1.0	3.0	1.5	1.3830423335427873	1.0199842106444192	10:hsa;hsa-mir-3158-1,101601417,101601497,+	0.6915211667713936	0.5099921053222096
hsa-mir-1276	1.0	3.0	3.0	1.3830423335427873	1.0199842106444192	15:hsa;hsa-mir-1276,85770496,85770578,-	1.3830423335427873	1.0199842106444192
hsa-mir-3145	1.0	3.0	3.0	1.3830423335427873	1.0199842106444192	6:hsa;hsa-mir-3145,138435213,138435294,-	1.3830423335427873	1.0199842106444192
hsa-mir-6883	1.0	3.0	3.0	1.3830423335427873	1.0199842106444192	17:hsa;hsa-mir-6883,8144994,8145071,-	1.3830423335427873	1.0199842106444192
hsa-mir-1256	1.0	3.0	3.0	1.3830423335427873	1.0199842106444192	1:hsa;hsa-mir-1256,20988314,20988432,-	1.3830423335427873	1.0199842106444192
hsa-mir-150	1.0	3.0	3.0	1.3830423335427873	1.0199842106444192	19:hsa;hsa-mir-150,49500785,49500868,-	1.3830423335427873	1.0199842106444192
hsa-mir-4536-1	2.0	3.0	1.5	1.3830423335427873	1.0199842106444192	X:hsa;hsa-mir-4536-1,55451495,55451582,-	0.6915211667713936	0.5099921053222096
hsa-mir-3074	2.0	3.0	3.0	1.3830423335427873	1.0199842106444192	9:hsa;hsa-mir-3074,95086014,95086094,-	1.3830423335427873	1.0199842106444192
hsa-mir-10398	1.0	3.0	3.0	1.3830423335427873	1.0199842106444192	6:hsa;hsa-mir-10398,41733554,41733610,-	1.3830423335427873	1.0199842106444192
hsa-mir-6795	1.0	2.0	2.0	0.9220282223618582	0.6799894737629462	19:hsa;hsa-mir-6795,15179283,15179350,-	0.9220282223618582	0.6799894737629462
hsa-mir-6861	1.0	2.0	2.0	0.9220282223618582	0.6799894737629462	12:hsa;hsa-mir-6861,112163258,112163321,-	0.9220282223618582	0.6799894737629462
hsa-mir-766	2.0	2.0	2.0	0.9220282223618582	0.6799894737629462	X:hsa;hsa-mir-766,119646738,119646848,-	0.9220282223618582	0.6799894737629462
hsa-mir-4647	1.0	2.0	2.0	0.9220282223618582	0.6799894737629462	6:hsa;hsa-mir-4647,44254206,44254285,-	0.9220282223618582	0.6799894737629462
hsa-mir-127	2.0	2.0	2.0	0.9220282223618582	0.6799894737629462	14:hsa;hsa-mir-127,100882979,100883075,+	0.9220282223618582	0.6799894737629462
hsa-mir-4685	1.0	2.0	2.0	0.9220282223618582	0.6799894737629462	10:hsa;hsa-mir-4685,98431292,98431360,-	0.9220282223618582	0.6799894737629462
hsa-mir-376c	1.0	2.0	2.0	0.9220282223618582	0.6799894737629462	14:hsa;hsa-mir-376c,101039690,101039755,+	0.9220282223618582	0.6799894737629462
hsa-mir-33a	1.0	2.0	2.0	0.9220282223618582	0.6799894737629462	22:hsa;hsa-mir-33a,41900944,41901012,+	0.9220282223618582	0.6799894737629462
hsa-mir-4680	1.0	2.0	2.0	0.9220282223618582	0.6799894737629462	10:hsa;hsa-mir-4680,110898090,110898155,+	0.9220282223618582	0.6799894737629462
hsa-mir-449b	1.0	2.0	2.0	0.9220282223618582	0.6799894737629462	5:hsa;hsa-mir-449b,55170646,55170742,-	0.9220282223618582	0.6799894737629462
hsa-mir-6812	1.0	2.0	2.0	0.9220282223618582	0.6799894737629462	20:hsa;hsa-mir-6812,45425510,45425573,+	0.9220282223618582	0.6799894737629462
hsa-mir-6793	1.0	2.0	2.0	0.9220282223618582	0.6799894737629462	19:hsa;hsa-mir-6793,10828973,10829035,+	0.9220282223618582	0.6799894737629462
hsa-mir-664b	1.0	2.0	2.0	0.9220282223618582	0.6799894737629462	X:hsa;hsa-mir-664b,154768596,154768656,+	0.9220282223618582	0.6799894737629462
hsa-mir-4677	1.0	2.0	2.0	0.9220282223618582	0.6799894737629462	1:hsa;hsa-mir-4677,243346176,243346255,+	0.9220282223618582	0.6799894737629462
hsa-mir-6882	1.0	2.0	2.0	0.9220282223618582	0.6799894737629462	15:hsa;hsa-mir-6882,74840642,74840707,-	0.9220282223618582	0.6799894737629462
hsa-mir-4429	2.0	2.0	0.8333333333333333	0.9220282223618582	0.6799894737629462	2:hsa;hsa-mir-4429,11540605,11540677,-	0.38417842598410756	0.28332894740122755
hsa-mir-6761	1.0	2.0	2.0	0.9220282223618582	0.6799894737629462	12:hsa;hsa-mir-6761,111799834,111799905,+	0.9220282223618582	0.6799894737629462
hsa-mir-4433a	1.0	2.0	2.0	0.9220282223618582	0.6799894737629462	2:hsa;hsa-mir-4433a,64340759,64340839,+	0.9220282223618582	0.6799894737629462
hsa-mir-2355	1.0	2.0	2.0	0.9220282223618582	0.6799894737629462	2:hsa;hsa-mir-2355,207109987,207110073,-	0.9220282223618582	0.6799894737629462
hsa-mir-4758	1.0	2.0	2.0	0.9220282223618582	0.6799894737629462	20:hsa;hsa-mir-4758,62332487,62332557,-	0.9220282223618582	0.6799894737629462
hsa-mir-6887	1.0	2.0	2.0	0.9220282223618582	0.6799894737629462	19:hsa;hsa-mir-6887,35122700,35122764,+	0.9220282223618582	0.6799894737629462
hsa-mir-4723	1.0	2.0	2.0	0.9220282223618582	0.6799894737629462	17:hsa;hsa-mir-4723,28360654,28360734,+	0.9220282223618582	0.6799894737629462
hsa-mir-383	1.0	1.0	1.0	0.4610141111809291	0.3399947368814731	8:hsa;hsa-mir-383,14853438,14853510,-	0.4610141111809291	0.3399947368814731
hsa-mir-412	1.0	1.0	1.0	0.4610141111809291	0.3399947368814731	14:hsa;hsa-mir-412,101065447,101065537,+	0.4610141111809291	0.3399947368814731
hsa-mir-940	1.0	1.0	1.0	0.4610141111809291	0.3399947368814731	16:hsa;hsa-mir-940,2271747,2271840,+	0.4610141111809291	0.3399947368814731
hsa-mir-7977	1.0	1.0	1.0	0.4610141111809291	0.3399947368814731	3:hsa;hsa-mir-7977,176515103,176515151,+	0.4610141111809291	0.3399947368814731
hsa-mir-937	1.0	1.0	1.0	0.4610141111809291	0.3399947368814731	8:hsa;hsa-mir-937,143812957,143813042,-	0.4610141111809291	0.3399947368814731
hsa-mir-3189	1.0	1.0	1.0	0.4610141111809291	0.3399947368814731	19:hsa;hsa-mir-3189,18386562,18386634,+	0.4610141111809291	0.3399947368814731
hsa-mir-490	1.0	1.0	1.0	0.4610141111809291	0.3399947368814731	7:hsa;hsa-mir-490,136903167,136903294,+	0.4610141111809291	0.3399947368814731
hsa-mir-212	1.0	1.0	1.0	0.4610141111809291	0.3399947368814731	17:hsa;hsa-mir-212,2050271,2050380,-	0.4610141111809291	0.3399947368814731
hsa-mir-767	1.0	1.0	1.0	0.4610141111809291	0.3399947368814731	X:hsa;hsa-mir-767,152393421,152393529,-	0.4610141111809291	0.3399947368814731
hsa-mir-548o-2	1.0	1.0	0.5	0.4610141111809291	0.3399947368814731	20:hsa;hsa-mir-548o-2,38516563,38516632,+	0.23050705559046455	0.16999736844073654
hsa-mir-548o	1.0	1.0	0.5	0.4610141111809291	0.3399947368814731	7:hsa;hsa-mir-548o,102405742,102405855,-	0.23050705559046455	0.16999736844073654
hsa-mir-873	1.0	1.0	1.0	0.4610141111809291	0.3399947368814731	9:hsa;hsa-mir-873,28888879,28888955,-	0.4610141111809291	0.3399947368814731
hsa-mir-6730	1.0	1.0	1.0	0.4610141111809291	0.3399947368814731	1:hsa;hsa-mir-6730,12578957,12579023,-	0.4610141111809291	0.3399947368814731
hsa-mir-1305	1.0	1.0	1.0	0.4610141111809291	0.3399947368814731	4:hsa;hsa-mir-1305,182169293,182169378,+	0.4610141111809291	0.3399947368814731
hsa-mir-133a-2	1.0	1.0	0.5	0.4610141111809291	0.3399947368814731	20:hsa;hsa-mir-133a-2,62564912,62565013,+	0.23050705559046455	0.16999736844073654
hsa-mir-6763	1.0	1.0	1.0	0.4610141111809291	0.3399947368814731	12:hsa;hsa-mir-6763,132581997,132582061,+	0.4610141111809291	0.3399947368814731
hsa-mir-3174	1.0	1.0	1.0	0.4610141111809291	0.3399947368814731	15:hsa;hsa-mir-3174,90006755,90006841,+	0.4610141111809291	0.3399947368814731
hsa-mir-323b	1.0	1.0	1.0	0.4610141111809291	0.3399947368814731	14:hsa;hsa-mir-323b,101056219,101056300,+	0.4610141111809291	0.3399947368814731
hsa-mir-431	1.0	1.0	1.0	0.4610141111809291	0.3399947368814731	14:hsa;hsa-mir-431,100881007,100881120,+	0.4610141111809291	0.3399947368814731
hsa-mir-1323	1.0	1.0	1.0	0.4610141111809291	0.3399947368814731	19:hsa;hsa-mir-1323,53671968,53672040,+	0.4610141111809291	0.3399947368814731
hsa-mir-378g	1.0	1.0	1.0	0.4610141111809291	0.3399947368814731	1:hsa;hsa-mir-378g,94745860,94745900,-	0.4610141111809291	0.3399947368814731
hsa-mir-539	1.0	1.0	1.0	0.4610141111809291	0.3399947368814731	14:hsa;hsa-mir-539,101047321,101047398,+	0.4610141111809291	0.3399947368814731
hsa-mir-559	1.0	1.0	1.0	0.4610141111809291	0.3399947368814731	2:hsa;hsa-mir-559,47377675,47377770,+	0.4610141111809291	0.3399947368814731
hsa-mir-133a-1	1.0	1.0	0.5	0.4610141111809291	0.3399947368814731	18:hsa;hsa-mir-133a-1,21825698,21825785,-	0.23050705559046455	0.16999736844073654
hsa-mir-6134	1.0	1.0	1.0	0.4610141111809291	0.3399947368814731	X:hsa;hsa-mir-6134,28495555,28495663,-	0.4610141111809291	0.3399947368814731
hsa-mir-1262	1.0	1.0	1.0	0.4610141111809291	0.3399947368814731	1:hsa;hsa-mir-1262,68183518,68183610,-	0.4610141111809291	0.3399947368814731
hsa-mir-616	1.0	1.0	1.0	0.4610141111809291	0.3399947368814731	12:hsa;hsa-mir-616,57519163,57519259,-	0.4610141111809291	0.3399947368814731
hsa-mir-654	1.0	1.0	1.0	0.4610141111809291	0.3399947368814731	14:hsa;hsa-mir-654,101040219,101040299,+	0.4610141111809291	0.3399947368814731
